-- MariaDB dump 10.19  Distrib 10.5.10-MariaDB, for Linux (x86_64)
--
-- Host: 127.0.0.1    Database: flare
-- ------------------------------------------------------
-- Server version	10.5.10-MariaDB

/*!40101 SET @OLD_CHARACTER_SET_CLIENT=@@CHARACTER_SET_CLIENT */;
/*!40101 SET @OLD_CHARACTER_SET_RESULTS=@@CHARACTER_SET_RESULTS */;
/*!40101 SET @OLD_COLLATION_CONNECTION=@@COLLATION_CONNECTION */;
/*!40101 SET NAMES utf8 */;
/*!40103 SET @OLD_TIME_ZONE=@@TIME_ZONE */;
/*!40103 SET TIME_ZONE='+00:00' */;
/*!40014 SET @OLD_UNIQUE_CHECKS=@@UNIQUE_CHECKS, UNIQUE_CHECKS=0 */;
/*!40014 SET @OLD_FOREIGN_KEY_CHECKS=@@FOREIGN_KEY_CHECKS, FOREIGN_KEY_CHECKS=0 */;
/*!40101 SET @OLD_SQL_MODE=@@SQL_MODE, SQL_MODE='NO_AUTO_VALUE_ON_ZERO' */;
/*!40111 SET @OLD_SQL_NOTES=@@SQL_NOTES, SQL_NOTES=0 */;

--
-- Table structure for table `ccsf_assetindexdata`
--

DROP TABLE IF EXISTS `ccsf_assetindexdata`;
/*!40101 SET @saved_cs_client     = @@character_set_client */;
/*!40101 SET character_set_client = utf8 */;
CREATE TABLE `ccsf_assetindexdata` (
  `id` int(11) NOT NULL AUTO_INCREMENT,
  `sessionId` varchar(36) COLLATE utf8_unicode_ci NOT NULL DEFAULT '',
  `volumeId` int(11) NOT NULL,
  `uri` text COLLATE utf8_unicode_ci DEFAULT NULL,
  `size` bigint(20) unsigned DEFAULT NULL,
  `timestamp` datetime DEFAULT NULL,
  `recordId` int(11) DEFAULT NULL,
  `inProgress` tinyint(1) DEFAULT 0,
  `completed` tinyint(1) DEFAULT 0,
  `dateCreated` datetime NOT NULL,
  `dateUpdated` datetime NOT NULL,
  `uid` char(36) COLLATE utf8_unicode_ci NOT NULL DEFAULT '0',
  PRIMARY KEY (`id`),
  KEY `ccsf_idx_zctrsiveiuoonogbfkyycqkspkaaodcumgaw` (`sessionId`,`volumeId`),
  KEY `ccsf_idx_thxbxfehqdbkuvuatqluothillxlpwtqnisc` (`volumeId`),
  CONSTRAINT `ccsf_fk_ddsvxwdqrgrkuajeeveufmrqufdxmogircyq` FOREIGN KEY (`volumeId`) REFERENCES `ccsf_volumes` (`id`) ON DELETE CASCADE
) ENGINE=InnoDB DEFAULT CHARSET=utf8 COLLATE=utf8_unicode_ci;
/*!40101 SET character_set_client = @saved_cs_client */;

--
-- Table structure for table `ccsf_assets`
--

DROP TABLE IF EXISTS `ccsf_assets`;
/*!40101 SET @saved_cs_client     = @@character_set_client */;
/*!40101 SET character_set_client = utf8 */;
CREATE TABLE `ccsf_assets` (
  `id` int(11) NOT NULL,
  `volumeId` int(11) DEFAULT NULL,
  `folderId` int(11) NOT NULL,
  `uploaderId` int(11) DEFAULT NULL,
  `filename` varchar(255) COLLATE utf8_unicode_ci NOT NULL,
  `kind` varchar(50) COLLATE utf8_unicode_ci NOT NULL DEFAULT 'unknown',
  `width` int(11) unsigned DEFAULT NULL,
  `height` int(11) unsigned DEFAULT NULL,
  `size` bigint(20) unsigned DEFAULT NULL,
  `focalPoint` varchar(13) COLLATE utf8_unicode_ci DEFAULT NULL,
  `deletedWithVolume` tinyint(1) DEFAULT NULL,
  `keptFile` tinyint(1) DEFAULT NULL,
  `dateModified` datetime DEFAULT NULL,
  `dateCreated` datetime NOT NULL,
  `dateUpdated` datetime NOT NULL,
  `uid` char(36) COLLATE utf8_unicode_ci NOT NULL DEFAULT '0',
  PRIMARY KEY (`id`),
  KEY `ccsf_idx_flvbctitjlxtttjmeysnzhezablwwqfqzrwk` (`filename`,`folderId`),
  KEY `ccsf_idx_zmgbuymxvcjklxujffibtiwnhxouimpwxjkn` (`folderId`),
  KEY `ccsf_idx_ykjgfqcjmidkeurueirmytowirnvfgkhtace` (`volumeId`),
  KEY `ccsf_fk_tybihutfgtblfkuzzedlccepncbdxdkzwxws` (`uploaderId`),
  CONSTRAINT `ccsf_fk_bahkdcnlwewbfoddxjrrupucwwbxvvrfwlps` FOREIGN KEY (`id`) REFERENCES `ccsf_elements` (`id`) ON DELETE CASCADE,
  CONSTRAINT `ccsf_fk_dqprbhzhmknvzrefeuhyscaolbrnisfxkrta` FOREIGN KEY (`folderId`) REFERENCES `ccsf_volumefolders` (`id`) ON DELETE CASCADE,
  CONSTRAINT `ccsf_fk_mmoknmdkhpalswngznefmmrlyqbyvkzoxecu` FOREIGN KEY (`volumeId`) REFERENCES `ccsf_volumes` (`id`) ON DELETE CASCADE,
  CONSTRAINT `ccsf_fk_tybihutfgtblfkuzzedlccepncbdxdkzwxws` FOREIGN KEY (`uploaderId`) REFERENCES `ccsf_users` (`id`) ON DELETE SET NULL
) ENGINE=InnoDB DEFAULT CHARSET=utf8 COLLATE=utf8_unicode_ci;
/*!40101 SET character_set_client = @saved_cs_client */;

--
-- Table structure for table `ccsf_assettransformindex`
--

DROP TABLE IF EXISTS `ccsf_assettransformindex`;
/*!40101 SET @saved_cs_client     = @@character_set_client */;
/*!40101 SET character_set_client = utf8 */;
CREATE TABLE `ccsf_assettransformindex` (
  `id` int(11) NOT NULL AUTO_INCREMENT,
  `assetId` int(11) NOT NULL,
  `filename` varchar(255) COLLATE utf8_unicode_ci DEFAULT NULL,
  `format` varchar(255) COLLATE utf8_unicode_ci DEFAULT NULL,
  `location` varchar(255) COLLATE utf8_unicode_ci NOT NULL,
  `volumeId` int(11) DEFAULT NULL,
  `fileExists` tinyint(1) NOT NULL DEFAULT 0,
  `inProgress` tinyint(1) NOT NULL DEFAULT 0,
  `error` tinyint(1) NOT NULL DEFAULT 0,
  `dateIndexed` datetime DEFAULT NULL,
  `dateCreated` datetime NOT NULL,
  `dateUpdated` datetime NOT NULL,
  `uid` char(36) COLLATE utf8_unicode_ci NOT NULL DEFAULT '0',
  PRIMARY KEY (`id`),
  KEY `ccsf_idx_pgetbzcpxlflnvvvuryfcdqcqefvbyqzuhzd` (`volumeId`,`assetId`,`location`)
) ENGINE=InnoDB AUTO_INCREMENT=2 DEFAULT CHARSET=utf8 COLLATE=utf8_unicode_ci;
/*!40101 SET character_set_client = @saved_cs_client */;

--
-- Table structure for table `ccsf_assettransforms`
--

DROP TABLE IF EXISTS `ccsf_assettransforms`;
/*!40101 SET @saved_cs_client     = @@character_set_client */;
/*!40101 SET character_set_client = utf8 */;
CREATE TABLE `ccsf_assettransforms` (
  `id` int(11) NOT NULL AUTO_INCREMENT,
  `name` varchar(255) COLLATE utf8_unicode_ci NOT NULL,
  `handle` varchar(255) COLLATE utf8_unicode_ci NOT NULL,
  `mode` enum('stretch','fit','crop') COLLATE utf8_unicode_ci NOT NULL DEFAULT 'crop',
  `position` enum('top-left','top-center','top-right','center-left','center-center','center-right','bottom-left','bottom-center','bottom-right') COLLATE utf8_unicode_ci NOT NULL DEFAULT 'center-center',
  `width` int(11) unsigned DEFAULT NULL,
  `height` int(11) unsigned DEFAULT NULL,
  `format` varchar(255) COLLATE utf8_unicode_ci DEFAULT NULL,
  `quality` int(11) DEFAULT NULL,
  `interlace` enum('none','line','plane','partition') COLLATE utf8_unicode_ci NOT NULL DEFAULT 'none',
  `dimensionChangeTime` datetime DEFAULT NULL,
  `dateCreated` datetime NOT NULL,
  `dateUpdated` datetime NOT NULL,
  `uid` char(36) COLLATE utf8_unicode_ci NOT NULL DEFAULT '0',
  PRIMARY KEY (`id`),
  KEY `ccsf_idx_jdlpsygmokwzmdwurviqaoherxypbgroglcg` (`name`),
  KEY `ccsf_idx_ksgeyieryllkmfycdwqybotgpfaijvlcyytf` (`handle`)
) ENGINE=InnoDB DEFAULT CHARSET=utf8 COLLATE=utf8_unicode_ci;
/*!40101 SET character_set_client = @saved_cs_client */;

--
-- Table structure for table `ccsf_categories`
--

DROP TABLE IF EXISTS `ccsf_categories`;
/*!40101 SET @saved_cs_client     = @@character_set_client */;
/*!40101 SET character_set_client = utf8 */;
CREATE TABLE `ccsf_categories` (
  `id` int(11) NOT NULL,
  `groupId` int(11) NOT NULL,
  `parentId` int(11) DEFAULT NULL,
  `deletedWithGroup` tinyint(1) DEFAULT NULL,
  `dateCreated` datetime NOT NULL,
  `dateUpdated` datetime NOT NULL,
  `uid` char(36) COLLATE utf8_unicode_ci NOT NULL DEFAULT '0',
  PRIMARY KEY (`id`),
  KEY `ccsf_idx_ftqohrcfhscblmtfoqpmwqsjdmeazrkvdroj` (`groupId`),
  KEY `ccsf_fk_piecuulkuptaubpgpkxyuaqjyrhurgofabpy` (`parentId`),
  CONSTRAINT `ccsf_fk_clmqthhkkmbueyznzhjtrimpvmeaveludsea` FOREIGN KEY (`id`) REFERENCES `ccsf_elements` (`id`) ON DELETE CASCADE,
  CONSTRAINT `ccsf_fk_piecuulkuptaubpgpkxyuaqjyrhurgofabpy` FOREIGN KEY (`parentId`) REFERENCES `ccsf_categories` (`id`) ON DELETE SET NULL,
  CONSTRAINT `ccsf_fk_sycdnnilkbevkfxqhvpgtyorqgqrqsimvutx` FOREIGN KEY (`groupId`) REFERENCES `ccsf_categorygroups` (`id`) ON DELETE CASCADE
) ENGINE=InnoDB DEFAULT CHARSET=utf8 COLLATE=utf8_unicode_ci;
/*!40101 SET character_set_client = @saved_cs_client */;

--
-- Table structure for table `ccsf_categorygroups`
--

DROP TABLE IF EXISTS `ccsf_categorygroups`;
/*!40101 SET @saved_cs_client     = @@character_set_client */;
/*!40101 SET character_set_client = utf8 */;
CREATE TABLE `ccsf_categorygroups` (
  `id` int(11) NOT NULL AUTO_INCREMENT,
  `structureId` int(11) NOT NULL,
  `fieldLayoutId` int(11) DEFAULT NULL,
  `name` varchar(255) COLLATE utf8_unicode_ci NOT NULL,
  `handle` varchar(255) COLLATE utf8_unicode_ci NOT NULL,
  `dateCreated` datetime NOT NULL,
  `dateUpdated` datetime NOT NULL,
  `dateDeleted` datetime DEFAULT NULL,
  `uid` char(36) COLLATE utf8_unicode_ci NOT NULL DEFAULT '0',
  PRIMARY KEY (`id`),
  KEY `ccsf_idx_cbjnydqrplpltynxsqfsggwpxqslswxgupfk` (`name`),
  KEY `ccsf_idx_ofgbqjubqdjbkllsboaxxrgupyhqxisfsybr` (`handle`),
  KEY `ccsf_idx_sthafianbisosszbruwrytmcjgruqfipiahr` (`structureId`),
  KEY `ccsf_idx_tszocvivkhqkqyhasqaoxdpmcfhbyypnjxrd` (`fieldLayoutId`),
  KEY `ccsf_idx_jxlekvxslnjbzmefbntssgnjtssbyatyqwoj` (`dateDeleted`),
  CONSTRAINT `ccsf_fk_ffanabuhzrxfudxjgceqgtpnobbmkdxsljfy` FOREIGN KEY (`fieldLayoutId`) REFERENCES `ccsf_fieldlayouts` (`id`) ON DELETE SET NULL,
  CONSTRAINT `ccsf_fk_yrglhlxajbteuigvaxjtciblsmelxvxjtzyp` FOREIGN KEY (`structureId`) REFERENCES `ccsf_structures` (`id`) ON DELETE CASCADE
) ENGINE=InnoDB AUTO_INCREMENT=2 DEFAULT CHARSET=utf8 COLLATE=utf8_unicode_ci;
/*!40101 SET character_set_client = @saved_cs_client */;

--
-- Table structure for table `ccsf_categorygroups_sites`
--

DROP TABLE IF EXISTS `ccsf_categorygroups_sites`;
/*!40101 SET @saved_cs_client     = @@character_set_client */;
/*!40101 SET character_set_client = utf8 */;
CREATE TABLE `ccsf_categorygroups_sites` (
  `id` int(11) NOT NULL AUTO_INCREMENT,
  `groupId` int(11) NOT NULL,
  `siteId` int(11) NOT NULL,
  `hasUrls` tinyint(1) NOT NULL DEFAULT 1,
  `uriFormat` text COLLATE utf8_unicode_ci DEFAULT NULL,
  `template` varchar(500) COLLATE utf8_unicode_ci DEFAULT NULL,
  `dateCreated` datetime NOT NULL,
  `dateUpdated` datetime NOT NULL,
  `uid` char(36) COLLATE utf8_unicode_ci NOT NULL DEFAULT '0',
  PRIMARY KEY (`id`),
  UNIQUE KEY `ccsf_idx_yezwulziihjlapgjmaocdrpbhfggdbqkdldv` (`groupId`,`siteId`),
  KEY `ccsf_idx_qvvggbbwezzdzfpyxgmwttekmtvvhglrctlc` (`siteId`),
  CONSTRAINT `ccsf_fk_gddxequxmoohcigaewlcwaxttzmygmquiahu` FOREIGN KEY (`groupId`) REFERENCES `ccsf_categorygroups` (`id`) ON DELETE CASCADE,
  CONSTRAINT `ccsf_fk_nbiddmkovizfwqgesfyyytcwebhjfhxilgrh` FOREIGN KEY (`siteId`) REFERENCES `ccsf_sites` (`id`) ON DELETE CASCADE ON UPDATE CASCADE
) ENGINE=InnoDB AUTO_INCREMENT=2 DEFAULT CHARSET=utf8 COLLATE=utf8_unicode_ci;
/*!40101 SET character_set_client = @saved_cs_client */;

--
-- Table structure for table `ccsf_changedattributes`
--

DROP TABLE IF EXISTS `ccsf_changedattributes`;
/*!40101 SET @saved_cs_client     = @@character_set_client */;
/*!40101 SET character_set_client = utf8 */;
CREATE TABLE `ccsf_changedattributes` (
  `elementId` int(11) NOT NULL,
  `siteId` int(11) NOT NULL,
  `attribute` varchar(255) COLLATE utf8_unicode_ci NOT NULL,
  `dateUpdated` datetime NOT NULL,
  `propagated` tinyint(1) NOT NULL,
  `userId` int(11) DEFAULT NULL,
  PRIMARY KEY (`elementId`,`siteId`,`attribute`),
  KEY `ccsf_idx_vxkjxtwrsijsnpvokfrerpnrbcwyouodkqwm` (`elementId`,`siteId`,`dateUpdated`),
  KEY `ccsf_fk_nixbtssxzmkzcmnkflocaridtoaefpwiyqwn` (`siteId`),
  KEY `ccsf_fk_wwjzlhrwolrarazywponbevzaujrwsfrfypb` (`userId`),
  CONSTRAINT `ccsf_fk_nixbtssxzmkzcmnkflocaridtoaefpwiyqwn` FOREIGN KEY (`siteId`) REFERENCES `ccsf_sites` (`id`) ON DELETE CASCADE ON UPDATE CASCADE,
  CONSTRAINT `ccsf_fk_ucwdwouxpwbsaolshgoojcueoywvmilivqcq` FOREIGN KEY (`elementId`) REFERENCES `ccsf_elements` (`id`) ON DELETE CASCADE ON UPDATE CASCADE,
  CONSTRAINT `ccsf_fk_wwjzlhrwolrarazywponbevzaujrwsfrfypb` FOREIGN KEY (`userId`) REFERENCES `ccsf_users` (`id`) ON DELETE SET NULL ON UPDATE CASCADE
) ENGINE=InnoDB DEFAULT CHARSET=utf8 COLLATE=utf8_unicode_ci;
/*!40101 SET character_set_client = @saved_cs_client */;

--
-- Table structure for table `ccsf_changedfields`
--

DROP TABLE IF EXISTS `ccsf_changedfields`;
/*!40101 SET @saved_cs_client     = @@character_set_client */;
/*!40101 SET character_set_client = utf8 */;
CREATE TABLE `ccsf_changedfields` (
  `elementId` int(11) NOT NULL,
  `siteId` int(11) NOT NULL,
  `fieldId` int(11) NOT NULL,
  `dateUpdated` datetime NOT NULL,
  `propagated` tinyint(1) NOT NULL,
  `userId` int(11) DEFAULT NULL,
  PRIMARY KEY (`elementId`,`siteId`,`fieldId`),
  KEY `ccsf_idx_japcpoxiqfmjzviafmuonqfnqmuikjhmuzhk` (`elementId`,`siteId`,`dateUpdated`),
  KEY `ccsf_fk_micxpluwfymzujvvfdpakjknytnnygoknrvq` (`siteId`),
  KEY `ccsf_fk_dfarbnhscvokgaotjmnputafecfefbnrodjt` (`fieldId`),
  KEY `ccsf_fk_uoczjnvprtohhmhrqgfddfiplroaaxcoebmx` (`userId`),
  CONSTRAINT `ccsf_fk_dfarbnhscvokgaotjmnputafecfefbnrodjt` FOREIGN KEY (`fieldId`) REFERENCES `ccsf_fields` (`id`) ON DELETE CASCADE ON UPDATE CASCADE,
  CONSTRAINT `ccsf_fk_micxpluwfymzujvvfdpakjknytnnygoknrvq` FOREIGN KEY (`siteId`) REFERENCES `ccsf_sites` (`id`) ON DELETE CASCADE ON UPDATE CASCADE,
  CONSTRAINT `ccsf_fk_nqkqzgvqwgwqtegetpkabjdbujvwmifrrycv` FOREIGN KEY (`elementId`) REFERENCES `ccsf_elements` (`id`) ON DELETE CASCADE ON UPDATE CASCADE,
  CONSTRAINT `ccsf_fk_uoczjnvprtohhmhrqgfddfiplroaaxcoebmx` FOREIGN KEY (`userId`) REFERENCES `ccsf_users` (`id`) ON DELETE SET NULL ON UPDATE CASCADE
) ENGINE=InnoDB DEFAULT CHARSET=utf8 COLLATE=utf8_unicode_ci;
/*!40101 SET character_set_client = @saved_cs_client */;

--
-- Table structure for table `ccsf_content`
--

DROP TABLE IF EXISTS `ccsf_content`;
/*!40101 SET @saved_cs_client     = @@character_set_client */;
/*!40101 SET character_set_client = utf8 */;
CREATE TABLE `ccsf_content` (
  `id` int(11) NOT NULL AUTO_INCREMENT,
  `elementId` int(11) NOT NULL,
  `siteId` int(11) NOT NULL,
  `title` varchar(255) COLLATE utf8_unicode_ci DEFAULT NULL,
  `dateCreated` datetime NOT NULL,
  `dateUpdated` datetime NOT NULL,
  `uid` char(36) COLLATE utf8_unicode_ci NOT NULL DEFAULT '0',
  `field_caption` text COLLATE utf8_unicode_ci DEFAULT NULL,
  `field_hyperlink` varchar(255) COLLATE utf8_unicode_ci DEFAULT NULL,
  `field_description` text COLLATE utf8_unicode_ci DEFAULT NULL,
  PRIMARY KEY (`id`),
  UNIQUE KEY `ccsf_idx_wechqrihevnqlxgnjvzazdetmziinwpcmnmw` (`elementId`,`siteId`),
  KEY `ccsf_idx_jrtxfmibvzwvagnneagwnykzzxirxptoqibq` (`siteId`),
  KEY `ccsf_idx_bykkjnuygvlqgbxbhpjzsadxvspjdefywcqb` (`title`),
  CONSTRAINT `ccsf_fk_ldtgvojdtdcbomorrjlyeqaepboppaxjldtv` FOREIGN KEY (`elementId`) REFERENCES `ccsf_elements` (`id`) ON DELETE CASCADE,
  CONSTRAINT `ccsf_fk_vkqppjfuicghqrsmrdudmcczcaqcazfrpjny` FOREIGN KEY (`siteId`) REFERENCES `ccsf_sites` (`id`) ON DELETE CASCADE ON UPDATE CASCADE
) ENGINE=InnoDB AUTO_INCREMENT=140 DEFAULT CHARSET=utf8 COLLATE=utf8_unicode_ci;
/*!40101 SET character_set_client = @saved_cs_client */;

--
-- Table structure for table `ccsf_craftidtokens`
--

DROP TABLE IF EXISTS `ccsf_craftidtokens`;
/*!40101 SET @saved_cs_client     = @@character_set_client */;
/*!40101 SET character_set_client = utf8 */;
CREATE TABLE `ccsf_craftidtokens` (
  `id` int(11) NOT NULL AUTO_INCREMENT,
  `userId` int(11) NOT NULL,
  `accessToken` text COLLATE utf8_unicode_ci NOT NULL,
  `expiryDate` datetime DEFAULT NULL,
  `dateCreated` datetime NOT NULL,
  `dateUpdated` datetime NOT NULL,
  `uid` char(36) COLLATE utf8_unicode_ci NOT NULL DEFAULT '0',
  PRIMARY KEY (`id`),
  KEY `ccsf_fk_vjwuzymnunzmfxuycnrnvlrcibxyxnbktvyv` (`userId`),
  CONSTRAINT `ccsf_fk_vjwuzymnunzmfxuycnrnvlrcibxyxnbktvyv` FOREIGN KEY (`userId`) REFERENCES `ccsf_users` (`id`) ON DELETE CASCADE
) ENGINE=InnoDB DEFAULT CHARSET=utf8 COLLATE=utf8_unicode_ci;
/*!40101 SET character_set_client = @saved_cs_client */;

--
-- Table structure for table `ccsf_deprecationerrors`
--

DROP TABLE IF EXISTS `ccsf_deprecationerrors`;
/*!40101 SET @saved_cs_client     = @@character_set_client */;
/*!40101 SET character_set_client = utf8 */;
CREATE TABLE `ccsf_deprecationerrors` (
  `id` int(11) NOT NULL AUTO_INCREMENT,
  `key` varchar(255) COLLATE utf8_unicode_ci NOT NULL,
  `fingerprint` varchar(255) COLLATE utf8_unicode_ci NOT NULL,
  `lastOccurrence` datetime NOT NULL,
  `file` varchar(255) COLLATE utf8_unicode_ci NOT NULL,
  `line` smallint(6) unsigned DEFAULT NULL,
  `message` text COLLATE utf8_unicode_ci DEFAULT NULL,
  `traces` text COLLATE utf8_unicode_ci DEFAULT NULL,
  `dateCreated` datetime NOT NULL,
  `dateUpdated` datetime NOT NULL,
  `uid` char(36) COLLATE utf8_unicode_ci NOT NULL DEFAULT '0',
  PRIMARY KEY (`id`),
  UNIQUE KEY `ccsf_idx_okyymrkylllvbhnfozljsriowozzaujywlyx` (`key`,`fingerprint`)
) ENGINE=InnoDB AUTO_INCREMENT=23 DEFAULT CHARSET=utf8 COLLATE=utf8_unicode_ci;
/*!40101 SET character_set_client = @saved_cs_client */;

--
-- Table structure for table `ccsf_drafts`
--

DROP TABLE IF EXISTS `ccsf_drafts`;
/*!40101 SET @saved_cs_client     = @@character_set_client */;
/*!40101 SET character_set_client = utf8 */;
CREATE TABLE `ccsf_drafts` (
  `id` int(11) NOT NULL AUTO_INCREMENT,
  `sourceId` int(11) DEFAULT NULL,
  `creatorId` int(11) DEFAULT NULL,
  `name` varchar(255) COLLATE utf8_unicode_ci NOT NULL,
  `notes` text COLLATE utf8_unicode_ci DEFAULT NULL,
  `trackChanges` tinyint(1) NOT NULL DEFAULT 0,
  `dateLastMerged` datetime DEFAULT NULL,
  `saved` tinyint(1) NOT NULL DEFAULT 1,
  PRIMARY KEY (`id`),
  KEY `ccsf_idx_xhyabhtmqpygmuurgyitetodgciedekcbvck` (`saved`),
  KEY `ccsf_fk_aalpfiqzbcylgiswidshxnjovwjradhegahg` (`creatorId`),
  KEY `ccsf_fk_mivfjsxaydfcffmuacteuwjlvqzyvdlbyflg` (`sourceId`),
  CONSTRAINT `ccsf_fk_aalpfiqzbcylgiswidshxnjovwjradhegahg` FOREIGN KEY (`creatorId`) REFERENCES `ccsf_users` (`id`) ON DELETE SET NULL,
  CONSTRAINT `ccsf_fk_mivfjsxaydfcffmuacteuwjlvqzyvdlbyflg` FOREIGN KEY (`sourceId`) REFERENCES `ccsf_elements` (`id`) ON DELETE CASCADE
) ENGINE=InnoDB AUTO_INCREMENT=9 DEFAULT CHARSET=utf8 COLLATE=utf8_unicode_ci;
/*!40101 SET character_set_client = @saved_cs_client */;

--
-- Table structure for table `ccsf_elementindexsettings`
--

DROP TABLE IF EXISTS `ccsf_elementindexsettings`;
/*!40101 SET @saved_cs_client     = @@character_set_client */;
/*!40101 SET character_set_client = utf8 */;
CREATE TABLE `ccsf_elementindexsettings` (
  `id` int(11) NOT NULL AUTO_INCREMENT,
  `type` varchar(255) COLLATE utf8_unicode_ci NOT NULL,
  `settings` text COLLATE utf8_unicode_ci DEFAULT NULL,
  `dateCreated` datetime NOT NULL,
  `dateUpdated` datetime NOT NULL,
  `uid` char(36) COLLATE utf8_unicode_ci NOT NULL DEFAULT '0',
  PRIMARY KEY (`id`),
  UNIQUE KEY `ccsf_idx_huhijpjxbxtvmlwduyyxnducqekqwzcteqqp` (`type`)
) ENGINE=InnoDB DEFAULT CHARSET=utf8 COLLATE=utf8_unicode_ci;
/*!40101 SET character_set_client = @saved_cs_client */;

--
-- Table structure for table `ccsf_elements`
--

DROP TABLE IF EXISTS `ccsf_elements`;
/*!40101 SET @saved_cs_client     = @@character_set_client */;
/*!40101 SET character_set_client = utf8 */;
CREATE TABLE `ccsf_elements` (
  `id` int(11) NOT NULL AUTO_INCREMENT,
  `draftId` int(11) DEFAULT NULL,
  `revisionId` int(11) DEFAULT NULL,
  `fieldLayoutId` int(11) DEFAULT NULL,
  `type` varchar(255) COLLATE utf8_unicode_ci NOT NULL,
  `enabled` tinyint(1) NOT NULL DEFAULT 1,
  `archived` tinyint(1) NOT NULL DEFAULT 0,
  `dateCreated` datetime NOT NULL,
  `dateUpdated` datetime NOT NULL,
  `dateDeleted` datetime DEFAULT NULL,
  `uid` char(36) COLLATE utf8_unicode_ci NOT NULL DEFAULT '0',
  PRIMARY KEY (`id`),
  KEY `ccsf_idx_jyjigvkgwqelbxjjxgavmfbvjnahydhmcbmk` (`dateDeleted`),
  KEY `ccsf_idx_eydyqsgfpnehicwdwsrnxrvwwnbnujbagfrs` (`fieldLayoutId`),
  KEY `ccsf_idx_yxjgdewljautzeolsthaliutmftevngxency` (`type`),
  KEY `ccsf_idx_iyvwkiupidebfzbwbafilzhucmqfnwumeyha` (`enabled`),
  KEY `ccsf_idx_tsgmrkmigsolzgfoqmpysxicixfbfmkbdshr` (`archived`,`dateCreated`),
  KEY `ccsf_idx_pinijeljulbaugbccjnfsfabdgwxvgpdhlpi` (`archived`,`dateDeleted`,`draftId`,`revisionId`),
  KEY `ccsf_fk_fiwcqdwoguphgxpzpzusxymignqdshmaczxh` (`draftId`),
  KEY `ccsf_fk_rijlzbvimyflsziofquilyquqntlreufyjfi` (`revisionId`),
  CONSTRAINT `ccsf_fk_fiwcqdwoguphgxpzpzusxymignqdshmaczxh` FOREIGN KEY (`draftId`) REFERENCES `ccsf_drafts` (`id`) ON DELETE CASCADE,
  CONSTRAINT `ccsf_fk_rijlzbvimyflsziofquilyquqntlreufyjfi` FOREIGN KEY (`revisionId`) REFERENCES `ccsf_revisions` (`id`) ON DELETE CASCADE,
  CONSTRAINT `ccsf_fk_swynxnwpffhijgyyxsgmdcxafrkxbcrryxbo` FOREIGN KEY (`fieldLayoutId`) REFERENCES `ccsf_fieldlayouts` (`id`) ON DELETE SET NULL
) ENGINE=InnoDB AUTO_INCREMENT=358 DEFAULT CHARSET=utf8 COLLATE=utf8_unicode_ci;
/*!40101 SET character_set_client = @saved_cs_client */;

--
-- Table structure for table `ccsf_elements_sites`
--

DROP TABLE IF EXISTS `ccsf_elements_sites`;
/*!40101 SET @saved_cs_client     = @@character_set_client */;
/*!40101 SET character_set_client = utf8 */;
CREATE TABLE `ccsf_elements_sites` (
  `id` int(11) NOT NULL AUTO_INCREMENT,
  `elementId` int(11) NOT NULL,
  `siteId` int(11) NOT NULL,
  `slug` varchar(255) COLLATE utf8_unicode_ci DEFAULT NULL,
  `uri` varchar(255) COLLATE utf8_unicode_ci DEFAULT NULL,
  `enabled` tinyint(1) NOT NULL DEFAULT 1,
  `dateCreated` datetime NOT NULL,
  `dateUpdated` datetime NOT NULL,
  `uid` char(36) COLLATE utf8_unicode_ci NOT NULL DEFAULT '0',
  PRIMARY KEY (`id`),
  UNIQUE KEY `ccsf_idx_kbgkwfpkaiefzvhhwujgfvyytjxguipbomgw` (`elementId`,`siteId`),
  KEY `ccsf_idx_bgupjpyxmolqeqehbrpnzdqxuogrnebkunuy` (`siteId`),
  KEY `ccsf_idx_wgywkdyvyohvkgyqytkwawjlaadcpzuizwvo` (`slug`,`siteId`),
  KEY `ccsf_idx_tqjwakdkjfxhigmlpjetzsbjwryaupooxczt` (`enabled`),
  KEY `ccsf_idx_mwoxuxqsmohtgirsypiooieezjxdrkvxtqpt` (`uri`,`siteId`),
  CONSTRAINT `ccsf_fk_baadfswyhsqfhlmzcdmpciajezfadnplqzhi` FOREIGN KEY (`elementId`) REFERENCES `ccsf_elements` (`id`) ON DELETE CASCADE,
  CONSTRAINT `ccsf_fk_hurhptulfwuspgymcwlradcmwwhdaiomcqji` FOREIGN KEY (`siteId`) REFERENCES `ccsf_sites` (`id`) ON DELETE CASCADE ON UPDATE CASCADE
) ENGINE=InnoDB AUTO_INCREMENT=358 DEFAULT CHARSET=utf8 COLLATE=utf8_unicode_ci;
/*!40101 SET character_set_client = @saved_cs_client */;

--
-- Table structure for table `ccsf_entries`
--

DROP TABLE IF EXISTS `ccsf_entries`;
/*!40101 SET @saved_cs_client     = @@character_set_client */;
/*!40101 SET character_set_client = utf8 */;
CREATE TABLE `ccsf_entries` (
  `id` int(11) NOT NULL,
  `sectionId` int(11) NOT NULL,
  `parentId` int(11) DEFAULT NULL,
  `typeId` int(11) NOT NULL,
  `authorId` int(11) DEFAULT NULL,
  `postDate` datetime DEFAULT NULL,
  `expiryDate` datetime DEFAULT NULL,
  `deletedWithEntryType` tinyint(1) DEFAULT NULL,
  `dateCreated` datetime NOT NULL,
  `dateUpdated` datetime NOT NULL,
  `uid` char(36) COLLATE utf8_unicode_ci NOT NULL DEFAULT '0',
  PRIMARY KEY (`id`),
  KEY `ccsf_idx_jhcjybnvnfqfqhxdvuoowmbkgnfgslvznwhk` (`postDate`),
  KEY `ccsf_idx_xqpwowerbynssaykoqksvjhdftlwubrrwaan` (`expiryDate`),
  KEY `ccsf_idx_zgdcqbrwxriombedztucfypwaotapijlorml` (`authorId`),
  KEY `ccsf_idx_gjtbglxcpkqmhvkqkxxowdyhsjgoxjldhrnb` (`sectionId`),
  KEY `ccsf_idx_tbzkzzutoxnavygxuyqutkkatmiutwkcpzxw` (`typeId`),
  KEY `ccsf_fk_mzoaefiquvsjcxvhfojruwtxygeknldrurkr` (`parentId`),
  CONSTRAINT `ccsf_fk_ehbnrviuujndgbjwuacndzijycnjynyvzqjv` FOREIGN KEY (`typeId`) REFERENCES `ccsf_entrytypes` (`id`) ON DELETE CASCADE,
  CONSTRAINT `ccsf_fk_gumtwrxqlkpamimyqevdnapudusnikzacohk` FOREIGN KEY (`sectionId`) REFERENCES `ccsf_sections` (`id`) ON DELETE CASCADE,
  CONSTRAINT `ccsf_fk_hujdrrcxmghoogewqvmemrmmhbiauqwhaayv` FOREIGN KEY (`authorId`) REFERENCES `ccsf_users` (`id`) ON DELETE SET NULL,
  CONSTRAINT `ccsf_fk_mzoaefiquvsjcxvhfojruwtxygeknldrurkr` FOREIGN KEY (`parentId`) REFERENCES `ccsf_entries` (`id`) ON DELETE SET NULL,
  CONSTRAINT `ccsf_fk_zzrdsqoerlpeqkztnxsidavjrgbikpjmbljd` FOREIGN KEY (`id`) REFERENCES `ccsf_elements` (`id`) ON DELETE CASCADE
) ENGINE=InnoDB DEFAULT CHARSET=utf8 COLLATE=utf8_unicode_ci;
/*!40101 SET character_set_client = @saved_cs_client */;

--
-- Table structure for table `ccsf_entrytypes`
--

DROP TABLE IF EXISTS `ccsf_entrytypes`;
/*!40101 SET @saved_cs_client     = @@character_set_client */;
/*!40101 SET character_set_client = utf8 */;
CREATE TABLE `ccsf_entrytypes` (
  `id` int(11) NOT NULL AUTO_INCREMENT,
  `sectionId` int(11) NOT NULL,
  `fieldLayoutId` int(11) DEFAULT NULL,
  `name` varchar(255) COLLATE utf8_unicode_ci NOT NULL,
  `handle` varchar(255) COLLATE utf8_unicode_ci NOT NULL,
  `hasTitleField` tinyint(1) NOT NULL DEFAULT 1,
  `titleTranslationMethod` varchar(255) COLLATE utf8_unicode_ci NOT NULL DEFAULT 'site',
  `titleTranslationKeyFormat` text COLLATE utf8_unicode_ci DEFAULT NULL,
  `titleFormat` varchar(255) COLLATE utf8_unicode_ci DEFAULT NULL,
  `sortOrder` smallint(6) unsigned DEFAULT NULL,
  `dateCreated` datetime NOT NULL,
  `dateUpdated` datetime NOT NULL,
  `dateDeleted` datetime DEFAULT NULL,
  `uid` char(36) COLLATE utf8_unicode_ci NOT NULL DEFAULT '0',
  PRIMARY KEY (`id`),
  KEY `ccsf_idx_rjecrdmzvjwjcwoxuvxzwcshhkshvmtvigga` (`name`,`sectionId`),
  KEY `ccsf_idx_upkdmjvvjgpuittdojodzqxiymlwbhrbtwtm` (`handle`,`sectionId`),
  KEY `ccsf_idx_zzuxvvurlyzapgopufzanzztighigaiegimn` (`sectionId`),
  KEY `ccsf_idx_jkgedonhmreexeolceocrezrsulodpwpzghx` (`fieldLayoutId`),
  KEY `ccsf_idx_kyflxbmxaflbrmlcepatememvqehkflacjnm` (`dateDeleted`),
  CONSTRAINT `ccsf_fk_bnvkjgsggghntfxqvszidokyazpdmagywnsf` FOREIGN KEY (`sectionId`) REFERENCES `ccsf_sections` (`id`) ON DELETE CASCADE,
  CONSTRAINT `ccsf_fk_xdjsikxaekxbqazanrjswjykasdlyogumrud` FOREIGN KEY (`fieldLayoutId`) REFERENCES `ccsf_fieldlayouts` (`id`) ON DELETE SET NULL
) ENGINE=InnoDB AUTO_INCREMENT=4 DEFAULT CHARSET=utf8 COLLATE=utf8_unicode_ci;
/*!40101 SET character_set_client = @saved_cs_client */;

--
-- Table structure for table `ccsf_fieldgroups`
--

DROP TABLE IF EXISTS `ccsf_fieldgroups`;
/*!40101 SET @saved_cs_client     = @@character_set_client */;
/*!40101 SET character_set_client = utf8 */;
CREATE TABLE `ccsf_fieldgroups` (
  `id` int(11) NOT NULL AUTO_INCREMENT,
  `name` varchar(255) COLLATE utf8_unicode_ci NOT NULL,
  `dateCreated` datetime NOT NULL,
  `dateUpdated` datetime NOT NULL,
  `dateDeleted` datetime DEFAULT NULL,
  `uid` char(36) COLLATE utf8_unicode_ci NOT NULL DEFAULT '0',
  PRIMARY KEY (`id`),
  KEY `ccsf_idx_zpcdohnlydkczueaamlxaivljqljfgrmever` (`name`),
  KEY `ccsf_idx_xwfzaroopqheivuiustzlhlujwamuqdmaykg` (`dateDeleted`,`name`)
) ENGINE=InnoDB AUTO_INCREMENT=2 DEFAULT CHARSET=utf8 COLLATE=utf8_unicode_ci;
/*!40101 SET character_set_client = @saved_cs_client */;

--
-- Table structure for table `ccsf_fieldlayoutfields`
--

DROP TABLE IF EXISTS `ccsf_fieldlayoutfields`;
/*!40101 SET @saved_cs_client     = @@character_set_client */;
/*!40101 SET character_set_client = utf8 */;
CREATE TABLE `ccsf_fieldlayoutfields` (
  `id` int(11) NOT NULL AUTO_INCREMENT,
  `layoutId` int(11) NOT NULL,
  `tabId` int(11) NOT NULL,
  `fieldId` int(11) NOT NULL,
  `required` tinyint(1) NOT NULL DEFAULT 0,
  `sortOrder` smallint(6) unsigned DEFAULT NULL,
  `dateCreated` datetime NOT NULL,
  `dateUpdated` datetime NOT NULL,
  `uid` char(36) COLLATE utf8_unicode_ci NOT NULL DEFAULT '0',
  PRIMARY KEY (`id`),
  UNIQUE KEY `ccsf_idx_veyslasrzbqvpzmsmmdbktxucckffgxqcrnu` (`layoutId`,`fieldId`),
  KEY `ccsf_idx_vlnurjffkfhdqaxkhmzczklhyagyrqmwkbuf` (`sortOrder`),
  KEY `ccsf_idx_autmbebicjznroeixjzmusajmilmpuyjbrzh` (`tabId`),
  KEY `ccsf_idx_lhrmcltesdqtgmxlyxzpmhohscxptumqvdci` (`fieldId`),
  CONSTRAINT `ccsf_fk_aeyzmrjbhixcktcbarjdncfaiywdybjyqoml` FOREIGN KEY (`layoutId`) REFERENCES `ccsf_fieldlayouts` (`id`) ON DELETE CASCADE,
  CONSTRAINT `ccsf_fk_rllstaumxiknxfzxprjbmznpcqhmtyxbmrzv` FOREIGN KEY (`tabId`) REFERENCES `ccsf_fieldlayouttabs` (`id`) ON DELETE CASCADE,
  CONSTRAINT `ccsf_fk_ztfhrydamfiklcpgmucixgylpfwmhkjxhers` FOREIGN KEY (`fieldId`) REFERENCES `ccsf_fields` (`id`) ON DELETE CASCADE
) ENGINE=InnoDB AUTO_INCREMENT=160 DEFAULT CHARSET=utf8 COLLATE=utf8_unicode_ci;
/*!40101 SET character_set_client = @saved_cs_client */;

--
-- Table structure for table `ccsf_fieldlayouts`
--

DROP TABLE IF EXISTS `ccsf_fieldlayouts`;
/*!40101 SET @saved_cs_client     = @@character_set_client */;
/*!40101 SET character_set_client = utf8 */;
CREATE TABLE `ccsf_fieldlayouts` (
  `id` int(11) NOT NULL AUTO_INCREMENT,
  `type` varchar(255) COLLATE utf8_unicode_ci NOT NULL,
  `dateCreated` datetime NOT NULL,
  `dateUpdated` datetime NOT NULL,
  `dateDeleted` datetime DEFAULT NULL,
  `uid` char(36) COLLATE utf8_unicode_ci NOT NULL DEFAULT '0',
  PRIMARY KEY (`id`),
  KEY `ccsf_idx_tfmnimlpdmmlfqaufstoimuukrtpuvanqlqg` (`dateDeleted`),
  KEY `ccsf_idx_dpbqziihdlzfgpgzdcuralvqeehcodfjdnba` (`type`)
) ENGINE=InnoDB AUTO_INCREMENT=28 DEFAULT CHARSET=utf8 COLLATE=utf8_unicode_ci;
/*!40101 SET character_set_client = @saved_cs_client */;

--
-- Table structure for table `ccsf_fieldlayouttabs`
--

DROP TABLE IF EXISTS `ccsf_fieldlayouttabs`;
/*!40101 SET @saved_cs_client     = @@character_set_client */;
/*!40101 SET character_set_client = utf8 */;
CREATE TABLE `ccsf_fieldlayouttabs` (
  `id` int(11) NOT NULL AUTO_INCREMENT,
  `layoutId` int(11) NOT NULL,
  `name` varchar(255) COLLATE utf8_unicode_ci NOT NULL,
  `elements` text COLLATE utf8_unicode_ci DEFAULT NULL,
  `sortOrder` smallint(6) unsigned DEFAULT NULL,
  `dateCreated` datetime NOT NULL,
  `dateUpdated` datetime NOT NULL,
  `uid` char(36) COLLATE utf8_unicode_ci NOT NULL DEFAULT '0',
  PRIMARY KEY (`id`),
  KEY `ccsf_idx_mmfpphkyjxcxfojewfepbdnsrhuzzbsmzuzf` (`sortOrder`),
  KEY `ccsf_idx_hkmrbqogcwevllrtdcroidnfgsmpkxmcchrh` (`layoutId`),
  CONSTRAINT `ccsf_fk_ikwochnscjqroycgzsqfxzrrqxqvjgnklrsm` FOREIGN KEY (`layoutId`) REFERENCES `ccsf_fieldlayouts` (`id`) ON DELETE CASCADE
) ENGINE=InnoDB AUTO_INCREMENT=107 DEFAULT CHARSET=utf8 COLLATE=utf8_unicode_ci;
/*!40101 SET character_set_client = @saved_cs_client */;

--
-- Table structure for table `ccsf_fields`
--

DROP TABLE IF EXISTS `ccsf_fields`;
/*!40101 SET @saved_cs_client     = @@character_set_client */;
/*!40101 SET character_set_client = utf8 */;
CREATE TABLE `ccsf_fields` (
  `id` int(11) NOT NULL AUTO_INCREMENT,
  `groupId` int(11) DEFAULT NULL,
  `name` varchar(255) COLLATE utf8_unicode_ci NOT NULL,
  `handle` varchar(64) COLLATE utf8_unicode_ci NOT NULL,
  `context` varchar(255) COLLATE utf8_unicode_ci NOT NULL DEFAULT 'global',
  `instructions` text COLLATE utf8_unicode_ci DEFAULT NULL,
  `searchable` tinyint(1) NOT NULL DEFAULT 1,
  `translationMethod` varchar(255) COLLATE utf8_unicode_ci NOT NULL DEFAULT 'none',
  `translationKeyFormat` text COLLATE utf8_unicode_ci DEFAULT NULL,
  `type` varchar(255) COLLATE utf8_unicode_ci NOT NULL,
  `settings` text COLLATE utf8_unicode_ci DEFAULT NULL,
  `dateCreated` datetime NOT NULL,
  `dateUpdated` datetime NOT NULL,
  `uid` char(36) COLLATE utf8_unicode_ci NOT NULL DEFAULT '0',
  PRIMARY KEY (`id`),
  KEY `ccsf_idx_owhdhnwljpxtjrtbmhkwvxjaqfjokfufxefv` (`handle`,`context`),
  KEY `ccsf_idx_rqqwbcfjmdkkhrvplmycsehexksqpshhckvb` (`groupId`),
  KEY `ccsf_idx_sslloloodwycikqqccehbdsgqfjphuqggalb` (`context`),
  CONSTRAINT `ccsf_fk_tsleacxfvezydiudjsafrulfscrtndukmsnw` FOREIGN KEY (`groupId`) REFERENCES `ccsf_fieldgroups` (`id`) ON DELETE CASCADE
) ENGINE=InnoDB AUTO_INCREMENT=53 DEFAULT CHARSET=utf8 COLLATE=utf8_unicode_ci;
/*!40101 SET character_set_client = @saved_cs_client */;

--
-- Table structure for table `ccsf_globalsets`
--

DROP TABLE IF EXISTS `ccsf_globalsets`;
/*!40101 SET @saved_cs_client     = @@character_set_client */;
/*!40101 SET character_set_client = utf8 */;
CREATE TABLE `ccsf_globalsets` (
  `id` int(11) NOT NULL AUTO_INCREMENT,
  `name` varchar(255) COLLATE utf8_unicode_ci NOT NULL,
  `handle` varchar(255) COLLATE utf8_unicode_ci NOT NULL,
  `fieldLayoutId` int(11) DEFAULT NULL,
  `dateCreated` datetime NOT NULL,
  `dateUpdated` datetime NOT NULL,
  `uid` char(36) COLLATE utf8_unicode_ci NOT NULL DEFAULT '0',
  PRIMARY KEY (`id`),
  KEY `ccsf_idx_dotsueuprxagjnwvaxolhnqkrvecgwaufgmi` (`name`),
  KEY `ccsf_idx_guglyumwfcipgdyvbtjytkgtzucfehqwkasp` (`handle`),
  KEY `ccsf_idx_fsmwfnpygurfylzrtdlduuqmugxotejzwgmz` (`fieldLayoutId`),
  CONSTRAINT `ccsf_fk_bpbukqunsvrrdzcdpvmgvrnwznkrdrqpaqjy` FOREIGN KEY (`fieldLayoutId`) REFERENCES `ccsf_fieldlayouts` (`id`) ON DELETE SET NULL,
  CONSTRAINT `ccsf_fk_uhobomescndyekyliyfnnkwufgiiwitvhhxx` FOREIGN KEY (`id`) REFERENCES `ccsf_elements` (`id`) ON DELETE CASCADE
) ENGINE=InnoDB AUTO_INCREMENT=73 DEFAULT CHARSET=utf8 COLLATE=utf8_unicode_ci;
/*!40101 SET character_set_client = @saved_cs_client */;

--
-- Table structure for table `ccsf_gqlschemas`
--

DROP TABLE IF EXISTS `ccsf_gqlschemas`;
/*!40101 SET @saved_cs_client     = @@character_set_client */;
/*!40101 SET character_set_client = utf8 */;
CREATE TABLE `ccsf_gqlschemas` (
  `id` int(11) NOT NULL AUTO_INCREMENT,
  `name` varchar(255) COLLATE utf8_unicode_ci NOT NULL,
  `scope` text COLLATE utf8_unicode_ci DEFAULT NULL,
  `isPublic` tinyint(1) NOT NULL DEFAULT 0,
  `dateCreated` datetime NOT NULL,
  `dateUpdated` datetime NOT NULL,
  `uid` char(36) COLLATE utf8_unicode_ci NOT NULL DEFAULT '0',
  PRIMARY KEY (`id`)
) ENGINE=InnoDB DEFAULT CHARSET=utf8 COLLATE=utf8_unicode_ci;
/*!40101 SET character_set_client = @saved_cs_client */;

--
-- Table structure for table `ccsf_gqltokens`
--

DROP TABLE IF EXISTS `ccsf_gqltokens`;
/*!40101 SET @saved_cs_client     = @@character_set_client */;
/*!40101 SET character_set_client = utf8 */;
CREATE TABLE `ccsf_gqltokens` (
  `id` int(11) NOT NULL AUTO_INCREMENT,
  `name` varchar(255) COLLATE utf8_unicode_ci NOT NULL,
  `accessToken` varchar(255) COLLATE utf8_unicode_ci NOT NULL,
  `enabled` tinyint(1) NOT NULL DEFAULT 1,
  `expiryDate` datetime DEFAULT NULL,
  `lastUsed` datetime DEFAULT NULL,
  `schemaId` int(11) DEFAULT NULL,
  `dateCreated` datetime NOT NULL,
  `dateUpdated` datetime NOT NULL,
  `uid` char(36) COLLATE utf8_unicode_ci NOT NULL DEFAULT '0',
  PRIMARY KEY (`id`),
  UNIQUE KEY `ccsf_idx_okzbivvpfparcciezfsjkijldqkassfounwu` (`accessToken`),
  UNIQUE KEY `ccsf_idx_lxpegrdsrsdgcwcdlipdksejzurdjsdtntav` (`name`),
  KEY `ccsf_fk_nfwooorskchceyznylrniruecwirnuagbbmm` (`schemaId`),
  CONSTRAINT `ccsf_fk_nfwooorskchceyznylrniruecwirnuagbbmm` FOREIGN KEY (`schemaId`) REFERENCES `ccsf_gqlschemas` (`id`) ON DELETE SET NULL
) ENGINE=InnoDB DEFAULT CHARSET=utf8 COLLATE=utf8_unicode_ci;
/*!40101 SET character_set_client = @saved_cs_client */;

--
-- Table structure for table `ccsf_info`
--

DROP TABLE IF EXISTS `ccsf_info`;
/*!40101 SET @saved_cs_client     = @@character_set_client */;
/*!40101 SET character_set_client = utf8 */;
CREATE TABLE `ccsf_info` (
  `id` int(11) NOT NULL AUTO_INCREMENT,
  `version` varchar(50) COLLATE utf8_unicode_ci NOT NULL,
  `schemaVersion` varchar(15) COLLATE utf8_unicode_ci NOT NULL,
  `maintenance` tinyint(1) NOT NULL DEFAULT 0,
  `configVersion` char(12) COLLATE utf8_unicode_ci NOT NULL DEFAULT '000000000000',
  `fieldVersion` char(12) COLLATE utf8_unicode_ci NOT NULL DEFAULT '000000000000',
  `dateCreated` datetime NOT NULL,
  `dateUpdated` datetime NOT NULL,
  `uid` char(36) COLLATE utf8_unicode_ci NOT NULL DEFAULT '0',
  PRIMARY KEY (`id`)
) ENGINE=InnoDB AUTO_INCREMENT=2 DEFAULT CHARSET=utf8 COLLATE=utf8_unicode_ci;
/*!40101 SET character_set_client = @saved_cs_client */;

--
-- Table structure for table `ccsf_matrixblocks`
--

DROP TABLE IF EXISTS `ccsf_matrixblocks`;
/*!40101 SET @saved_cs_client     = @@character_set_client */;
/*!40101 SET character_set_client = utf8 */;
CREATE TABLE `ccsf_matrixblocks` (
  `id` int(11) NOT NULL,
  `ownerId` int(11) NOT NULL,
  `fieldId` int(11) NOT NULL,
  `typeId` int(11) NOT NULL,
  `sortOrder` smallint(6) unsigned DEFAULT NULL,
  `deletedWithOwner` tinyint(1) DEFAULT NULL,
  `dateCreated` datetime NOT NULL,
  `dateUpdated` datetime NOT NULL,
  `uid` char(36) COLLATE utf8_unicode_ci NOT NULL DEFAULT '0',
  PRIMARY KEY (`id`),
  KEY `ccsf_idx_evkjqfwqgledobevslfwmibbknmbdkfnhoyx` (`ownerId`),
  KEY `ccsf_idx_kmcscshbhwwkisjjrsnvfpipwgwxixomqqak` (`fieldId`),
  KEY `ccsf_idx_jkrisoztofojtdzuhonjpsfshswbidcsmwyt` (`typeId`),
  KEY `ccsf_idx_gtjthvglfgjdrfpueqjakontfsoorerczbed` (`sortOrder`),
  CONSTRAINT `ccsf_fk_ajvcbxlkadswbskpmwredotykfvprbnqapvb` FOREIGN KEY (`id`) REFERENCES `ccsf_elements` (`id`) ON DELETE CASCADE,
  CONSTRAINT `ccsf_fk_cuzrklrcbjiqerevqxsvgrwskhqlolthmahc` FOREIGN KEY (`fieldId`) REFERENCES `ccsf_fields` (`id`) ON DELETE CASCADE,
  CONSTRAINT `ccsf_fk_ggztrkhfjwrfzmawccldsmvfknvdkfclfpxt` FOREIGN KEY (`ownerId`) REFERENCES `ccsf_elements` (`id`) ON DELETE CASCADE,
  CONSTRAINT `ccsf_fk_wpxkksmpjhtbhtssireapxtpuwvanhsxiukx` FOREIGN KEY (`typeId`) REFERENCES `ccsf_matrixblocktypes` (`id`) ON DELETE CASCADE
) ENGINE=InnoDB DEFAULT CHARSET=utf8 COLLATE=utf8_unicode_ci;
/*!40101 SET character_set_client = @saved_cs_client */;

--
-- Table structure for table `ccsf_matrixblocktypes`
--

DROP TABLE IF EXISTS `ccsf_matrixblocktypes`;
/*!40101 SET @saved_cs_client     = @@character_set_client */;
/*!40101 SET character_set_client = utf8 */;
CREATE TABLE `ccsf_matrixblocktypes` (
  `id` int(11) NOT NULL AUTO_INCREMENT,
  `fieldId` int(11) NOT NULL,
  `fieldLayoutId` int(11) DEFAULT NULL,
  `name` varchar(255) COLLATE utf8_unicode_ci NOT NULL,
  `handle` varchar(255) COLLATE utf8_unicode_ci NOT NULL,
  `sortOrder` smallint(6) unsigned DEFAULT NULL,
  `dateCreated` datetime NOT NULL,
  `dateUpdated` datetime NOT NULL,
  `uid` char(36) COLLATE utf8_unicode_ci NOT NULL DEFAULT '0',
  PRIMARY KEY (`id`),
  KEY `ccsf_idx_sbwwpfhogosokrrsqoapygxrzoilgdubizld` (`name`,`fieldId`),
  KEY `ccsf_idx_kftayhupcirohnyrlvqfhfqdshhuymfzbkru` (`handle`,`fieldId`),
  KEY `ccsf_idx_kqwonqphyguwovklmsmjgjcgnricktjaddex` (`fieldId`),
  KEY `ccsf_idx_btmpofuovbqxenotrckalfgkmlqzneqdaazo` (`fieldLayoutId`),
  CONSTRAINT `ccsf_fk_hyfcnmblsnjkzoaqgdbxbojysjyaqlbkoatd` FOREIGN KEY (`fieldLayoutId`) REFERENCES `ccsf_fieldlayouts` (`id`) ON DELETE SET NULL,
  CONSTRAINT `ccsf_fk_pijukocjprirzglrotuiapvxbefkwbxcsuhh` FOREIGN KEY (`fieldId`) REFERENCES `ccsf_fields` (`id`) ON DELETE CASCADE
) ENGINE=InnoDB AUTO_INCREMENT=14 DEFAULT CHARSET=utf8 COLLATE=utf8_unicode_ci;
/*!40101 SET character_set_client = @saved_cs_client */;

--
-- Table structure for table `ccsf_matrixcontent_brands`
--

DROP TABLE IF EXISTS `ccsf_matrixcontent_brands`;
/*!40101 SET @saved_cs_client     = @@character_set_client */;
/*!40101 SET character_set_client = utf8 */;
CREATE TABLE `ccsf_matrixcontent_brands` (
  `id` int(11) NOT NULL AUTO_INCREMENT,
  `elementId` int(11) NOT NULL,
  `siteId` int(11) NOT NULL,
  `dateCreated` datetime NOT NULL,
  `dateUpdated` datetime NOT NULL,
  `uid` char(36) COLLATE utf8_unicode_ci NOT NULL DEFAULT '0',
  `field_company_caption` text COLLATE utf8_unicode_ci DEFAULT NULL,
  `field_company_hyperlink` varchar(255) COLLATE utf8_unicode_ci DEFAULT NULL,
  PRIMARY KEY (`id`),
  UNIQUE KEY `ccsf_idx_osmqilcradrqmndglcrvduvkvbargoyabamf` (`elementId`,`siteId`),
  KEY `ccsf_fk_cjlwyhiokmwxtosnqdjthuclxnfkdvhgxetz` (`siteId`),
  CONSTRAINT `ccsf_fk_cjlwyhiokmwxtosnqdjthuclxnfkdvhgxetz` FOREIGN KEY (`siteId`) REFERENCES `ccsf_sites` (`id`) ON DELETE CASCADE ON UPDATE CASCADE,
  CONSTRAINT `ccsf_fk_sgfaeumctrawqmhxdozkenhxunhglpbhicwd` FOREIGN KEY (`elementId`) REFERENCES `ccsf_elements` (`id`) ON DELETE CASCADE
) ENGINE=InnoDB AUTO_INCREMENT=17 DEFAULT CHARSET=utf8 COLLATE=utf8_unicode_ci;
/*!40101 SET character_set_client = @saved_cs_client */;

--
-- Table structure for table `ccsf_matrixcontent_favicons`
--

DROP TABLE IF EXISTS `ccsf_matrixcontent_favicons`;
/*!40101 SET @saved_cs_client     = @@character_set_client */;
/*!40101 SET character_set_client = utf8 */;
CREATE TABLE `ccsf_matrixcontent_favicons` (
  `id` int(11) NOT NULL AUTO_INCREMENT,
  `elementId` int(11) NOT NULL,
  `siteId` int(11) NOT NULL,
  `dateCreated` datetime NOT NULL,
  `dateUpdated` datetime NOT NULL,
  `uid` char(36) COLLATE utf8_unicode_ci NOT NULL DEFAULT '0',
  `field_favicon_size` varchar(255) COLLATE utf8_unicode_ci DEFAULT NULL,
  PRIMARY KEY (`id`),
  UNIQUE KEY `ccsf_idx_dqbzsswtgxrkqxnusubuajbrbuzkvhooczkd` (`elementId`,`siteId`),
  KEY `ccsf_fk_rqhsalwbmczrkndalnpdhjnlhgljwyxuypni` (`siteId`),
  CONSTRAINT `ccsf_fk_jvdvtetdqfvgnzlwfeanjvopjrfbfvbpohuy` FOREIGN KEY (`elementId`) REFERENCES `ccsf_elements` (`id`) ON DELETE CASCADE,
  CONSTRAINT `ccsf_fk_rqhsalwbmczrkndalnpdhjnlhgljwyxuypni` FOREIGN KEY (`siteId`) REFERENCES `ccsf_sites` (`id`) ON DELETE CASCADE ON UPDATE CASCADE
) ENGINE=InnoDB AUTO_INCREMENT=7 DEFAULT CHARSET=utf8 COLLATE=utf8_unicode_ci;
/*!40101 SET character_set_client = @saved_cs_client */;

--
-- Table structure for table `ccsf_matrixcontent_menu`
--

DROP TABLE IF EXISTS `ccsf_matrixcontent_menu`;
/*!40101 SET @saved_cs_client     = @@character_set_client */;
/*!40101 SET character_set_client = utf8 */;
CREATE TABLE `ccsf_matrixcontent_menu` (
  `id` int(11) NOT NULL AUTO_INCREMENT,
  `elementId` int(11) NOT NULL,
  `siteId` int(11) NOT NULL,
  `dateCreated` datetime NOT NULL,
  `dateUpdated` datetime NOT NULL,
  `uid` char(36) COLLATE utf8_unicode_ci NOT NULL DEFAULT '0',
  `field_item_hyperlink` text COLLATE utf8_unicode_ci DEFAULT NULL,
  `field_item_caption` text COLLATE utf8_unicode_ci DEFAULT NULL,
  `field_item_icon` text COLLATE utf8_unicode_ci DEFAULT NULL,
  `field_header_caption` text COLLATE utf8_unicode_ci DEFAULT NULL,
  PRIMARY KEY (`id`),
  UNIQUE KEY `ccsf_idx_azbbgizlnnhijgquenslmpjispxlefrvfdgv` (`elementId`,`siteId`),
  KEY `ccsf_fk_knpvpsxrhvmzvhmjvzrqbesbbmcqhppwckmc` (`siteId`),
  CONSTRAINT `ccsf_fk_hkylxvpupwmfixptasrtpofaifnayymkhtca` FOREIGN KEY (`elementId`) REFERENCES `ccsf_elements` (`id`) ON DELETE CASCADE,
  CONSTRAINT `ccsf_fk_knpvpsxrhvmzvhmjvzrqbesbbmcqhppwckmc` FOREIGN KEY (`siteId`) REFERENCES `ccsf_sites` (`id`) ON DELETE CASCADE ON UPDATE CASCADE
) ENGINE=InnoDB AUTO_INCREMENT=18 DEFAULT CHARSET=utf8 COLLATE=utf8_unicode_ci;
/*!40101 SET character_set_client = @saved_cs_client */;

--
-- Table structure for table `ccsf_matrixcontent_office`
--

DROP TABLE IF EXISTS `ccsf_matrixcontent_office`;
/*!40101 SET @saved_cs_client     = @@character_set_client */;
/*!40101 SET character_set_client = utf8 */;
CREATE TABLE `ccsf_matrixcontent_office` (
  `id` int(11) NOT NULL AUTO_INCREMENT,
  `elementId` int(11) NOT NULL,
  `siteId` int(11) NOT NULL,
  `dateCreated` datetime NOT NULL,
  `dateUpdated` datetime NOT NULL,
  `uid` char(36) COLLATE utf8_unicode_ci NOT NULL DEFAULT '0',
  `field_address_kind` varchar(255) COLLATE utf8_unicode_ci DEFAULT NULL,
  `field_address_property` text COLLATE utf8_unicode_ci DEFAULT NULL,
  `field_header_caption` text COLLATE utf8_unicode_ci DEFAULT NULL,
  PRIMARY KEY (`id`),
  UNIQUE KEY `ccsf_idx_mctoccnqgzydhbplswyswjngzpwgohytymfx` (`elementId`,`siteId`),
  KEY `ccsf_fk_vwgedjfmpbkcbrbunpcjmgwmscfdspecqpvf` (`siteId`),
  CONSTRAINT `ccsf_fk_dhjmxnulitucqlwmrwewvvpxzxyvhkhildvd` FOREIGN KEY (`elementId`) REFERENCES `ccsf_elements` (`id`) ON DELETE CASCADE,
  CONSTRAINT `ccsf_fk_vwgedjfmpbkcbrbunpcjmgwmscfdspecqpvf` FOREIGN KEY (`siteId`) REFERENCES `ccsf_sites` (`id`) ON DELETE CASCADE ON UPDATE CASCADE
) ENGINE=InnoDB AUTO_INCREMENT=6 DEFAULT CHARSET=utf8 COLLATE=utf8_unicode_ci;
/*!40101 SET character_set_client = @saved_cs_client */;

--
-- Table structure for table `ccsf_matrixcontent_portfolio`
--

DROP TABLE IF EXISTS `ccsf_matrixcontent_portfolio`;
/*!40101 SET @saved_cs_client     = @@character_set_client */;
/*!40101 SET character_set_client = utf8 */;
CREATE TABLE `ccsf_matrixcontent_portfolio` (
  `id` int(11) NOT NULL AUTO_INCREMENT,
  `elementId` int(11) NOT NULL,
  `siteId` int(11) NOT NULL,
  `dateCreated` datetime NOT NULL,
  `dateUpdated` datetime NOT NULL,
  `uid` char(36) COLLATE utf8_unicode_ci NOT NULL DEFAULT '0',
  `field_folio_caption` text COLLATE utf8_unicode_ci DEFAULT NULL,
  `field_folio_project` text COLLATE utf8_unicode_ci DEFAULT NULL,
  `field_folio_description` text COLLATE utf8_unicode_ci DEFAULT NULL,
  `field_folio_hyperlink` varchar(255) COLLATE utf8_unicode_ci DEFAULT NULL,
  PRIMARY KEY (`id`),
  UNIQUE KEY `ccsf_idx_piyvybuxcjfhjxalcxjecvvwargmgwwryfda` (`elementId`,`siteId`),
  KEY `ccsf_fk_xtjvmxrvtljgltjiyzjlofjusrhnfjizkvpv` (`siteId`),
  CONSTRAINT `ccsf_fk_kmhfznmkeuncyrdupmpgqttwatmodsnfljkf` FOREIGN KEY (`elementId`) REFERENCES `ccsf_elements` (`id`) ON DELETE CASCADE,
  CONSTRAINT `ccsf_fk_xtjvmxrvtljgltjiyzjlofjusrhnfjizkvpv` FOREIGN KEY (`siteId`) REFERENCES `ccsf_sites` (`id`) ON DELETE CASCADE ON UPDATE CASCADE
) ENGINE=InnoDB AUTO_INCREMENT=38 DEFAULT CHARSET=utf8 COLLATE=utf8_unicode_ci;
/*!40101 SET character_set_client = @saved_cs_client */;

--
-- Table structure for table `ccsf_matrixcontent_process`
--

DROP TABLE IF EXISTS `ccsf_matrixcontent_process`;
/*!40101 SET @saved_cs_client     = @@character_set_client */;
/*!40101 SET character_set_client = utf8 */;
CREATE TABLE `ccsf_matrixcontent_process` (
  `id` int(11) NOT NULL AUTO_INCREMENT,
  `elementId` int(11) NOT NULL,
  `siteId` int(11) NOT NULL,
  `dateCreated` datetime NOT NULL,
  `dateUpdated` datetime NOT NULL,
  `uid` char(36) COLLATE utf8_unicode_ci NOT NULL DEFAULT '0',
  `field_step_caption` text COLLATE utf8_unicode_ci DEFAULT NULL,
  `field_step_description` text COLLATE utf8_unicode_ci DEFAULT NULL,
  PRIMARY KEY (`id`),
  UNIQUE KEY `ccsf_idx_qxgipdwgichjoukbhmyoqnlnbephyzfuwdmy` (`elementId`,`siteId`),
  KEY `ccsf_fk_fseobbxgdmccjmgwchidnfmfukoldfcafbhn` (`siteId`),
  CONSTRAINT `ccsf_fk_bsmipmncddkbsddstzzvroeuqzbsfvtmerjv` FOREIGN KEY (`elementId`) REFERENCES `ccsf_elements` (`id`) ON DELETE CASCADE,
  CONSTRAINT `ccsf_fk_fseobbxgdmccjmgwchidnfmfukoldfcafbhn` FOREIGN KEY (`siteId`) REFERENCES `ccsf_sites` (`id`) ON DELETE CASCADE ON UPDATE CASCADE
) ENGINE=InnoDB AUTO_INCREMENT=53 DEFAULT CHARSET=utf8 COLLATE=utf8_unicode_ci;
/*!40101 SET character_set_client = @saved_cs_client */;

--
-- Table structure for table `ccsf_matrixcontent_services`
--

DROP TABLE IF EXISTS `ccsf_matrixcontent_services`;
/*!40101 SET @saved_cs_client     = @@character_set_client */;
/*!40101 SET character_set_client = utf8 */;
CREATE TABLE `ccsf_matrixcontent_services` (
  `id` int(11) NOT NULL AUTO_INCREMENT,
  `elementId` int(11) NOT NULL,
  `siteId` int(11) NOT NULL,
  `dateCreated` datetime NOT NULL,
  `dateUpdated` datetime NOT NULL,
  `uid` char(36) COLLATE utf8_unicode_ci NOT NULL DEFAULT '0',
  `field_feature_description` text COLLATE utf8_unicode_ci DEFAULT NULL,
  `field_feature_caption` text COLLATE utf8_unicode_ci DEFAULT NULL,
  PRIMARY KEY (`id`),
  UNIQUE KEY `ccsf_idx_qstqnivjhgublgcajgwzqfczigalfaeacgjl` (`elementId`,`siteId`),
  KEY `ccsf_fk_opyucrpprbthxxtqbxelkitqljpnzuvrdbqo` (`siteId`),
  CONSTRAINT `ccsf_fk_opyucrpprbthxxtqbxelkitqljpnzuvrdbqo` FOREIGN KEY (`siteId`) REFERENCES `ccsf_sites` (`id`) ON DELETE CASCADE ON UPDATE CASCADE,
  CONSTRAINT `ccsf_fk_rtqhfmgeevekrfdmbfcyhcxsnujskwnmwhut` FOREIGN KEY (`elementId`) REFERENCES `ccsf_elements` (`id`) ON DELETE CASCADE
) ENGINE=InnoDB AUTO_INCREMENT=67 DEFAULT CHARSET=utf8 COLLATE=utf8_unicode_ci;
/*!40101 SET character_set_client = @saved_cs_client */;

--
-- Table structure for table `ccsf_matrixcontent_testimonials`
--

DROP TABLE IF EXISTS `ccsf_matrixcontent_testimonials`;
/*!40101 SET @saved_cs_client     = @@character_set_client */;
/*!40101 SET character_set_client = utf8 */;
CREATE TABLE `ccsf_matrixcontent_testimonials` (
  `id` int(11) NOT NULL AUTO_INCREMENT,
  `elementId` int(11) NOT NULL,
  `siteId` int(11) NOT NULL,
  `dateCreated` datetime NOT NULL,
  `dateUpdated` datetime NOT NULL,
  `uid` char(36) COLLATE utf8_unicode_ci NOT NULL DEFAULT '0',
  `field_testimonial_company` text COLLATE utf8_unicode_ci DEFAULT NULL,
  `field_testimonial_cite` text COLLATE utf8_unicode_ci DEFAULT NULL,
  `field_testimonial_author` text COLLATE utf8_unicode_ci DEFAULT NULL,
  PRIMARY KEY (`id`),
  UNIQUE KEY `ccsf_idx_farqdnnfxznynbbbnnwchftbhsrowsxbboor` (`elementId`,`siteId`),
  KEY `ccsf_fk_gktyvuexxxazhmsoxftzlzgkuzetxddvnvgx` (`siteId`),
  CONSTRAINT `ccsf_fk_gktyvuexxxazhmsoxftzlzgkuzetxddvnvgx` FOREIGN KEY (`siteId`) REFERENCES `ccsf_sites` (`id`) ON DELETE CASCADE ON UPDATE CASCADE,
  CONSTRAINT `ccsf_fk_qdsfsjchsxxygxuzciwvglmchulqgkmdrsjm` FOREIGN KEY (`elementId`) REFERENCES `ccsf_elements` (`id`) ON DELETE CASCADE
) ENGINE=InnoDB AUTO_INCREMENT=17 DEFAULT CHARSET=utf8 COLLATE=utf8_unicode_ci;
/*!40101 SET character_set_client = @saved_cs_client */;

--
-- Table structure for table `ccsf_migrations`
--

DROP TABLE IF EXISTS `ccsf_migrations`;
/*!40101 SET @saved_cs_client     = @@character_set_client */;
/*!40101 SET character_set_client = utf8 */;
CREATE TABLE `ccsf_migrations` (
  `id` int(11) NOT NULL AUTO_INCREMENT,
  `track` varchar(255) COLLATE utf8_unicode_ci NOT NULL,
  `name` varchar(255) COLLATE utf8_unicode_ci NOT NULL,
  `applyTime` datetime NOT NULL,
  `dateCreated` datetime NOT NULL,
  `dateUpdated` datetime NOT NULL,
  `uid` char(36) COLLATE utf8_unicode_ci NOT NULL DEFAULT '0',
  PRIMARY KEY (`id`),
  UNIQUE KEY `ccsf_idx_xjsorcqulxygfeiglpefmaeyyddpxasqznas` (`track`,`name`)
) ENGINE=InnoDB AUTO_INCREMENT=188 DEFAULT CHARSET=utf8 COLLATE=utf8_unicode_ci;
/*!40101 SET character_set_client = @saved_cs_client */;

--
-- Table structure for table `ccsf_plugins`
--

DROP TABLE IF EXISTS `ccsf_plugins`;
/*!40101 SET @saved_cs_client     = @@character_set_client */;
/*!40101 SET character_set_client = utf8 */;
CREATE TABLE `ccsf_plugins` (
  `id` int(11) NOT NULL AUTO_INCREMENT,
  `handle` varchar(255) COLLATE utf8_unicode_ci NOT NULL,
  `version` varchar(255) COLLATE utf8_unicode_ci NOT NULL,
  `schemaVersion` varchar(255) COLLATE utf8_unicode_ci NOT NULL,
  `licenseKeyStatus` enum('valid','trial','invalid','mismatched','astray','unknown') COLLATE utf8_unicode_ci NOT NULL DEFAULT 'unknown',
  `licensedEdition` varchar(255) COLLATE utf8_unicode_ci DEFAULT NULL,
  `installDate` datetime NOT NULL,
  `dateCreated` datetime NOT NULL,
  `dateUpdated` datetime NOT NULL,
  `uid` char(36) COLLATE utf8_unicode_ci NOT NULL DEFAULT '0',
  PRIMARY KEY (`id`),
  UNIQUE KEY `ccsf_idx_xmuvgwnwtngrxamlgtrofvydjzdysmoetbvz` (`handle`)
) ENGINE=InnoDB AUTO_INCREMENT=2 DEFAULT CHARSET=utf8 COLLATE=utf8_unicode_ci;
/*!40101 SET character_set_client = @saved_cs_client */;

--
-- Table structure for table `ccsf_projectconfig`
--

DROP TABLE IF EXISTS `ccsf_projectconfig`;
/*!40101 SET @saved_cs_client     = @@character_set_client */;
/*!40101 SET character_set_client = utf8 */;
CREATE TABLE `ccsf_projectconfig` (
  `path` varchar(255) COLLATE utf8_unicode_ci NOT NULL,
  `value` text COLLATE utf8_unicode_ci NOT NULL,
  PRIMARY KEY (`path`)
) ENGINE=InnoDB DEFAULT CHARSET=utf8 COLLATE=utf8_unicode_ci;
/*!40101 SET character_set_client = @saved_cs_client */;

--
-- Table structure for table `ccsf_projectconfignames`
--

DROP TABLE IF EXISTS `ccsf_projectconfignames`;
/*!40101 SET @saved_cs_client     = @@character_set_client */;
/*!40101 SET character_set_client = utf8 */;
CREATE TABLE `ccsf_projectconfignames` (
  `uid` char(36) COLLATE utf8_unicode_ci NOT NULL DEFAULT '0',
  `name` varchar(255) COLLATE utf8_unicode_ci NOT NULL,
  PRIMARY KEY (`uid`)
) ENGINE=InnoDB DEFAULT CHARSET=utf8 COLLATE=utf8_unicode_ci;
/*!40101 SET character_set_client = @saved_cs_client */;

--
-- Table structure for table `ccsf_queue`
--

DROP TABLE IF EXISTS `ccsf_queue`;
/*!40101 SET @saved_cs_client     = @@character_set_client */;
/*!40101 SET character_set_client = utf8 */;
CREATE TABLE `ccsf_queue` (
  `id` int(11) NOT NULL AUTO_INCREMENT,
  `channel` varchar(255) COLLATE utf8_unicode_ci NOT NULL DEFAULT 'queue',
  `job` longblob NOT NULL,
  `description` text COLLATE utf8_unicode_ci DEFAULT NULL,
  `timePushed` int(11) NOT NULL,
  `ttr` int(11) NOT NULL,
  `delay` int(11) NOT NULL DEFAULT 0,
  `priority` int(11) unsigned NOT NULL DEFAULT 1024,
  `dateReserved` datetime DEFAULT NULL,
  `timeUpdated` int(11) DEFAULT NULL,
  `progress` smallint(6) NOT NULL DEFAULT 0,
  `progressLabel` varchar(255) COLLATE utf8_unicode_ci DEFAULT NULL,
  `attempt` int(11) DEFAULT NULL,
  `fail` tinyint(1) DEFAULT 0,
  `dateFailed` datetime DEFAULT NULL,
  `error` text COLLATE utf8_unicode_ci DEFAULT NULL,
  PRIMARY KEY (`id`),
  KEY `ccsf_idx_lfsaqbztqxrbrkbddocxgdkjlzegicdibble` (`channel`,`fail`,`timeUpdated`,`timePushed`),
  KEY `ccsf_idx_vidjijhwzrknmozkknnwajefbdrpcxchbgem` (`channel`,`fail`,`timeUpdated`,`delay`)
) ENGINE=InnoDB AUTO_INCREMENT=542 DEFAULT CHARSET=utf8 COLLATE=utf8_unicode_ci;
/*!40101 SET character_set_client = @saved_cs_client */;

--
-- Table structure for table `ccsf_relations`
--

DROP TABLE IF EXISTS `ccsf_relations`;
/*!40101 SET @saved_cs_client     = @@character_set_client */;
/*!40101 SET character_set_client = utf8 */;
CREATE TABLE `ccsf_relations` (
  `id` int(11) NOT NULL AUTO_INCREMENT,
  `fieldId` int(11) NOT NULL,
  `sourceId` int(11) NOT NULL,
  `sourceSiteId` int(11) DEFAULT NULL,
  `targetId` int(11) NOT NULL,
  `sortOrder` smallint(6) unsigned DEFAULT NULL,
  `dateCreated` datetime NOT NULL,
  `dateUpdated` datetime NOT NULL,
  `uid` char(36) COLLATE utf8_unicode_ci NOT NULL DEFAULT '0',
  PRIMARY KEY (`id`),
  UNIQUE KEY `ccsf_idx_ufclphmrzcybqfldiwgseoytopxultvadbyv` (`fieldId`,`sourceId`,`sourceSiteId`,`targetId`),
  KEY `ccsf_idx_urjytmxbatcuvilgrtmpjpsadvhnqingxbox` (`sourceId`),
  KEY `ccsf_idx_uutxuktffizpolrddfcmozxsxeadczfkyspz` (`targetId`),
  KEY `ccsf_idx_lwllenpsyeltgrsclhoyvdrxgohsxfxwbiir` (`sourceSiteId`),
  CONSTRAINT `ccsf_fk_ejiysvsbdhtevsywhkzdfyeahighqzngyfzz` FOREIGN KEY (`sourceSiteId`) REFERENCES `ccsf_sites` (`id`) ON DELETE CASCADE ON UPDATE CASCADE,
  CONSTRAINT `ccsf_fk_sstugijkfvdwxnmbkuflunjlrwkwuzylmgsv` FOREIGN KEY (`fieldId`) REFERENCES `ccsf_fields` (`id`) ON DELETE CASCADE,
  CONSTRAINT `ccsf_fk_xpetttynxqvihvncfywpshhsfzlcyzqchxee` FOREIGN KEY (`targetId`) REFERENCES `ccsf_elements` (`id`) ON DELETE CASCADE,
  CONSTRAINT `ccsf_fk_yvctdiyxqutzeyuficehhihfhdttsivvwwpd` FOREIGN KEY (`sourceId`) REFERENCES `ccsf_elements` (`id`) ON DELETE CASCADE
) ENGINE=InnoDB AUTO_INCREMENT=282 DEFAULT CHARSET=utf8 COLLATE=utf8_unicode_ci;
/*!40101 SET character_set_client = @saved_cs_client */;

--
-- Table structure for table `ccsf_resourcepaths`
--

DROP TABLE IF EXISTS `ccsf_resourcepaths`;
/*!40101 SET @saved_cs_client     = @@character_set_client */;
/*!40101 SET character_set_client = utf8 */;
CREATE TABLE `ccsf_resourcepaths` (
  `hash` varchar(255) COLLATE utf8_unicode_ci NOT NULL,
  `path` varchar(255) COLLATE utf8_unicode_ci NOT NULL,
  PRIMARY KEY (`hash`)
) ENGINE=InnoDB DEFAULT CHARSET=utf8 COLLATE=utf8_unicode_ci;
/*!40101 SET character_set_client = @saved_cs_client */;

--
-- Table structure for table `ccsf_revisions`
--

DROP TABLE IF EXISTS `ccsf_revisions`;
/*!40101 SET @saved_cs_client     = @@character_set_client */;
/*!40101 SET character_set_client = utf8 */;
CREATE TABLE `ccsf_revisions` (
  `id` int(11) NOT NULL AUTO_INCREMENT,
  `sourceId` int(11) NOT NULL,
  `creatorId` int(11) DEFAULT NULL,
  `num` int(11) NOT NULL,
  `notes` text COLLATE utf8_unicode_ci DEFAULT NULL,
  PRIMARY KEY (`id`),
  UNIQUE KEY `ccsf_idx_dzupzcsmoilocgctnqympgymrvllfqclctok` (`sourceId`,`num`),
  KEY `ccsf_fk_kzblbzbbksqzaklkaktmmvejijsmdggtrtwe` (`creatorId`),
  CONSTRAINT `ccsf_fk_bvmwuylxgmyzcnbopdjncuazstmfnkyznabx` FOREIGN KEY (`sourceId`) REFERENCES `ccsf_elements` (`id`) ON DELETE CASCADE,
  CONSTRAINT `ccsf_fk_kzblbzbbksqzaklkaktmmvejijsmdggtrtwe` FOREIGN KEY (`creatorId`) REFERENCES `ccsf_users` (`id`) ON DELETE SET NULL
) ENGINE=InnoDB AUTO_INCREMENT=56 DEFAULT CHARSET=utf8 COLLATE=utf8_unicode_ci;
/*!40101 SET character_set_client = @saved_cs_client */;

--
-- Table structure for table `ccsf_searchindex`
--

DROP TABLE IF EXISTS `ccsf_searchindex`;
/*!40101 SET @saved_cs_client     = @@character_set_client */;
/*!40101 SET character_set_client = utf8 */;
CREATE TABLE `ccsf_searchindex` (
  `elementId` int(11) NOT NULL,
  `attribute` varchar(25) COLLATE utf8_unicode_ci NOT NULL,
  `fieldId` int(11) NOT NULL,
  `siteId` int(11) NOT NULL,
  `keywords` text COLLATE utf8_unicode_ci NOT NULL,
  PRIMARY KEY (`elementId`,`attribute`,`fieldId`,`siteId`),
  FULLTEXT KEY `ccsf_idx_dheoljugaqinctbwwswgyoyrtwjvbbejpapv` (`keywords`)
) ENGINE=MyISAM DEFAULT CHARSET=utf8 COLLATE=utf8_unicode_ci;
/*!40101 SET character_set_client = @saved_cs_client */;

--
-- Table structure for table `ccsf_sections`
--

DROP TABLE IF EXISTS `ccsf_sections`;
/*!40101 SET @saved_cs_client     = @@character_set_client */;
/*!40101 SET character_set_client = utf8 */;
CREATE TABLE `ccsf_sections` (
  `id` int(11) NOT NULL AUTO_INCREMENT,
  `structureId` int(11) DEFAULT NULL,
  `name` varchar(255) COLLATE utf8_unicode_ci NOT NULL,
  `handle` varchar(255) COLLATE utf8_unicode_ci NOT NULL,
  `type` enum('single','channel','structure') COLLATE utf8_unicode_ci NOT NULL DEFAULT 'channel',
  `enableVersioning` tinyint(1) NOT NULL DEFAULT 0,
  `propagationMethod` varchar(255) COLLATE utf8_unicode_ci NOT NULL DEFAULT 'all',
  `previewTargets` text COLLATE utf8_unicode_ci DEFAULT NULL,
  `dateCreated` datetime NOT NULL,
  `dateUpdated` datetime NOT NULL,
  `dateDeleted` datetime DEFAULT NULL,
  `uid` char(36) COLLATE utf8_unicode_ci NOT NULL DEFAULT '0',
  PRIMARY KEY (`id`),
  KEY `ccsf_idx_kgmpuqeaeuglcpfahajmiormhfbsrhgutxsx` (`handle`),
  KEY `ccsf_idx_bmhxaheiymkytmutidtglmwxsjltclxaodqh` (`name`),
  KEY `ccsf_idx_eqkjunicypaxfnrntnjcwsxxarbmvvqrgovn` (`structureId`),
  KEY `ccsf_idx_owrjqqrsojqljkmxbagtwfiuwaxrnvuxufcz` (`dateDeleted`),
  CONSTRAINT `ccsf_fk_gyrnlaspvbsmshnhitqhvnwrnlundakwprzo` FOREIGN KEY (`structureId`) REFERENCES `ccsf_structures` (`id`) ON DELETE SET NULL
) ENGINE=InnoDB AUTO_INCREMENT=4 DEFAULT CHARSET=utf8 COLLATE=utf8_unicode_ci;
/*!40101 SET character_set_client = @saved_cs_client */;

--
-- Table structure for table `ccsf_sections_sites`
--

DROP TABLE IF EXISTS `ccsf_sections_sites`;
/*!40101 SET @saved_cs_client     = @@character_set_client */;
/*!40101 SET character_set_client = utf8 */;
CREATE TABLE `ccsf_sections_sites` (
  `id` int(11) NOT NULL AUTO_INCREMENT,
  `sectionId` int(11) NOT NULL,
  `siteId` int(11) NOT NULL,
  `hasUrls` tinyint(1) NOT NULL DEFAULT 1,
  `uriFormat` text COLLATE utf8_unicode_ci DEFAULT NULL,
  `template` varchar(500) COLLATE utf8_unicode_ci DEFAULT NULL,
  `enabledByDefault` tinyint(1) NOT NULL DEFAULT 1,
  `dateCreated` datetime NOT NULL,
  `dateUpdated` datetime NOT NULL,
  `uid` char(36) COLLATE utf8_unicode_ci NOT NULL DEFAULT '0',
  PRIMARY KEY (`id`),
  UNIQUE KEY `ccsf_idx_vmihefpwgdjkznzcoroumviqkuyshnbmaeel` (`sectionId`,`siteId`),
  KEY `ccsf_idx_ujprnrxslhuojqqkavxfhmkirqccsgfsughf` (`siteId`),
  CONSTRAINT `ccsf_fk_ryaucjgwfdunvayqwddrytkbeftiusdmnroy` FOREIGN KEY (`sectionId`) REFERENCES `ccsf_sections` (`id`) ON DELETE CASCADE,
  CONSTRAINT `ccsf_fk_srovzzfdqanamwdsprijzcjtjrmwurnfhxri` FOREIGN KEY (`siteId`) REFERENCES `ccsf_sites` (`id`) ON DELETE CASCADE ON UPDATE CASCADE
) ENGINE=InnoDB AUTO_INCREMENT=4 DEFAULT CHARSET=utf8 COLLATE=utf8_unicode_ci;
/*!40101 SET character_set_client = @saved_cs_client */;

--
-- Table structure for table `ccsf_sequences`
--

DROP TABLE IF EXISTS `ccsf_sequences`;
/*!40101 SET @saved_cs_client     = @@character_set_client */;
/*!40101 SET character_set_client = utf8 */;
CREATE TABLE `ccsf_sequences` (
  `name` varchar(255) COLLATE utf8_unicode_ci NOT NULL,
  `next` int(11) unsigned NOT NULL DEFAULT 1,
  PRIMARY KEY (`name`)
) ENGINE=InnoDB DEFAULT CHARSET=utf8 COLLATE=utf8_unicode_ci;
/*!40101 SET character_set_client = @saved_cs_client */;

--
-- Table structure for table `ccsf_sessions`
--

DROP TABLE IF EXISTS `ccsf_sessions`;
/*!40101 SET @saved_cs_client     = @@character_set_client */;
/*!40101 SET character_set_client = utf8 */;
CREATE TABLE `ccsf_sessions` (
  `id` int(11) NOT NULL AUTO_INCREMENT,
  `userId` int(11) NOT NULL,
  `token` char(100) COLLATE utf8_unicode_ci NOT NULL,
  `dateCreated` datetime NOT NULL,
  `dateUpdated` datetime NOT NULL,
  `uid` char(36) COLLATE utf8_unicode_ci NOT NULL DEFAULT '0',
  PRIMARY KEY (`id`),
  KEY `ccsf_idx_icyxkgjymnhxzttexcfooslwxytzbeyrmtal` (`uid`),
  KEY `ccsf_idx_rghhugbwzwsildmecwvpzodupneubrcqdenc` (`token`),
  KEY `ccsf_idx_vzordcagpyvvxiftgzzfrhypumkaniklubqj` (`dateUpdated`),
  KEY `ccsf_idx_zuqsqxemtaxjasgnufqkyujgjorytupanabc` (`userId`),
  CONSTRAINT `ccsf_fk_lufxqfsjqwnndhbpabkiqowaazatmafiwjjn` FOREIGN KEY (`userId`) REFERENCES `ccsf_users` (`id`) ON DELETE CASCADE
) ENGINE=InnoDB AUTO_INCREMENT=19 DEFAULT CHARSET=utf8 COLLATE=utf8_unicode_ci;
/*!40101 SET character_set_client = @saved_cs_client */;

--
-- Table structure for table `ccsf_shunnedmessages`
--

DROP TABLE IF EXISTS `ccsf_shunnedmessages`;
/*!40101 SET @saved_cs_client     = @@character_set_client */;
/*!40101 SET character_set_client = utf8 */;
CREATE TABLE `ccsf_shunnedmessages` (
  `id` int(11) NOT NULL AUTO_INCREMENT,
  `userId` int(11) NOT NULL,
  `message` varchar(255) COLLATE utf8_unicode_ci NOT NULL,
  `expiryDate` datetime DEFAULT NULL,
  `dateCreated` datetime NOT NULL,
  `dateUpdated` datetime NOT NULL,
  `uid` char(36) COLLATE utf8_unicode_ci NOT NULL DEFAULT '0',
  PRIMARY KEY (`id`),
  UNIQUE KEY `ccsf_idx_vecvozpfskkemwmzhsanvdapxioevtdbdgtr` (`userId`,`message`),
  CONSTRAINT `ccsf_fk_dtkxxhsdqsayuktzudplbeeuskwehdskjbpy` FOREIGN KEY (`userId`) REFERENCES `ccsf_users` (`id`) ON DELETE CASCADE
) ENGINE=InnoDB DEFAULT CHARSET=utf8 COLLATE=utf8_unicode_ci;
/*!40101 SET character_set_client = @saved_cs_client */;

--
-- Table structure for table `ccsf_sitegroups`
--

DROP TABLE IF EXISTS `ccsf_sitegroups`;
/*!40101 SET @saved_cs_client     = @@character_set_client */;
/*!40101 SET character_set_client = utf8 */;
CREATE TABLE `ccsf_sitegroups` (
  `id` int(11) NOT NULL AUTO_INCREMENT,
  `name` varchar(255) COLLATE utf8_unicode_ci NOT NULL,
  `dateCreated` datetime NOT NULL,
  `dateUpdated` datetime NOT NULL,
  `dateDeleted` datetime DEFAULT NULL,
  `uid` char(36) COLLATE utf8_unicode_ci NOT NULL DEFAULT '0',
  PRIMARY KEY (`id`),
  KEY `ccsf_idx_zpjceiritttswmebvrjnrmtcogokjznjzvba` (`name`)
) ENGINE=InnoDB AUTO_INCREMENT=2 DEFAULT CHARSET=utf8 COLLATE=utf8_unicode_ci;
/*!40101 SET character_set_client = @saved_cs_client */;

--
-- Table structure for table `ccsf_sites`
--

DROP TABLE IF EXISTS `ccsf_sites`;
/*!40101 SET @saved_cs_client     = @@character_set_client */;
/*!40101 SET character_set_client = utf8 */;
CREATE TABLE `ccsf_sites` (
  `id` int(11) NOT NULL AUTO_INCREMENT,
  `groupId` int(11) NOT NULL,
  `primary` tinyint(1) NOT NULL,
  `enabled` tinyint(1) NOT NULL DEFAULT 1,
  `name` varchar(255) COLLATE utf8_unicode_ci NOT NULL,
  `handle` varchar(255) COLLATE utf8_unicode_ci NOT NULL,
  `language` varchar(12) COLLATE utf8_unicode_ci NOT NULL,
  `hasUrls` tinyint(1) NOT NULL DEFAULT 0,
  `baseUrl` varchar(255) COLLATE utf8_unicode_ci DEFAULT NULL,
  `sortOrder` smallint(6) unsigned DEFAULT NULL,
  `dateCreated` datetime NOT NULL,
  `dateUpdated` datetime NOT NULL,
  `dateDeleted` datetime DEFAULT NULL,
  `uid` char(36) COLLATE utf8_unicode_ci NOT NULL DEFAULT '0',
  PRIMARY KEY (`id`),
  KEY `ccsf_idx_ykbbtonifknxjzvoyhjdwrictmletifzvkaz` (`dateDeleted`),
  KEY `ccsf_idx_czdmlrbhdrokacwoidzzxhyjvjoxlxpcguli` (`handle`),
  KEY `ccsf_idx_htqwfteyxlhwtkcowlgukatxjjqvprfvoenr` (`sortOrder`),
  KEY `ccsf_fk_cqcvtjblxrtozoljvvqomdzpjfsjowwounli` (`groupId`),
  CONSTRAINT `ccsf_fk_cqcvtjblxrtozoljvvqomdzpjfsjowwounli` FOREIGN KEY (`groupId`) REFERENCES `ccsf_sitegroups` (`id`) ON DELETE CASCADE
) ENGINE=InnoDB AUTO_INCREMENT=2 DEFAULT CHARSET=utf8 COLLATE=utf8_unicode_ci;
/*!40101 SET character_set_client = @saved_cs_client */;

--
-- Table structure for table `ccsf_structureelements`
--

DROP TABLE IF EXISTS `ccsf_structureelements`;
/*!40101 SET @saved_cs_client     = @@character_set_client */;
/*!40101 SET character_set_client = utf8 */;
CREATE TABLE `ccsf_structureelements` (
  `id` int(11) NOT NULL AUTO_INCREMENT,
  `structureId` int(11) NOT NULL,
  `elementId` int(11) DEFAULT NULL,
  `root` int(11) unsigned DEFAULT NULL,
  `lft` int(11) unsigned NOT NULL,
  `rgt` int(11) unsigned NOT NULL,
  `level` smallint(6) unsigned NOT NULL,
  `dateCreated` datetime NOT NULL,
  `dateUpdated` datetime NOT NULL,
  `uid` char(36) COLLATE utf8_unicode_ci NOT NULL DEFAULT '0',
  PRIMARY KEY (`id`),
  UNIQUE KEY `ccsf_idx_wbgawidbldcaiqfjqxowjyukusksffwblqeh` (`structureId`,`elementId`),
  KEY `ccsf_idx_awbomuhklzixxnzibzdouotvwqehqrqcxkwv` (`root`),
  KEY `ccsf_idx_hynflfcszmkfweiglsujtlpzrlpxbymejbyx` (`lft`),
  KEY `ccsf_idx_lbsoogpwnoenmmwfqshvnoogywlcyyrppzwo` (`rgt`),
  KEY `ccsf_idx_plvjdidkikllevyoqspwctjdqvbqolbupqlw` (`level`),
  KEY `ccsf_idx_kqvdeljqijbtkhifmgtzidmachmxlqonohoz` (`elementId`),
  CONSTRAINT `ccsf_fk_dbmgcmgxigxduyoiocdfkhmajjvsoesetrqt` FOREIGN KEY (`elementId`) REFERENCES `ccsf_elements` (`id`) ON DELETE CASCADE,
  CONSTRAINT `ccsf_fk_pftoteodgwcpictyhewowqicvoxxdnsfamyn` FOREIGN KEY (`structureId`) REFERENCES `ccsf_structures` (`id`) ON DELETE CASCADE
) ENGINE=InnoDB AUTO_INCREMENT=4 DEFAULT CHARSET=utf8 COLLATE=utf8_unicode_ci;
/*!40101 SET character_set_client = @saved_cs_client */;

--
-- Table structure for table `ccsf_structures`
--

DROP TABLE IF EXISTS `ccsf_structures`;
/*!40101 SET @saved_cs_client     = @@character_set_client */;
/*!40101 SET character_set_client = utf8 */;
CREATE TABLE `ccsf_structures` (
  `id` int(11) NOT NULL AUTO_INCREMENT,
  `maxLevels` smallint(6) unsigned DEFAULT NULL,
  `dateCreated` datetime NOT NULL,
  `dateUpdated` datetime NOT NULL,
  `dateDeleted` datetime DEFAULT NULL,
  `uid` char(36) COLLATE utf8_unicode_ci NOT NULL DEFAULT '0',
  PRIMARY KEY (`id`),
  KEY `ccsf_idx_ibwosfivdzwqafmaishgibnjzmxllwvqnfwd` (`dateDeleted`)
) ENGINE=InnoDB AUTO_INCREMENT=2 DEFAULT CHARSET=utf8 COLLATE=utf8_unicode_ci;
/*!40101 SET character_set_client = @saved_cs_client */;

--
-- Table structure for table `ccsf_systemmessages`
--

DROP TABLE IF EXISTS `ccsf_systemmessages`;
/*!40101 SET @saved_cs_client     = @@character_set_client */;
/*!40101 SET character_set_client = utf8 */;
CREATE TABLE `ccsf_systemmessages` (
  `id` int(11) NOT NULL AUTO_INCREMENT,
  `language` varchar(255) COLLATE utf8_unicode_ci NOT NULL,
  `key` varchar(255) COLLATE utf8_unicode_ci NOT NULL,
  `subject` text COLLATE utf8_unicode_ci NOT NULL,
  `body` text COLLATE utf8_unicode_ci NOT NULL,
  `dateCreated` datetime NOT NULL,
  `dateUpdated` datetime NOT NULL,
  `uid` char(36) COLLATE utf8_unicode_ci NOT NULL DEFAULT '0',
  PRIMARY KEY (`id`),
  UNIQUE KEY `ccsf_idx_fvefdcwyiiobldoikgkddsbxflebtwkmgkat` (`key`,`language`),
  KEY `ccsf_idx_pekyfqogfkrupepyrkoqnlnyomjxpwhwybyi` (`language`)
) ENGINE=InnoDB DEFAULT CHARSET=utf8 COLLATE=utf8_unicode_ci;
/*!40101 SET character_set_client = @saved_cs_client */;

--
-- Table structure for table `ccsf_taggroups`
--

DROP TABLE IF EXISTS `ccsf_taggroups`;
/*!40101 SET @saved_cs_client     = @@character_set_client */;
/*!40101 SET character_set_client = utf8 */;
CREATE TABLE `ccsf_taggroups` (
  `id` int(11) NOT NULL AUTO_INCREMENT,
  `name` varchar(255) COLLATE utf8_unicode_ci NOT NULL,
  `handle` varchar(255) COLLATE utf8_unicode_ci NOT NULL,
  `fieldLayoutId` int(11) DEFAULT NULL,
  `dateCreated` datetime NOT NULL,
  `dateUpdated` datetime NOT NULL,
  `dateDeleted` datetime DEFAULT NULL,
  `uid` char(36) COLLATE utf8_unicode_ci NOT NULL DEFAULT '0',
  PRIMARY KEY (`id`),
  KEY `ccsf_idx_dpzywbdadtgbpdrsmbjhxtmqttddtwewmbwt` (`name`),
  KEY `ccsf_idx_gcybwlinoxqgmcxsqzsqarushkmabqxiswhx` (`handle`),
  KEY `ccsf_idx_ixjrtxjzumdopmfupaiczbzrdethauaainic` (`dateDeleted`),
  KEY `ccsf_fk_bhgdgqkfmxicfqtzjnhcncuvphbofamrnnga` (`fieldLayoutId`),
  CONSTRAINT `ccsf_fk_bhgdgqkfmxicfqtzjnhcncuvphbofamrnnga` FOREIGN KEY (`fieldLayoutId`) REFERENCES `ccsf_fieldlayouts` (`id`) ON DELETE SET NULL
) ENGINE=InnoDB AUTO_INCREMENT=2 DEFAULT CHARSET=utf8 COLLATE=utf8_unicode_ci;
/*!40101 SET character_set_client = @saved_cs_client */;

--
-- Table structure for table `ccsf_tags`
--

DROP TABLE IF EXISTS `ccsf_tags`;
/*!40101 SET @saved_cs_client     = @@character_set_client */;
/*!40101 SET character_set_client = utf8 */;
CREATE TABLE `ccsf_tags` (
  `id` int(11) NOT NULL,
  `groupId` int(11) NOT NULL,
  `deletedWithGroup` tinyint(1) DEFAULT NULL,
  `dateCreated` datetime NOT NULL,
  `dateUpdated` datetime NOT NULL,
  `uid` char(36) COLLATE utf8_unicode_ci NOT NULL DEFAULT '0',
  PRIMARY KEY (`id`),
  KEY `ccsf_idx_hfhyxvhmnbfyoqrgakfxwqrcpfzewetmylkm` (`groupId`),
  CONSTRAINT `ccsf_fk_sfidqdctbfemaqwukisclvfygkmtomlbpkdi` FOREIGN KEY (`id`) REFERENCES `ccsf_elements` (`id`) ON DELETE CASCADE,
  CONSTRAINT `ccsf_fk_xphcmyqlzkiqjemutgvhrvkqijomavktddxz` FOREIGN KEY (`groupId`) REFERENCES `ccsf_taggroups` (`id`) ON DELETE CASCADE
) ENGINE=InnoDB DEFAULT CHARSET=utf8 COLLATE=utf8_unicode_ci;
/*!40101 SET character_set_client = @saved_cs_client */;

--
-- Table structure for table `ccsf_templatecacheelements`
--

DROP TABLE IF EXISTS `ccsf_templatecacheelements`;
/*!40101 SET @saved_cs_client     = @@character_set_client */;
/*!40101 SET character_set_client = utf8 */;
CREATE TABLE `ccsf_templatecacheelements` (
  `id` int(11) NOT NULL AUTO_INCREMENT,
  `cacheId` int(11) NOT NULL,
  `elementId` int(11) NOT NULL,
  PRIMARY KEY (`id`),
  KEY `ccsf_idx_nbzsauwwmtfyvnihfbueuqdaignajvwaaixs` (`cacheId`),
  KEY `ccsf_idx_xzdbstrtsaehdkqattztozugzyubrvkotdod` (`elementId`),
  CONSTRAINT `ccsf_fk_ommrhemftfazxdlxneaowtxyymqjmrktpwhp` FOREIGN KEY (`cacheId`) REFERENCES `ccsf_templatecaches` (`id`) ON DELETE CASCADE,
  CONSTRAINT `ccsf_fk_pbaqgbcvrqlwmlixjfbluyoabcyieeyzkocb` FOREIGN KEY (`elementId`) REFERENCES `ccsf_elements` (`id`) ON DELETE CASCADE
) ENGINE=InnoDB DEFAULT CHARSET=utf8 COLLATE=utf8_unicode_ci;
/*!40101 SET character_set_client = @saved_cs_client */;

--
-- Table structure for table `ccsf_templatecachequeries`
--

DROP TABLE IF EXISTS `ccsf_templatecachequeries`;
/*!40101 SET @saved_cs_client     = @@character_set_client */;
/*!40101 SET character_set_client = utf8 */;
CREATE TABLE `ccsf_templatecachequeries` (
  `id` int(11) NOT NULL AUTO_INCREMENT,
  `cacheId` int(11) NOT NULL,
  `type` varchar(255) COLLATE utf8_unicode_ci NOT NULL,
  `query` longtext COLLATE utf8_unicode_ci NOT NULL,
  PRIMARY KEY (`id`),
  KEY `ccsf_idx_attcwpdvugljiuxomybcorwcpzcmuiygqkid` (`cacheId`),
  KEY `ccsf_idx_aygqvvjhrjjisgfphqmduvtspwodtirfngil` (`type`),
  CONSTRAINT `ccsf_fk_oxwmlxjlwyqdpdfivsytjiqpayroxiosnvmt` FOREIGN KEY (`cacheId`) REFERENCES `ccsf_templatecaches` (`id`) ON DELETE CASCADE
) ENGINE=InnoDB DEFAULT CHARSET=utf8 COLLATE=utf8_unicode_ci;
/*!40101 SET character_set_client = @saved_cs_client */;

--
-- Table structure for table `ccsf_templatecaches`
--

DROP TABLE IF EXISTS `ccsf_templatecaches`;
/*!40101 SET @saved_cs_client     = @@character_set_client */;
/*!40101 SET character_set_client = utf8 */;
CREATE TABLE `ccsf_templatecaches` (
  `id` int(11) NOT NULL AUTO_INCREMENT,
  `siteId` int(11) NOT NULL,
  `cacheKey` varchar(255) COLLATE utf8_unicode_ci NOT NULL,
  `path` varchar(255) COLLATE utf8_unicode_ci DEFAULT NULL,
  `expiryDate` datetime NOT NULL,
  `body` mediumtext COLLATE utf8_unicode_ci NOT NULL,
  PRIMARY KEY (`id`),
  KEY `ccsf_idx_xrqmjprohvlcbulsnldyqkujpzdappqhmagc` (`cacheKey`,`siteId`,`expiryDate`,`path`),
  KEY `ccsf_idx_bjlszcpmtpduefabdxwjmhuaygemdhzdbvcz` (`cacheKey`,`siteId`,`expiryDate`),
  KEY `ccsf_idx_eaxkrazznwlqtekeiopqucxuarhpzgddnjlp` (`siteId`),
  CONSTRAINT `ccsf_fk_nhcbegldssygnhmdtxywevkymhfbvclfbcqd` FOREIGN KEY (`siteId`) REFERENCES `ccsf_sites` (`id`) ON DELETE CASCADE ON UPDATE CASCADE
) ENGINE=InnoDB DEFAULT CHARSET=utf8 COLLATE=utf8_unicode_ci;
/*!40101 SET character_set_client = @saved_cs_client */;

--
-- Table structure for table `ccsf_tokens`
--

DROP TABLE IF EXISTS `ccsf_tokens`;
/*!40101 SET @saved_cs_client     = @@character_set_client */;
/*!40101 SET character_set_client = utf8 */;
CREATE TABLE `ccsf_tokens` (
  `id` int(11) NOT NULL AUTO_INCREMENT,
  `token` char(32) COLLATE utf8_unicode_ci NOT NULL,
  `route` text COLLATE utf8_unicode_ci DEFAULT NULL,
  `usageLimit` tinyint(3) unsigned DEFAULT NULL,
  `usageCount` tinyint(3) unsigned DEFAULT NULL,
  `expiryDate` datetime NOT NULL,
  `dateCreated` datetime NOT NULL,
  `dateUpdated` datetime NOT NULL,
  `uid` char(36) COLLATE utf8_unicode_ci NOT NULL DEFAULT '0',
  PRIMARY KEY (`id`),
  UNIQUE KEY `ccsf_idx_nbwrmealfcuwxrwnmsrxfjsohpzbeqksjwma` (`token`),
  KEY `ccsf_idx_cgzcbhlgbtpbtrvnzfwfzahmdspsqtpkfnkn` (`expiryDate`)
) ENGINE=InnoDB DEFAULT CHARSET=utf8 COLLATE=utf8_unicode_ci;
/*!40101 SET character_set_client = @saved_cs_client */;

--
-- Table structure for table `ccsf_usergroups`
--

DROP TABLE IF EXISTS `ccsf_usergroups`;
/*!40101 SET @saved_cs_client     = @@character_set_client */;
/*!40101 SET character_set_client = utf8 */;
CREATE TABLE `ccsf_usergroups` (
  `id` int(11) NOT NULL AUTO_INCREMENT,
  `name` varchar(255) COLLATE utf8_unicode_ci NOT NULL,
  `handle` varchar(255) COLLATE utf8_unicode_ci NOT NULL,
  `description` text COLLATE utf8_unicode_ci DEFAULT NULL,
  `dateCreated` datetime NOT NULL,
  `dateUpdated` datetime NOT NULL,
  `uid` char(36) COLLATE utf8_unicode_ci NOT NULL DEFAULT '0',
  PRIMARY KEY (`id`),
  KEY `ccsf_idx_tcubdagaitmkztjjgjttmeyajptelpycoeuy` (`handle`),
  KEY `ccsf_idx_sngumctwhgfzrjeadkcvwlrnbawkmukbkobe` (`name`)
) ENGINE=InnoDB DEFAULT CHARSET=utf8 COLLATE=utf8_unicode_ci;
/*!40101 SET character_set_client = @saved_cs_client */;

--
-- Table structure for table `ccsf_usergroups_users`
--

DROP TABLE IF EXISTS `ccsf_usergroups_users`;
/*!40101 SET @saved_cs_client     = @@character_set_client */;
/*!40101 SET character_set_client = utf8 */;
CREATE TABLE `ccsf_usergroups_users` (
  `id` int(11) NOT NULL AUTO_INCREMENT,
  `groupId` int(11) NOT NULL,
  `userId` int(11) NOT NULL,
  `dateCreated` datetime NOT NULL,
  `dateUpdated` datetime NOT NULL,
  `uid` char(36) COLLATE utf8_unicode_ci NOT NULL DEFAULT '0',
  PRIMARY KEY (`id`),
  UNIQUE KEY `ccsf_idx_gvcszgthuibrjgdxhxerdpdcdbzqurrxuxph` (`groupId`,`userId`),
  KEY `ccsf_idx_msknagcjktfknplaxijdvfnuepkhgemvngch` (`userId`),
  CONSTRAINT `ccsf_fk_ejzxxqpqduhzgazcvhkamhwsembfhudqgnsy` FOREIGN KEY (`groupId`) REFERENCES `ccsf_usergroups` (`id`) ON DELETE CASCADE,
  CONSTRAINT `ccsf_fk_qbizvlymgicjsyqoflnvyxqmrjkrfshouwsp` FOREIGN KEY (`userId`) REFERENCES `ccsf_users` (`id`) ON DELETE CASCADE
) ENGINE=InnoDB DEFAULT CHARSET=utf8 COLLATE=utf8_unicode_ci;
/*!40101 SET character_set_client = @saved_cs_client */;

--
-- Table structure for table `ccsf_userpermissions`
--

DROP TABLE IF EXISTS `ccsf_userpermissions`;
/*!40101 SET @saved_cs_client     = @@character_set_client */;
/*!40101 SET character_set_client = utf8 */;
CREATE TABLE `ccsf_userpermissions` (
  `id` int(11) NOT NULL AUTO_INCREMENT,
  `name` varchar(255) COLLATE utf8_unicode_ci NOT NULL,
  `dateCreated` datetime NOT NULL,
  `dateUpdated` datetime NOT NULL,
  `uid` char(36) COLLATE utf8_unicode_ci NOT NULL DEFAULT '0',
  PRIMARY KEY (`id`),
  UNIQUE KEY `ccsf_idx_fdpkndgckzdimnvevcljfnodugvbqsllqxrz` (`name`)
) ENGINE=InnoDB DEFAULT CHARSET=utf8 COLLATE=utf8_unicode_ci;
/*!40101 SET character_set_client = @saved_cs_client */;

--
-- Table structure for table `ccsf_userpermissions_usergroups`
--

DROP TABLE IF EXISTS `ccsf_userpermissions_usergroups`;
/*!40101 SET @saved_cs_client     = @@character_set_client */;
/*!40101 SET character_set_client = utf8 */;
CREATE TABLE `ccsf_userpermissions_usergroups` (
  `id` int(11) NOT NULL AUTO_INCREMENT,
  `permissionId` int(11) NOT NULL,
  `groupId` int(11) NOT NULL,
  `dateCreated` datetime NOT NULL,
  `dateUpdated` datetime NOT NULL,
  `uid` char(36) COLLATE utf8_unicode_ci NOT NULL DEFAULT '0',
  PRIMARY KEY (`id`),
  UNIQUE KEY `ccsf_idx_runuogpeiyxpamwrlhuyahxkzxabeqemevko` (`permissionId`,`groupId`),
  KEY `ccsf_idx_eehnzpekgkzwefolrpucfulckzcxknlthmwb` (`groupId`),
  CONSTRAINT `ccsf_fk_peqvapohmasxcdubrjlokxzhggzvfqyleplx` FOREIGN KEY (`groupId`) REFERENCES `ccsf_usergroups` (`id`) ON DELETE CASCADE,
  CONSTRAINT `ccsf_fk_wygnrlyqekqqvwnxldzrqdawfozmpxcxprdw` FOREIGN KEY (`permissionId`) REFERENCES `ccsf_userpermissions` (`id`) ON DELETE CASCADE
) ENGINE=InnoDB DEFAULT CHARSET=utf8 COLLATE=utf8_unicode_ci;
/*!40101 SET character_set_client = @saved_cs_client */;

--
-- Table structure for table `ccsf_userpermissions_users`
--

DROP TABLE IF EXISTS `ccsf_userpermissions_users`;
/*!40101 SET @saved_cs_client     = @@character_set_client */;
/*!40101 SET character_set_client = utf8 */;
CREATE TABLE `ccsf_userpermissions_users` (
  `id` int(11) NOT NULL AUTO_INCREMENT,
  `permissionId` int(11) NOT NULL,
  `userId` int(11) NOT NULL,
  `dateCreated` datetime NOT NULL,
  `dateUpdated` datetime NOT NULL,
  `uid` char(36) COLLATE utf8_unicode_ci NOT NULL DEFAULT '0',
  PRIMARY KEY (`id`),
  UNIQUE KEY `ccsf_idx_rodiyacmwepnjozijzcrvexdfqbmtfogwfmm` (`permissionId`,`userId`),
  KEY `ccsf_idx_dxbsuirxzeehgcfznakmvkvpwrpvxvwyoxgr` (`userId`),
  CONSTRAINT `ccsf_fk_hftxcvygvljvrpgmcocxifcafibydfxrpuio` FOREIGN KEY (`userId`) REFERENCES `ccsf_users` (`id`) ON DELETE CASCADE,
  CONSTRAINT `ccsf_fk_jroavtpfwfiqgdnxneqtbhzoetssekuhtbcg` FOREIGN KEY (`permissionId`) REFERENCES `ccsf_userpermissions` (`id`) ON DELETE CASCADE
) ENGINE=InnoDB DEFAULT CHARSET=utf8 COLLATE=utf8_unicode_ci;
/*!40101 SET character_set_client = @saved_cs_client */;

--
-- Table structure for table `ccsf_userpreferences`
--

DROP TABLE IF EXISTS `ccsf_userpreferences`;
/*!40101 SET @saved_cs_client     = @@character_set_client */;
/*!40101 SET character_set_client = utf8 */;
CREATE TABLE `ccsf_userpreferences` (
  `userId` int(11) NOT NULL AUTO_INCREMENT,
  `preferences` text COLLATE utf8_unicode_ci DEFAULT NULL,
  PRIMARY KEY (`userId`),
  CONSTRAINT `ccsf_fk_gpqgxzorneooramznmljhffkjygxqlscpzlc` FOREIGN KEY (`userId`) REFERENCES `ccsf_users` (`id`) ON DELETE CASCADE
) ENGINE=InnoDB AUTO_INCREMENT=2 DEFAULT CHARSET=utf8 COLLATE=utf8_unicode_ci;
/*!40101 SET character_set_client = @saved_cs_client */;

--
-- Table structure for table `ccsf_users`
--

DROP TABLE IF EXISTS `ccsf_users`;
/*!40101 SET @saved_cs_client     = @@character_set_client */;
/*!40101 SET character_set_client = utf8 */;
CREATE TABLE `ccsf_users` (
  `id` int(11) NOT NULL,
  `username` varchar(100) COLLATE utf8_unicode_ci NOT NULL,
  `photoId` int(11) DEFAULT NULL,
  `firstName` varchar(100) COLLATE utf8_unicode_ci DEFAULT NULL,
  `lastName` varchar(100) COLLATE utf8_unicode_ci DEFAULT NULL,
  `email` varchar(255) COLLATE utf8_unicode_ci NOT NULL,
  `password` varchar(255) COLLATE utf8_unicode_ci DEFAULT NULL,
  `admin` tinyint(1) NOT NULL DEFAULT 0,
  `locked` tinyint(1) NOT NULL DEFAULT 0,
  `suspended` tinyint(1) NOT NULL DEFAULT 0,
  `pending` tinyint(1) NOT NULL DEFAULT 0,
  `lastLoginDate` datetime DEFAULT NULL,
  `lastLoginAttemptIp` varchar(45) COLLATE utf8_unicode_ci DEFAULT NULL,
  `invalidLoginWindowStart` datetime DEFAULT NULL,
  `invalidLoginCount` tinyint(3) unsigned DEFAULT NULL,
  `lastInvalidLoginDate` datetime DEFAULT NULL,
  `lockoutDate` datetime DEFAULT NULL,
  `hasDashboard` tinyint(1) NOT NULL DEFAULT 0,
  `verificationCode` varchar(255) COLLATE utf8_unicode_ci DEFAULT NULL,
  `verificationCodeIssuedDate` datetime DEFAULT NULL,
  `unverifiedEmail` varchar(255) COLLATE utf8_unicode_ci DEFAULT NULL,
  `passwordResetRequired` tinyint(1) NOT NULL DEFAULT 0,
  `lastPasswordChangeDate` datetime DEFAULT NULL,
  `dateCreated` datetime NOT NULL,
  `dateUpdated` datetime NOT NULL,
  `uid` char(36) COLLATE utf8_unicode_ci NOT NULL DEFAULT '0',
  PRIMARY KEY (`id`),
  KEY `ccsf_idx_lbsmvxhnywmxkxxpbyklcksnauycgakfelzb` (`uid`),
  KEY `ccsf_idx_dznocfqnarolbuodfozlucpuywtwszdsgxra` (`verificationCode`),
  KEY `ccsf_idx_qsyhfkvlmcvxrlyhqzojgllvsdvtuskqqxts` (`email`),
  KEY `ccsf_idx_dictwqrqiwfplrblpdivttvashqohnmfurqw` (`username`),
  KEY `ccsf_fk_olccsnqylcgohaavpoxgcnnykplejwvoexlk` (`photoId`),
  CONSTRAINT `ccsf_fk_olccsnqylcgohaavpoxgcnnykplejwvoexlk` FOREIGN KEY (`photoId`) REFERENCES `ccsf_assets` (`id`) ON DELETE SET NULL,
  CONSTRAINT `ccsf_fk_pbfmnnyxpglwnpbwmooicildeamhmlyxtojz` FOREIGN KEY (`id`) REFERENCES `ccsf_elements` (`id`) ON DELETE CASCADE
) ENGINE=InnoDB DEFAULT CHARSET=utf8 COLLATE=utf8_unicode_ci;
/*!40101 SET character_set_client = @saved_cs_client */;

--
-- Table structure for table `ccsf_volumefolders`
--

DROP TABLE IF EXISTS `ccsf_volumefolders`;
/*!40101 SET @saved_cs_client     = @@character_set_client */;
/*!40101 SET character_set_client = utf8 */;
CREATE TABLE `ccsf_volumefolders` (
  `id` int(11) NOT NULL AUTO_INCREMENT,
  `parentId` int(11) DEFAULT NULL,
  `volumeId` int(11) DEFAULT NULL,
  `name` varchar(255) COLLATE utf8_unicode_ci NOT NULL,
  `path` varchar(255) COLLATE utf8_unicode_ci DEFAULT NULL,
  `dateCreated` datetime NOT NULL,
  `dateUpdated` datetime NOT NULL,
  `uid` char(36) COLLATE utf8_unicode_ci NOT NULL DEFAULT '0',
  PRIMARY KEY (`id`),
  UNIQUE KEY `ccsf_idx_wistmoeusoxzabqgpndwpehsmrzyufromddx` (`name`,`parentId`,`volumeId`),
  KEY `ccsf_idx_pkcltsiaztyqclalrehlratehmvnsicwxbwf` (`parentId`),
  KEY `ccsf_idx_xpeboclwsxflvppfxpvytsigmtzumbibeypj` (`volumeId`),
  CONSTRAINT `ccsf_fk_bmjnzhwuoukdewgodirylxguidcugeouakbh` FOREIGN KEY (`parentId`) REFERENCES `ccsf_volumefolders` (`id`) ON DELETE CASCADE,
  CONSTRAINT `ccsf_fk_iojpldsvytowbsguafntxciisrlborgkeudy` FOREIGN KEY (`volumeId`) REFERENCES `ccsf_volumes` (`id`) ON DELETE CASCADE
) ENGINE=InnoDB AUTO_INCREMENT=9 DEFAULT CHARSET=utf8 COLLATE=utf8_unicode_ci;
/*!40101 SET character_set_client = @saved_cs_client */;

--
-- Table structure for table `ccsf_volumes`
--

DROP TABLE IF EXISTS `ccsf_volumes`;
/*!40101 SET @saved_cs_client     = @@character_set_client */;
/*!40101 SET character_set_client = utf8 */;
CREATE TABLE `ccsf_volumes` (
  `id` int(11) NOT NULL AUTO_INCREMENT,
  `fieldLayoutId` int(11) DEFAULT NULL,
  `name` varchar(255) COLLATE utf8_unicode_ci NOT NULL,
  `handle` varchar(255) COLLATE utf8_unicode_ci NOT NULL,
  `type` varchar(255) COLLATE utf8_unicode_ci NOT NULL,
  `hasUrls` tinyint(1) NOT NULL DEFAULT 1,
  `url` varchar(255) COLLATE utf8_unicode_ci DEFAULT NULL,
  `titleTranslationMethod` varchar(255) COLLATE utf8_unicode_ci NOT NULL DEFAULT 'site',
  `titleTranslationKeyFormat` text COLLATE utf8_unicode_ci DEFAULT NULL,
  `settings` text COLLATE utf8_unicode_ci DEFAULT NULL,
  `sortOrder` smallint(6) unsigned DEFAULT NULL,
  `dateCreated` datetime NOT NULL,
  `dateUpdated` datetime NOT NULL,
  `dateDeleted` datetime DEFAULT NULL,
  `uid` char(36) COLLATE utf8_unicode_ci NOT NULL DEFAULT '0',
  PRIMARY KEY (`id`),
  KEY `ccsf_idx_xichenvqqunmmzlezfpgwhfyoxbotxbwteey` (`name`),
  KEY `ccsf_idx_mhbqfzqduigtamzbnascmbhjcqrycajaxhhh` (`handle`),
  KEY `ccsf_idx_xvrgolbtyaeplolduowjduohhutdaavsxjka` (`fieldLayoutId`),
  KEY `ccsf_idx_wwgoyqrffufdjrgejrxwqzuikeentconfkhq` (`dateDeleted`),
  CONSTRAINT `ccsf_fk_mycanoxiikfsauxlwldaaxsdabdubhewivtv` FOREIGN KEY (`fieldLayoutId`) REFERENCES `ccsf_fieldlayouts` (`id`) ON DELETE SET NULL
) ENGINE=InnoDB AUTO_INCREMENT=7 DEFAULT CHARSET=utf8 COLLATE=utf8_unicode_ci;
/*!40101 SET character_set_client = @saved_cs_client */;

--
-- Table structure for table `ccsf_widgets`
--

DROP TABLE IF EXISTS `ccsf_widgets`;
/*!40101 SET @saved_cs_client     = @@character_set_client */;
/*!40101 SET character_set_client = utf8 */;
CREATE TABLE `ccsf_widgets` (
  `id` int(11) NOT NULL AUTO_INCREMENT,
  `userId` int(11) NOT NULL,
  `type` varchar(255) COLLATE utf8_unicode_ci NOT NULL,
  `sortOrder` smallint(6) unsigned DEFAULT NULL,
  `colspan` tinyint(3) DEFAULT NULL,
  `settings` text COLLATE utf8_unicode_ci DEFAULT NULL,
  `enabled` tinyint(1) NOT NULL DEFAULT 1,
  `dateCreated` datetime NOT NULL,
  `dateUpdated` datetime NOT NULL,
  `uid` char(36) COLLATE utf8_unicode_ci NOT NULL DEFAULT '0',
  PRIMARY KEY (`id`),
  KEY `ccsf_idx_yvdowbnobwfxpszlcpwyfvwvgjfidkxtupsu` (`userId`),
  CONSTRAINT `ccsf_fk_axkyevivxdeweayzhjrjayyrnkxxvgvzytxp` FOREIGN KEY (`userId`) REFERENCES `ccsf_users` (`id`) ON DELETE CASCADE
) ENGINE=InnoDB AUTO_INCREMENT=5 DEFAULT CHARSET=utf8 COLLATE=utf8_unicode_ci;
/*!40101 SET character_set_client = @saved_cs_client */;

--
-- Dumping routines for database 'flare'
--
/*!40103 SET TIME_ZONE=@OLD_TIME_ZONE */;

/*!40101 SET SQL_MODE=@OLD_SQL_MODE */;
/*!40014 SET FOREIGN_KEY_CHECKS=@OLD_FOREIGN_KEY_CHECKS */;
/*!40014 SET UNIQUE_CHECKS=@OLD_UNIQUE_CHECKS */;
/*!40101 SET CHARACTER_SET_CLIENT=@OLD_CHARACTER_SET_CLIENT */;
/*!40101 SET CHARACTER_SET_RESULTS=@OLD_CHARACTER_SET_RESULTS */;
/*!40101 SET COLLATION_CONNECTION=@OLD_COLLATION_CONNECTION */;
/*!40111 SET SQL_NOTES=@OLD_SQL_NOTES */;

-- Dump completed on 2021-06-04 15:40:30
-- MariaDB dump 10.19  Distrib 10.5.10-MariaDB, for Linux (x86_64)
--
-- Host: 127.0.0.1    Database: flare
-- ------------------------------------------------------
-- Server version	10.5.10-MariaDB

/*!40101 SET @OLD_CHARACTER_SET_CLIENT=@@CHARACTER_SET_CLIENT */;
/*!40101 SET @OLD_CHARACTER_SET_RESULTS=@@CHARACTER_SET_RESULTS */;
/*!40101 SET @OLD_COLLATION_CONNECTION=@@COLLATION_CONNECTION */;
/*!40101 SET NAMES utf8 */;
/*!40103 SET @OLD_TIME_ZONE=@@TIME_ZONE */;
/*!40103 SET TIME_ZONE='+00:00' */;
/*!40014 SET @OLD_FOREIGN_KEY_CHECKS=@@FOREIGN_KEY_CHECKS, FOREIGN_KEY_CHECKS=0 */;
/*!40101 SET @OLD_SQL_MODE=@@SQL_MODE, SQL_MODE='NO_AUTO_VALUE_ON_ZERO' */;
/*!40111 SET @OLD_SQL_NOTES=@@SQL_NOTES, SQL_NOTES=0 */;

--
-- Dumping data for table `ccsf_assets`
--

LOCK TABLES `ccsf_assets` WRITE;
/*!40000 ALTER TABLE `ccsf_assets` DISABLE KEYS */;
set autocommit=0;
INSERT INTO `ccsf_assets` VALUES (3,1,1,1,'logo.svg','image',165,24,1078,NULL,0,0,'2021-06-01 00:55:39','2021-06-01 00:55:40','2021-06-01 00:55:40','0440a608-a99f-44cc-aefd-1ad7f1465cde'),(4,1,1,1,'logo.svg','image',165,24,1078,NULL,0,0,'2021-06-01 01:11:37','2021-06-01 01:11:37','2021-06-01 01:11:37','858b29fa-f1fc-464d-b147-a57208f4616a'),(5,1,1,1,'logo.svg','image',165,24,1078,NULL,NULL,NULL,'2021-06-01 01:15:22','2021-06-01 01:15:22','2021-06-01 01:15:22','018fea85-f66d-405b-a6f5-4d388a76fe6b'),(6,1,1,1,'android-chrome-512x512.png','image',512,512,132126,NULL,NULL,NULL,'2021-06-01 18:00:57','2021-06-01 18:00:57','2021-06-01 18:00:57','9846c4e2-857f-4458-b47b-0df62a6310a0'),(7,1,1,1,'android-chrome-192x192.png','image',192,192,1828,NULL,NULL,NULL,'2021-06-01 18:01:20','2021-06-01 18:01:20','2021-06-01 18:01:20','31e3c762-7939-492f-91d3-0729080b58f3'),(8,1,1,1,'apple-touch-icon.png','image',180,180,1582,NULL,NULL,NULL,'2021-06-01 18:01:52','2021-06-01 18:01:52','2021-06-01 18:01:52','7eb850d0-8874-40bf-813c-6748c54a64cb'),(9,1,1,1,'favicon-32x32.png','image',32,32,264,NULL,NULL,NULL,'2021-06-01 18:02:15','2021-06-01 18:02:15','2021-06-01 18:02:15','d63e7e55-058c-4b1a-a3c6-7ee01e08aaeb'),(10,1,1,1,'favicon-16x16.png','image',16,16,225,NULL,NULL,NULL,'2021-06-01 18:02:27','2021-06-01 18:02:27','2021-06-01 18:02:27','78b39cfa-1134-4ebc-b97f-5a34bc2221e0'),(16,1,1,1,'favicon.ico','unknown',NULL,NULL,15406,NULL,NULL,NULL,'2021-06-01 18:16:05','2021-06-01 18:16:05','2021-06-01 18:16:05','6bed9545-0dc8-4efd-ba02-bff7cac0085d'),(45,1,1,1,'faviconNew.ico','unknown',NULL,NULL,1150,NULL,0,0,'2021-06-03 00:21:36','2021-06-03 00:21:36','2021-06-03 00:21:36','9879bd26-ca31-4a47-aab1-24c968a06c7c'),(46,2,4,1,'hero-bg.jpg','image',2250,1500,165968,NULL,NULL,NULL,'2021-06-03 00:28:39','2021-06-03 00:28:39','2021-06-03 00:28:39','b5c368be-db97-42d0-ab52-188a4ff2016c'),(53,2,4,1,'about-photo.jpeg','image',1125,1287,133695,NULL,NULL,NULL,'2021-06-03 01:44:36','2021-06-03 01:44:37','2021-06-03 01:44:37','cc3d785e-728a-48ee-ba67-eb61b1206515'),(106,2,4,1,'icon-product-design.svg','image',1600,1200,5057,NULL,0,0,'2021-06-03 14:57:31','2021-06-03 14:57:31','2021-06-03 14:57:31','53eaab3f-1e27-4fdc-8fd4-a8e5173c8895'),(107,2,4,1,'icon-branding.svg','image',1600,1200,2907,NULL,0,0,'2021-06-03 15:04:56','2021-06-03 15:04:56','2021-06-03 15:04:56','c3729ecd-96d4-4755-97a3-0fd1782172a8'),(108,2,4,1,'icon-frontend.svg','image',1600,1200,3653,NULL,0,0,'2021-06-03 15:06:15','2021-06-03 15:06:15','2021-06-03 15:06:15','8712e2b0-96fe-4a8f-b84f-55a5f67c8f2b'),(109,2,4,1,'icon-research.svg','image',1600,1200,3395,NULL,0,0,'2021-06-03 15:06:48','2021-06-03 15:06:48','2021-06-03 15:06:48','e1a40d24-9f67-4db4-85dd-691333081e1c'),(110,2,4,1,'icon-illustration.svg','image',1600,1200,3880,NULL,0,0,'2021-06-03 15:07:18','2021-06-03 15:07:18','2021-06-03 15:07:18','9c7bf392-ffcf-45d5-b02a-6289e9c8d9a1'),(111,2,4,1,'icon-ecommerce.svg','image',1600,1200,4694,NULL,0,0,'2021-06-03 15:07:46','2021-06-03 15:07:47','2021-06-03 15:07:47','84c1d0de-3017-4f3f-9d88-9da2dec4afc5'),(140,3,5,1,'icon-product-design.svg','image',1600,1200,5057,NULL,NULL,NULL,'2021-06-03 15:16:55','2021-06-03 15:16:55','2021-06-03 15:16:55','e6d982e0-da7d-41c6-9e02-ef34863fb526'),(141,3,5,1,'icon-branding.svg','image',1600,1200,2907,NULL,NULL,NULL,'2021-06-03 15:17:04','2021-06-03 15:17:04','2021-06-03 15:17:04','ad1298e2-2438-4255-be9f-2260e6bf8cab'),(142,3,5,1,'icon-frontend.svg','image',1600,1200,3653,NULL,NULL,NULL,'2021-06-03 15:17:08','2021-06-03 15:17:08','2021-06-03 15:17:08','dbb945f6-053c-40fa-8138-d2ea08511f32'),(143,3,5,1,'icon-research.svg','image',1600,1200,3395,NULL,NULL,NULL,'2021-06-03 15:17:26','2021-06-03 15:17:26','2021-06-03 15:17:26','32b1d932-803c-43ba-b9de-548808dd1805'),(144,3,5,1,'icon-illustration.svg','image',1600,1200,3880,NULL,NULL,NULL,'2021-06-03 15:17:34','2021-06-03 15:17:34','2021-06-03 15:17:34','af3ea674-8184-4045-b763-090d8c883408'),(145,3,5,1,'icon-ecommerce.svg','image',1600,1200,4694,NULL,NULL,NULL,'2021-06-03 15:17:53','2021-06-03 15:17:53','2021-06-03 15:17:53','eb748a1e-5b32-4ae6-81f0-bda8963f43d3'),(183,4,6,1,'g-red-wheel.jpeg','image',1575,1050,181199,NULL,NULL,NULL,'2021-06-04 02:26:54','2021-06-04 02:26:54','2021-06-04 02:26:54','e2bfa220-c079-4b4e-bc7a-ac161fea2a18'),(184,4,6,1,'red-wheel.jpeg','image',700,452,78636,NULL,NULL,NULL,'2021-06-04 02:27:07','2021-06-04 02:27:07','2021-06-04 02:27:07','1e5c226d-ac54-494e-9912-21b2347e4036'),(185,4,6,1,'red-wheel@2x.jpeg','image',700,452,71143,NULL,NULL,NULL,'2021-06-04 02:27:15','2021-06-04 02:27:15','2021-06-04 02:27:15','cadf9f16-e795-46b5-b7ec-530d69332a10'),(186,4,6,1,'g-music-life.jpeg','image',1575,1050,124355,NULL,NULL,NULL,'2021-06-04 02:28:51','2021-06-04 02:28:51','2021-06-04 02:28:51','7a3abf3d-d1f1-4405-a29e-1109fa1ef87b'),(187,4,6,1,'music-life.jpeg','image',700,452,31240,NULL,NULL,NULL,'2021-06-04 02:28:59','2021-06-04 02:28:59','2021-06-04 02:28:59','c9da374d-fe98-4e83-83fa-c335569642b0'),(188,4,6,1,'music-life@2x.jpeg','image',700,452,30304,NULL,NULL,NULL,'2021-06-04 02:29:09','2021-06-04 02:29:09','2021-06-04 02:29:09','cd7fc76b-5354-40fe-935d-dd0a34301ad1'),(189,4,6,1,'g-oi-logo.jpeg','image',1575,1050,130531,NULL,NULL,NULL,'2021-06-04 02:31:30','2021-06-04 02:31:30','2021-06-04 02:31:30','a82c4a97-dd68-43d9-8c04-9e47f811495b'),(190,4,6,1,'oi-logo.jpeg','image',700,452,32922,NULL,NULL,NULL,'2021-06-04 02:31:41','2021-06-04 02:31:41','2021-06-04 02:31:41','4cba8114-fa45-43fd-9b27-66a4fb10eaf2'),(191,4,6,1,'oi-logo@2x.jpeg','image',700,452,34089,NULL,NULL,NULL,'2021-06-04 02:31:46','2021-06-04 02:31:46','2021-06-04 02:31:46','37296330-803c-4a10-9a32-5fd5624b4c93'),(192,4,6,1,'g-corrugated-sheets.jpeg','image',1575,1050,102330,NULL,NULL,NULL,'2021-06-04 02:47:42','2021-06-04 02:47:42','2021-06-04 02:47:42','bf685598-bb49-42cb-a784-d9d41f69a10a'),(193,4,6,1,'corrugated-sheets.jpeg','image',700,452,34243,NULL,NULL,NULL,'2021-06-04 02:47:48','2021-06-04 02:47:48','2021-06-04 02:47:48','8af223b4-ddb2-4851-ad9e-07ebcc169aaa'),(194,4,6,1,'corrugated-sheets@2x.jpeg','image',700,452,39634,NULL,NULL,NULL,'2021-06-04 02:47:54','2021-06-04 02:47:54','2021-06-04 02:47:54','a9e7ab80-8505-4be2-9365-e79487bf52cb'),(195,4,6,1,'g-woodcraft.jpeg','image',1575,1050,89188,NULL,NULL,NULL,'2021-06-04 02:48:09','2021-06-04 02:48:09','2021-06-04 02:48:09','ce08366e-597d-4961-85ca-e098716ae694'),(196,4,6,1,'woodcraft.jpeg','image',700,452,18659,NULL,NULL,NULL,'2021-06-04 02:48:20','2021-06-04 02:48:20','2021-06-04 02:48:20','8e1c7375-5287-4f44-bbaf-5172fb86cf21'),(197,4,6,1,'red-wheel@2x_2021-06-04-024825_nqgb.jpeg','image',700,452,71143,NULL,0,0,'2021-06-04 02:48:25','2021-06-04 02:48:25','2021-06-04 02:48:25','2004df32-ca73-4ee5-93e1-e803910fe0d2'),(198,4,6,1,'woodcraft@2x.jpeg','image',700,452,17174,NULL,NULL,NULL,'2021-06-04 02:48:39','2021-06-04 02:48:39','2021-06-04 02:48:39','05f9432f-cf44-4b0c-80e0-3488c34cb8ad'),(199,4,6,1,'g-lamp.jpeg','image',1575,1050,290354,NULL,NULL,NULL,'2021-06-04 02:48:52','2021-06-04 02:48:52','2021-06-04 02:48:52','1fdc618f-7396-4c9e-9e9c-0ba671c82672'),(200,4,6,1,'lamp.jpeg','image',700,452,33642,NULL,NULL,NULL,'2021-06-04 02:49:00','2021-06-04 02:49:00','2021-06-04 02:49:00','9ac40137-183f-40be-9b0a-6ba97556fe87'),(201,4,6,1,'lamp@2x.jpeg','image',700,452,36115,NULL,NULL,NULL,'2021-06-04 02:49:07','2021-06-04 02:49:07','2021-06-04 02:49:07','e35595a7-f776-436c-9441-aeaf041097f1'),(241,5,7,1,'user-02.jpg','image',300,300,34957,NULL,NULL,NULL,'2021-06-04 04:59:04','2021-06-04 04:59:04','2021-06-04 04:59:04','c14f7fd9-1869-4b28-bac2-fdedf0b33f70'),(242,5,7,1,'user-01.jpg','image',300,300,39167,NULL,NULL,NULL,'2021-06-04 05:00:40','2021-06-04 05:00:40','2021-06-04 05:00:40','1544c344-c1e9-4dec-aadd-759727a83475'),(243,5,7,1,'user-04.jpg','image',300,300,21897,NULL,NULL,NULL,'2021-06-04 05:02:14','2021-06-04 05:02:14','2021-06-04 05:02:14','7ffbc751-e302-45ec-85b3-a2b7dce805b9'),(244,5,7,1,'user-05.jpg','image',300,300,48111,NULL,NULL,NULL,'2021-06-04 05:03:07','2021-06-04 05:03:07','2021-06-04 05:03:07','670e40b2-530f-44b4-aef1-cd4e76f348e9'),(296,6,8,1,'dropbox.svg','image',1600,1200,710,NULL,NULL,NULL,'2021-06-04 05:35:47','2021-06-04 05:35:47','2021-06-04 05:35:47','ec821be0-016f-4c07-a33e-fcb78b86f0bf'),(297,6,8,1,'atom.svg','image',1600,1200,2414,NULL,NULL,NULL,'2021-06-04 05:37:56','2021-06-04 05:37:56','2021-06-04 05:37:56','ce818388-4391-4f52-9f3a-b7b733eb4512'),(298,6,8,1,'github.svg','image',1600,1200,1182,NULL,NULL,NULL,'2021-06-04 05:38:11','2021-06-04 05:38:11','2021-06-04 05:38:11','1921d25d-9ff1-438f-aaed-70c9e4018bbf'),(299,6,8,1,'redhat.svg','image',1600,1200,1033,NULL,NULL,NULL,'2021-06-04 05:38:29','2021-06-04 05:38:29','2021-06-04 05:38:29','08ebc02d-1749-4088-8699-625844a110ea'),(300,6,8,1,'medium.svg','image',1600,1200,869,NULL,NULL,NULL,'2021-06-04 05:38:45','2021-06-04 05:38:45','2021-06-04 05:38:45','f841249d-93f5-4b00-9d56-c9adfba28fbe'),(301,6,8,1,'messenger.svg','image',1600,1200,985,NULL,NULL,NULL,'2021-06-04 05:39:02','2021-06-04 05:39:02','2021-06-04 05:39:02','dc5780b5-1c45-4e3e-8ab6-ea80498950d7'),(302,6,8,1,'steam.svg','image',1600,1200,1455,NULL,NULL,NULL,'2021-06-04 05:39:16','2021-06-04 05:39:16','2021-06-04 05:39:16','12c2362b-3799-4908-9ab5-9166762d05b0'),(303,6,8,1,'spotify.svg','image',1600,1200,1054,NULL,NULL,NULL,'2021-06-04 05:39:30','2021-06-04 05:39:30','2021-06-04 05:39:30','2c9d7a69-9182-4138-83de-764335d4283a');
/*!40000 ALTER TABLE `ccsf_assets` ENABLE KEYS */;
UNLOCK TABLES;
commit;

--
-- Dumping data for table `ccsf_assettransforms`
--

LOCK TABLES `ccsf_assettransforms` WRITE;
/*!40000 ALTER TABLE `ccsf_assettransforms` DISABLE KEYS */;
set autocommit=0;
/*!40000 ALTER TABLE `ccsf_assettransforms` ENABLE KEYS */;
UNLOCK TABLES;
commit;

--
-- Dumping data for table `ccsf_categories`
--

LOCK TABLES `ccsf_categories` WRITE;
/*!40000 ALTER TABLE `ccsf_categories` DISABLE KEYS */;
set autocommit=0;
INSERT INTO `ccsf_categories` VALUES (157,1,NULL,NULL,'2021-06-04 01:31:35','2021-06-04 01:31:35','eb3e254a-e485-44a9-8096-ecbaf4333a52'),(158,1,NULL,NULL,'2021-06-04 01:31:59','2021-06-04 01:31:59','e851b11b-8077-414a-bfa3-cac3a32b971d');
/*!40000 ALTER TABLE `ccsf_categories` ENABLE KEYS */;
UNLOCK TABLES;
commit;

--
-- Dumping data for table `ccsf_categorygroups`
--

LOCK TABLES `ccsf_categorygroups` WRITE;
/*!40000 ALTER TABLE `ccsf_categorygroups` DISABLE KEYS */;
set autocommit=0;
INSERT INTO `ccsf_categorygroups` VALUES (1,1,20,'Portfolio','portfolio','2021-06-04 01:30:59','2021-06-04 01:30:59',NULL,'cd85444c-6f1f-4ef8-be46-b4f3f40cdf21');
/*!40000 ALTER TABLE `ccsf_categorygroups` ENABLE KEYS */;
UNLOCK TABLES;
commit;

--
-- Dumping data for table `ccsf_categorygroups_sites`
--

LOCK TABLES `ccsf_categorygroups_sites` WRITE;
/*!40000 ALTER TABLE `ccsf_categorygroups_sites` DISABLE KEYS */;
set autocommit=0;
INSERT INTO `ccsf_categorygroups_sites` VALUES (1,1,1,1,'portfolio/{slug}',NULL,'2021-06-04 01:30:59','2021-06-04 01:30:59','538eb87b-9fb6-4233-8b44-770d38a969b2');
/*!40000 ALTER TABLE `ccsf_categorygroups_sites` ENABLE KEYS */;
UNLOCK TABLES;
commit;

--
-- Dumping data for table `ccsf_changedattributes`
--

LOCK TABLES `ccsf_changedattributes` WRITE;
/*!40000 ALTER TABLE `ccsf_changedattributes` DISABLE KEYS */;
set autocommit=0;
INSERT INTO `ccsf_changedattributes` VALUES (67,1,'uri','2021-06-03 12:30:26',0,1);
/*!40000 ALTER TABLE `ccsf_changedattributes` ENABLE KEYS */;
UNLOCK TABLES;
commit;

--
-- Dumping data for table `ccsf_changedfields`
--

LOCK TABLES `ccsf_changedfields` WRITE;
/*!40000 ALTER TABLE `ccsf_changedfields` DISABLE KEYS */;
set autocommit=0;
INSERT INTO `ccsf_changedfields` VALUES (42,1,14,'2021-06-03 00:28:45',0,1),(42,1,50,'2021-06-04 15:19:40',0,1),(50,1,14,'2021-06-03 01:44:46',0,1),(50,1,50,'2021-06-04 14:11:14',0,1),(56,1,50,'2021-06-04 14:10:10',0,1),(61,1,1,'2021-06-04 13:13:13',0,1),(61,1,50,'2021-06-04 14:08:20',0,1),(64,1,13,'2021-06-04 05:20:38',0,1),(64,1,50,'2021-06-04 14:09:42',0,1),(67,1,1,'2021-06-03 12:30:29',0,1),(67,1,2,'2021-06-04 05:39:40',0,1),(67,1,22,'2021-06-03 14:00:38',0,1),(67,1,25,'2021-06-03 15:17:59',0,1),(67,1,29,'2021-06-04 02:49:19',0,1),(67,1,41,'2021-06-04 05:03:24',0,1),(67,1,46,'2021-06-04 05:39:40',0,1),(272,1,50,'2021-06-04 14:07:30',0,1);
/*!40000 ALTER TABLE `ccsf_changedfields` ENABLE KEYS */;
UNLOCK TABLES;
commit;

--
-- Dumping data for table `ccsf_content`
--

LOCK TABLES `ccsf_content` WRITE;
/*!40000 ALTER TABLE `ccsf_content` DISABLE KEYS */;
set autocommit=0;
INSERT INTO `ccsf_content` VALUES (1,1,1,NULL,'2021-05-31 13:40:00','2021-05-31 13:40:00','9b56932f-5253-4227-83b6-e998e15eac8e',NULL,NULL,NULL),(2,2,1,NULL,'2021-06-01 00:39:15','2021-06-02 01:33:43','8a90f07f-0771-4759-957a-6b5fcae7f77d','Let\'s Talk','mailto:hello@flare.com',NULL),(3,3,1,'Logo','2021-06-01 00:55:39','2021-06-01 00:55:39','19f05a48-7e3a-4302-ac73-b33a0f68015a',NULL,NULL,NULL),(4,4,1,'Logo','2021-06-01 01:11:37','2021-06-01 01:11:37','7a86d1e3-3d7d-4304-9814-d8736bf53227',NULL,NULL,NULL),(5,5,1,'Logo','2021-06-01 01:15:22','2021-06-01 01:15:22','1b3f7ccc-47e4-4f14-b51e-4434298322c9',NULL,NULL,NULL),(6,6,1,'Android chrome 512x512','2021-06-01 18:00:54','2021-06-01 18:00:54','9cd86a13-113b-4020-bd4d-873258ecd325',NULL,NULL,NULL),(7,7,1,'Android chrome 192x192','2021-06-01 18:01:20','2021-06-01 18:01:20','14c00571-e4b3-40b6-8301-46fe584df61c',NULL,NULL,NULL),(8,8,1,'Apple touch icon','2021-06-01 18:01:52','2021-06-01 18:01:52','02a930ef-81af-4800-b7f2-b5bb3b4f85f3',NULL,NULL,NULL),(9,9,1,'Favicon 32x32','2021-06-01 18:02:15','2021-06-01 18:02:15','1efcee19-2f0d-4810-af6b-cdb235951b14',NULL,NULL,NULL),(10,10,1,'Favicon 16x16','2021-06-01 18:02:27','2021-06-01 18:02:27','f1ba1e02-7425-4fc1-b4bd-e010dc017530',NULL,NULL,NULL),(11,16,1,'Favicon','2021-06-01 18:16:05','2021-06-01 18:16:05','e06f6f4b-aa98-4c33-96ef-8a7ce34cf83e',NULL,NULL,NULL),(12,18,1,'Menu','2021-06-02 00:26:45','2021-06-02 00:28:42','73b889d2-10a2-47f0-b9cd-852b7224cdc9',NULL,NULL,NULL),(13,19,1,'Menu','2021-06-02 00:26:45','2021-06-02 00:26:45','7d38eefb-2f91-4cc5-a8fb-1209f1796493',NULL,NULL,NULL),(14,20,1,'Menu','2021-06-02 00:27:37','2021-06-02 00:27:37','5a804426-31b9-4a79-afeb-87a41a5f38fd',NULL,NULL,NULL),(15,21,1,'Menu','2021-06-02 00:28:42','2021-06-02 00:28:42','55b0850b-f3a6-46cb-8847-984aff25aa1c',NULL,NULL,NULL),(16,22,1,NULL,'2021-06-02 00:50:14','2021-06-02 00:57:57','b0bb9bbd-00db-4395-82df-ba9434552a57',NULL,NULL,NULL),(17,31,1,NULL,'2021-06-02 03:19:35','2021-06-04 17:22:04','76cf61b2-46d8-48ec-b23e-85a1e28161a1','Let\'s Talk','mailto:hello@flare.com',NULL),(18,40,1,NULL,'2021-06-02 22:25:16','2021-06-02 22:25:16','c99650dc-5f23-40da-949b-65097f596ae6',NULL,NULL,NULL),(20,42,1,'Hero','2021-06-02 23:35:54','2021-06-04 15:19:40','243e34d1-d377-4791-9c85-05be63db45a9','Hello.',NULL,'<p>We are Flare. We love<br /></p>\n<p>building great brands<br /></p>\n<p>&amp; digital experiences.</p>'),(21,43,1,'Hero','2021-06-02 23:35:54','2021-06-02 23:35:54','585a446a-0ced-4d5c-9f42-58d4ad728672','Hello.',NULL,'<p>We are Flare. We love<br /></p>\n<p>building great brands<br /></p>\n<p>&amp; digital experiences.</p>'),(22,44,1,'Hero','2021-06-02 23:35:59','2021-06-02 23:35:59','f508a299-d4b3-485b-8dba-2d280aaaddeb','Hello.',NULL,'<p>We are Flare. We love<br /></p>\n<p>building great brands<br /></p>\n<p>&amp; digital experiences.</p>'),(23,45,1,'Favicon New','2021-06-03 00:21:36','2021-06-03 00:21:36','118ac7ae-028c-4164-b5f1-c5daf3283e9d',NULL,NULL,NULL),(24,46,1,'Hero bg','2021-06-03 00:28:38','2021-06-03 00:28:38','97a79f78-2d97-41ac-b14e-1db5564e450a',NULL,NULL,NULL),(25,47,1,'Hero','2021-06-03 00:28:45','2021-06-03 00:28:45','30a52a8e-f130-4a13-b026-c56b9ccb8ea7','Hello.',NULL,'<p>We are Flare. We love<br /></p>\n<p>building great brands<br /></p>\n<p>&amp; digital experiences.</p>'),(26,48,1,'Hero','2021-06-03 00:35:01','2021-06-03 00:35:01','ad670cae-2966-416d-a3ec-b52af943fec6','Hello.',NULL,'<p>We are Flare. We love<br /></p>\n<p>building great brands<br /></p>\n<p>&amp; digital experiences.</p>'),(28,50,1,'Who We Are','2021-06-03 01:39:16','2021-06-04 14:11:14','82d02dbe-1962-45bc-9a33-8dad4340e2c5','Flare is a branding agency based in somewhere. We design thoughtful digital experiences and beautiful brand aesthetics.',NULL,'<p>Non amet venenatis dolor id pellentesque mattis erat. Fermentum nunc, tincidunt sit elit amet scelerisque. Ac quisque quis eu nibh rutrum risus tellus egestas neque. Vestibulum ante ipsum primis in faucibus orci luctus et.</p>'),(29,51,1,'Who We Are','2021-06-03 01:39:16','2021-06-03 01:39:16','7334989a-103c-4627-a297-ec9773489c32','Flare is a branding agency based in somewhere. We design thoughtful digital experiences and beautiful brand aesthetics.',NULL,'<p>Non amet venenatis dolor id pellentesque mattis erat. Fermentum nunc, tincidunt sit elit amet scelerisque. Ac quisque quis eu nibh rutrum risus tellus egestas neque. Vestibulum ante ipsum primis in faucibus orci luctus et.</p>'),(30,52,1,'Who We Are','2021-06-03 01:39:22','2021-06-03 01:39:22','96306685-90f1-4a03-9b05-c02e0ed54cf4','Flare is a branding agency based in somewhere. We design thoughtful digital experiences and beautiful brand aesthetics.',NULL,'<p>Non amet venenatis dolor id pellentesque mattis erat. Fermentum nunc, tincidunt sit elit amet scelerisque. Ac quisque quis eu nibh rutrum risus tellus egestas neque. Vestibulum ante ipsum primis in faucibus orci luctus et.</p>'),(31,53,1,'About photo','2021-06-03 01:44:36','2021-06-03 01:44:36','3d67dab0-069a-4ed9-830d-a85c5554a537',NULL,NULL,NULL),(32,54,1,'Who We Are','2021-06-03 01:44:43','2021-06-03 01:44:43','0f43524d-97b2-4ffb-abd8-26b9333f9932','Flare is a branding agency based in somewhere. We design thoughtful digital experiences and beautiful brand aesthetics.',NULL,'<p>Non amet venenatis dolor id pellentesque mattis erat. Fermentum nunc, tincidunt sit elit amet scelerisque. Ac quisque quis eu nibh rutrum risus tellus egestas neque. Vestibulum ante ipsum primis in faucibus orci luctus et.</p>'),(34,56,1,'Our Expertise','2021-06-03 01:46:37','2021-06-04 14:10:09','0632c6ce-88fc-4a94-9dc7-b91f3f387cf9','Deserunt rerum perspiciatis quaerat quam numquam assumenda neque. Quis dolores totam voluptatibus.',NULL,'<p>Velit deleniti harum sit beatae sint repellendus expedita. Omnis possimus sed rerum tenetur ea ab aut minima magnam. Deserunt sit cupiditate similique eveniet earum. Consectetur dolores maxime quisquam voluptate magni. Ut ex unde rem quod ipsum consequatur. blanditiis temporibus pariatur voluptatibus molestiae.</p>'),(35,57,1,'Our Expertise','2021-06-03 01:46:37','2021-06-03 01:46:37','e7d0da48-fb09-4a85-8830-14aa61a2b6f4','Deserunt rerum perspiciatis quaerat quam numquam assumenda neque. Quis dolores totam voluptatibus.',NULL,'<p>Velit deleniti harum sit beatae sint repellendus expedita. Omnis possimus sed rerum tenetur ea ab aut minima magnam. Deserunt sit cupiditate similique eveniet earum. Consectetur dolores maxime quisquam voluptate magni. Ut ex unde rem quod ipsum consequatur. blanditiis temporibus pariatur voluptatibus molestiae.</p>'),(36,58,1,'Our Expertise','2021-06-03 01:46:44','2021-06-03 01:46:44','0401ff08-a7ef-4c0f-af81-c83c5833e2d5','Deserunt rerum perspiciatis quaerat quam numquam assumenda neque. Quis dolores totam voluptatibus.',NULL,'<p>Velit deleniti harum sit beatae sint repellendus expedita. Omnis possimus sed rerum tenetur ea ab aut minima magnam. Deserunt sit cupiditate similique eveniet earum. Consectetur dolores maxime quisquam voluptate magni. Ut ex unde rem quod ipsum consequatur. blanditiis temporibus pariatur voluptatibus molestiae.</p>'),(39,61,1,'Get In Touch','2021-06-03 01:50:34','2021-06-04 14:08:20','cd77d591-4504-4042-99c5-30067a2da12d','hello@flare.com',NULL,' Have an idea or an epic project in mind? Talk to us. Let us work together and make something great. Shoot us a message at'),(40,62,1,'Get In Touch','2021-06-03 01:50:34','2021-06-03 01:50:34','dffe8daf-c2e1-4f6c-b944-80ec7e5e6c26',NULL,NULL,' Have an idea or an epic project in mind? Talk to us. Let us work together and make something great. Shoot us a message at'),(41,63,1,'Get In Touch','2021-06-03 01:50:37','2021-06-03 01:50:37','41fb266d-d42e-43a3-94af-93a9f19d3e71',NULL,NULL,' Have an idea or an epic project in mind? Talk to us. Let us work together and make something great. Shoot us a message at'),(42,64,1,'Recent Works','2021-06-03 01:50:46','2021-06-04 14:09:41','6a9ad75e-5266-4f26-9a5b-c4d110ca559b','Here are some of our projects we done lately. Feel free to check them out.',NULL,NULL),(43,65,1,'Recent Works','2021-06-03 01:50:46','2021-06-03 01:50:46','5bfb3625-7b40-4c14-a18f-85904a2ddb40','Here are some of our projects we done lately. Feel free to check them out.',NULL,'<p>We\'ve had the priveledge with working with some of the largest and most iconic brands</p>'),(44,66,1,'Recent Works','2021-06-03 01:50:51','2021-06-03 01:50:51','ff2652e5-b26e-4b94-93a8-eabfec1f5d8c','Here are some of our projects we done lately. Feel free to check them out.',NULL,'<p>We\'ve had the priveledge with working with some of the largest and most iconic brands</p>'),(45,67,1,'Home Page','2021-06-03 02:26:56','2021-06-04 05:39:36','69877f68-258c-4f8b-8bd9-ffd49a82144c','Play Video','https://player.vimeo.com/video/117310401?color=01aef0&amp;title=0&amp;byline=0&amp;portrait=0',NULL),(46,68,1,'Home Page','2021-06-03 02:26:56','2021-06-03 02:26:56','529b197a-ce0b-4aa9-8199-84cca35ffa8e',NULL,NULL,NULL),(47,69,1,'Home Page','2021-06-03 02:28:11','2021-06-03 02:28:11','c3c11775-2118-4c86-9a0b-06da42487cda',NULL,NULL,NULL),(48,70,1,'Home Page','2021-06-03 02:36:28','2021-06-03 02:36:28','624163f6-b317-4ac7-bc60-1f9bb3f46b70',NULL,NULL,NULL),(49,71,1,'Home Page','2021-06-03 02:51:21','2021-06-03 02:51:21','570e97dc-3bfa-4a94-a13d-52e3154d633c',NULL,NULL,NULL),(50,72,1,NULL,'2021-06-03 03:36:17','2021-06-04 16:49:07','d3ec1eca-c35d-471d-9298-56cfddc4b935',NULL,NULL,NULL),(51,77,1,'Home Page','2021-06-03 04:10:46','2021-06-03 04:10:46','e0670163-d9db-4753-8ccd-d6dc6cb2ebf6',NULL,NULL,NULL),(52,79,1,'Home Page','2021-06-03 04:11:41','2021-06-03 04:11:41','d08d8408-1d3c-4c92-8435-3fa7572bf3e9',NULL,NULL,NULL),(53,81,1,'Home Page','2021-06-03 04:12:43','2021-06-03 04:12:43','91b949b4-d733-4a5e-b156-9ab7da66eccf',NULL,NULL,NULL),(54,83,1,'Home Page','2021-06-03 12:00:19','2021-06-03 12:00:19','fc1dcb46-283a-47c6-a7ae-62e749c6181a',NULL,NULL,NULL),(55,84,1,'Home Page','2021-06-03 12:18:31','2021-06-03 12:18:31','2309ea33-1e43-4ad0-967d-1c6eadc82dd6',NULL,NULL,NULL),(56,85,1,'Home Page','2021-06-03 12:19:38','2021-06-03 12:19:38','7610f495-d248-4bd3-b1b0-8468849fffa9','Play Video','https://player.vimeo.com/video/117310401?color=01aef0&amp;title=0&amp;byline=0&amp;portrait=0',NULL),(57,86,1,'Home Page','2021-06-03 12:28:50','2021-06-03 12:28:50','2979df84-b07e-44d7-a764-83ef7f099503','Play Video','https://player.vimeo.com/video/117310401?color=01aef0&amp;title=0&amp;byline=0&amp;portrait=0',NULL),(58,87,1,'Home Page','2021-06-03 12:30:00','2021-06-03 12:30:00','15f290c3-2d86-42b1-9f00-ab6f9891d5f7','Play Video','https://player.vimeo.com/video/117310401?color=01aef0&amp;title=0&amp;byline=0&amp;portrait=0',NULL),(59,88,1,'Home Page','2021-06-03 12:30:23','2021-06-03 12:30:23','cd4ce4ae-9f44-44e5-a0c1-a180cb511270','Play Video','https://player.vimeo.com/video/117310401?color=01aef0&amp;title=0&amp;byline=0&amp;portrait=0',NULL),(60,89,1,'Home Page','2021-06-03 12:30:26','2021-06-03 12:30:26','90a1517a-cda8-4dbc-87de-72a3aca813ab','Play Video','https://player.vimeo.com/video/117310401?color=01aef0&amp;title=0&amp;byline=0&amp;portrait=0',NULL),(61,90,1,'Home Page','2021-06-03 13:56:38','2021-06-03 13:56:38','d52709a0-509a-4233-abb2-0f19907496f5','Play Video','https://player.vimeo.com/video/117310401?color=01aef0&amp;title=0&amp;byline=0&amp;portrait=0',NULL),(62,91,1,'Home Page','2021-06-03 13:57:00','2021-06-03 13:57:00','7cfcbfe3-fc5e-4410-8942-b56083dc5a74','Play Video','https://player.vimeo.com/video/117310401?color=01aef0&amp;title=0&amp;byline=0&amp;portrait=0',NULL),(63,96,1,'Home Page','2021-06-03 14:00:38','2021-06-03 14:00:38','d8ba0e3e-234e-4499-8501-b3e5e42884b8','Play Video','https://player.vimeo.com/video/117310401?color=01aef0&amp;title=0&amp;byline=0&amp;portrait=0',NULL),(64,101,1,'Home Page','2021-06-03 14:55:44','2021-06-03 14:55:44','4ec1e23e-99b8-4e08-a7b6-f85c37875a88','Play Video','https://player.vimeo.com/video/117310401?color=01aef0&amp;title=0&amp;byline=0&amp;portrait=0',NULL),(65,106,1,'Icon product design','2021-06-03 14:57:31','2021-06-03 14:57:31','bd70e3f6-628b-4264-82d5-aae32d6d15da',NULL,NULL,NULL),(66,107,1,'Icon branding','2021-06-03 15:04:56','2021-06-03 15:04:56','71f88bec-8e34-486a-b21e-61f7b5615179',NULL,NULL,NULL),(67,108,1,'Icon frontend','2021-06-03 15:06:15','2021-06-03 15:06:15','4bfa8dac-f5a8-4ad3-99c4-934f7652f633',NULL,NULL,NULL),(68,109,1,'Icon research','2021-06-03 15:06:48','2021-06-03 15:06:48','b054adbd-cf56-4203-858f-c1429c615673',NULL,NULL,NULL),(69,110,1,'Icon illustration','2021-06-03 15:07:18','2021-06-03 15:07:18','03d2fee7-e9a2-47ed-a7ee-0baf2029970c',NULL,NULL,NULL),(70,111,1,'Icon ecommerce','2021-06-03 15:07:46','2021-06-03 15:07:46','766cebe3-eb95-473a-9957-8af8fdfecfce',NULL,NULL,NULL),(71,118,1,'Home Page','2021-06-03 15:07:57','2021-06-03 15:07:57','9d5f83d0-2ce0-443f-b954-5c0bba03789f','Play Video','https://player.vimeo.com/video/117310401?color=01aef0&amp;title=0&amp;byline=0&amp;portrait=0',NULL),(72,129,1,'Home Page','2021-06-03 15:08:51','2021-06-03 15:08:51','a72071f5-788a-486a-bd4f-4311254eaae1','Play Video','https://player.vimeo.com/video/117310401?color=01aef0&amp;title=0&amp;byline=0&amp;portrait=0',NULL),(73,140,1,'Icon product design','2021-06-03 15:16:55','2021-06-03 15:16:55','b1f344e1-80e7-40e7-98b8-f99457361d99',NULL,NULL,NULL),(74,141,1,'Icon branding','2021-06-03 15:17:04','2021-06-03 15:17:04','a2f580f0-75db-4b44-9b91-e47f52ee2f49',NULL,NULL,NULL),(75,142,1,'Icon frontend','2021-06-03 15:17:08','2021-06-03 15:17:08','8445ecb0-c51d-4363-b5f7-39ffe00ab1af',NULL,NULL,NULL),(76,143,1,'Icon research','2021-06-03 15:17:26','2021-06-03 15:17:26','deece0a9-df57-4b4a-a664-66abf9ac453a',NULL,NULL,NULL),(77,144,1,'Icon illustration','2021-06-03 15:17:34','2021-06-03 15:17:34','473cf493-6be2-45c7-8b3f-881aa12633a3',NULL,NULL,NULL),(78,145,1,'Icon ecommerce','2021-06-03 15:17:53','2021-06-03 15:17:53','dd363144-3a2d-4a88-811b-5f4a284bb0d0',NULL,NULL,NULL),(79,146,1,'Home Page','2021-06-03 15:17:58','2021-06-03 15:17:58','e0f698f5-4d8b-4223-a8a1-d1468f81efd5','Play Video','https://player.vimeo.com/video/117310401?color=01aef0&amp;title=0&amp;byline=0&amp;portrait=0',NULL),(80,157,1,'Branding','2021-06-04 01:31:35','2021-06-04 01:31:35','12c83340-ba1c-48d2-a433-2274d25243cd',NULL,NULL,NULL),(81,158,1,'Frontend Design','2021-06-04 01:31:59','2021-06-04 01:31:59','79cfbf64-edb1-4cdf-8968-72945dbee6cf',NULL,NULL,NULL),(82,159,1,'Home Page','2021-06-04 01:41:54','2021-06-04 01:41:54','a4d930fe-aa49-4fb5-8a28-67a759958128','Play Video','https://player.vimeo.com/video/117310401?color=01aef0&amp;title=0&amp;byline=0&amp;portrait=0',NULL),(83,171,1,'Home Page','2021-06-04 02:24:21','2021-06-04 02:24:21','d299c272-5147-4c7c-b063-42e4f59a29da','Play Video','https://player.vimeo.com/video/117310401?color=01aef0&amp;title=0&amp;byline=0&amp;portrait=0',NULL),(84,183,1,'G red wheel','2021-06-04 02:26:53','2021-06-04 02:26:53','807b8519-6fa3-437d-a379-fd5b95df8743',NULL,NULL,NULL),(85,184,1,'Red wheel','2021-06-04 02:27:07','2021-06-04 02:27:07','05083063-cc04-4534-914b-7af6cab202d0',NULL,NULL,NULL),(86,185,1,'Red wheel 2x','2021-06-04 02:27:15','2021-06-04 02:27:15','760386df-ed91-492c-9ae5-b09279c9ad89',NULL,NULL,NULL),(87,186,1,'G music life','2021-06-04 02:28:51','2021-06-04 02:28:51','c1585766-c352-4320-b736-3aea97387314',NULL,NULL,NULL),(88,187,1,'Music life','2021-06-04 02:28:59','2021-06-04 02:28:59','fbbcbdb4-e376-428a-bff8-b5416cb3ac42',NULL,NULL,NULL),(89,188,1,'Music life 2x','2021-06-04 02:29:09','2021-06-04 02:29:09','75003f32-e08c-4844-bff9-006af509f62c',NULL,NULL,NULL),(90,189,1,'G oi logo','2021-06-04 02:31:30','2021-06-04 02:31:30','2baf6dae-f33c-414a-9695-0dbc46715777',NULL,NULL,NULL),(91,190,1,'Oi logo','2021-06-04 02:31:41','2021-06-04 02:31:41','3331300d-dd06-443e-94d6-10ca3cfa819a',NULL,NULL,NULL),(92,191,1,'Oi logo 2x','2021-06-04 02:31:46','2021-06-04 02:31:46','c00b5fc6-3a31-4234-af63-1e99603883ab',NULL,NULL,NULL),(93,192,1,'G corrugated sheets','2021-06-04 02:47:42','2021-06-04 02:47:42','d6c64b2f-1838-480f-8ea4-164b64058f9f',NULL,NULL,NULL),(94,193,1,'Corrugated sheets','2021-06-04 02:47:48','2021-06-04 02:47:48','8a31ea00-1cae-412c-8a9c-254bb6f77eb9',NULL,NULL,NULL),(95,194,1,'Corrugated sheets 2x','2021-06-04 02:47:54','2021-06-04 02:47:54','c24be8a1-1211-41ca-83ca-c660b734ca6c',NULL,NULL,NULL),(96,195,1,'G woodcraft','2021-06-04 02:48:09','2021-06-04 02:48:09','cbbab461-bc52-4c92-995a-87d295412a2a',NULL,NULL,NULL),(97,196,1,'Woodcraft','2021-06-04 02:48:20','2021-06-04 02:48:20','b95f8a93-f9dd-43c7-a62a-36192c35cdb6',NULL,NULL,NULL),(98,197,1,'Red wheel 2x','2021-06-04 02:48:25','2021-06-04 02:48:25','2f3dd2bf-d2d3-48de-a091-8b018e687cfd',NULL,NULL,NULL),(99,198,1,'Woodcraft 2x','2021-06-04 02:48:39','2021-06-04 02:48:39','afa45e50-5504-4efd-af34-d3c643563ceb',NULL,NULL,NULL),(100,199,1,'G lamp','2021-06-04 02:48:52','2021-06-04 02:48:52','97357873-48da-4934-bc77-bfcce3a2e7a9',NULL,NULL,NULL),(101,200,1,'Lamp','2021-06-04 02:49:00','2021-06-04 02:49:00','b8c206c9-20b1-4e7f-9c82-8f446251ac96',NULL,NULL,NULL),(102,201,1,'Lamp 2x','2021-06-04 02:49:07','2021-06-04 02:49:07','869f8640-f59a-49e7-a6a3-106e9f65275b',NULL,NULL,NULL),(103,207,1,'Home Page','2021-06-04 02:49:15','2021-06-04 02:49:15','f3cd2fd2-723f-45d0-a60b-d911fd7c4dd7','Play Video','https://player.vimeo.com/video/117310401?color=01aef0&amp;title=0&amp;byline=0&amp;portrait=0',NULL),(104,224,1,'Home Page','2021-06-04 04:54:16','2021-06-04 04:54:16','34e30a31-d4d4-42c9-a5c6-2e97d0660425','Play Video','https://player.vimeo.com/video/117310401?color=01aef0&amp;title=0&amp;byline=0&amp;portrait=0',NULL),(105,241,1,'User 02','2021-06-04 04:59:04','2021-06-04 04:59:04','8eed46b2-d555-4e01-9149-284c306b81a6',NULL,NULL,NULL),(106,242,1,'User 01','2021-06-04 05:00:40','2021-06-04 05:00:40','d053c813-0fa1-4463-b07d-fee2e2979dec',NULL,NULL,NULL),(107,243,1,'User 04','2021-06-04 05:02:14','2021-06-04 05:02:14','7b0b2727-2320-47e8-9af4-02caa5121a00',NULL,NULL,NULL),(108,244,1,'User 05','2021-06-04 05:03:07','2021-06-04 05:03:07','4ed9d775-9a9d-425f-a4e1-936662fb2be9',NULL,NULL,NULL),(109,249,1,'Home Page','2021-06-04 05:03:19','2021-06-04 05:03:19','20b26e19-6bb8-4463-abfe-2b174dcad6ca','Play Video','https://player.vimeo.com/video/117310401?color=01aef0&amp;title=0&amp;byline=0&amp;portrait=0',NULL),(110,270,1,'Recent Works','2021-06-04 05:20:38','2021-06-04 05:20:38','48db3961-2346-45d9-a1b8-077579cd9121','Here are some of our projects we done lately. Feel free to check them out.',NULL,NULL),(112,272,1,'Clients','2021-06-04 05:21:39','2021-06-04 14:07:30','505b0905-25f4-4eab-b6fb-7ac933a69eac','We\'ve had the priveledge with working with some of the largest and most iconic brands',NULL,NULL),(113,273,1,'Clients','2021-06-04 05:21:39','2021-06-04 05:21:39','42534e13-30d1-4b4e-867d-85d10439ca7f','We\'ve had the priveledge with working with some of the largest and most iconic brands',NULL,NULL),(114,274,1,'Clients','2021-06-04 05:21:47','2021-06-04 05:21:47','e5b68986-d327-4c2a-9cb7-85ac146603dd','We\'ve had the priveledge with working with some of the largest and most iconic brands',NULL,NULL),(115,275,1,'Home Page','2021-06-04 05:33:55','2021-06-04 05:33:55','a8577e47-f2de-4797-b9ed-491d308c1daa','Play Video','https://player.vimeo.com/video/117310401?color=01aef0&amp;title=0&amp;byline=0&amp;portrait=0',NULL),(116,296,1,'Dropbox','2021-06-04 05:35:47','2021-06-04 05:35:47','0643ada0-d39d-4bb6-8f72-d49af6e305c8',NULL,NULL,NULL),(117,297,1,'Atom','2021-06-04 05:37:56','2021-06-04 05:37:56','25dba1a6-cff9-4ece-a6b6-c2e690b49e83',NULL,NULL,NULL),(118,298,1,'Github','2021-06-04 05:38:11','2021-06-04 05:38:11','7cb7c7ba-106d-4518-9aaf-caf3a6e4932a',NULL,NULL,NULL),(119,299,1,'Redhat','2021-06-04 05:38:29','2021-06-04 05:38:29','3196282a-121c-4a8c-ba05-1c90e13edc9f',NULL,NULL,NULL),(120,300,1,'Medium','2021-06-04 05:38:45','2021-06-04 05:38:45','bd8e2383-1022-465a-b94d-09f252361cf7',NULL,NULL,NULL),(121,301,1,'Messenger','2021-06-04 05:39:02','2021-06-04 05:39:02','d1ea9546-d022-4b82-8901-bfe64ac192ac',NULL,NULL,NULL),(122,302,1,'Steam','2021-06-04 05:39:16','2021-06-04 05:39:16','883d30b9-1707-40f7-82df-b65b4ddaa7d9',NULL,NULL,NULL),(123,303,1,'Spotify','2021-06-04 05:39:30','2021-06-04 05:39:30','3e923b23-9660-40c8-bb15-7af2fe85146c',NULL,NULL,NULL),(124,312,1,'Home Page','2021-06-04 05:39:38','2021-06-04 05:39:38','75280ac4-b35e-47e8-9c94-eaca4d2e4f15','Play Video','https://player.vimeo.com/video/117310401?color=01aef0&amp;title=0&amp;byline=0&amp;portrait=0',NULL),(125,341,1,'Get In Touch','2021-06-04 13:13:13','2021-06-04 13:13:13','062fa615-9c2e-4e6d-98db-3f583f6df05c','hello@flare.com',NULL,' Have an idea or an epic project in mind? Talk to us. Let us work together and make something great. Shoot us a message at'),(126,342,1,NULL,'2021-06-04 13:57:06','2021-06-04 13:57:06','d045e2b3-b417-4182-80a2-dc5295af4916',NULL,NULL,NULL),(127,343,1,'clients','2021-06-04 14:07:24','2021-06-04 14:07:24','1f764b3a-f0dc-4c57-ab0a-aa072b20e914',NULL,NULL,NULL),(128,344,1,'Clients','2021-06-04 14:07:30','2021-06-04 14:07:30','3010020f-2c9b-4d03-a9dc-5fb7fc8585f0','We\'ve had the priveledge with working with some of the largest and most iconic brands',NULL,NULL),(129,345,1,'contact','2021-06-04 14:08:17','2021-06-04 14:08:17','0a77f418-a578-4620-90c3-641c2d10439f',NULL,NULL,NULL),(130,346,1,'Get In Touch','2021-06-04 14:08:20','2021-06-04 14:08:20','d2911df6-4703-4014-8905-d936b9f39442','hello@flare.com',NULL,' Have an idea or an epic project in mind? Talk to us. Let us work together and make something great. Shoot us a message at'),(131,347,1,'portfolio','2021-06-04 14:09:37','2021-06-04 14:09:37','7e4e9fba-6d14-49f1-ad29-033480a924db',NULL,NULL,NULL),(132,348,1,'Recent Works','2021-06-04 14:09:41','2021-06-04 14:09:41','df99fa18-e060-4809-a77e-7823062594cf','Here are some of our projects we done lately. Feel free to check them out.',NULL,NULL),(133,349,1,'services','2021-06-04 14:10:05','2021-06-04 14:10:05','b65860de-856d-4aca-86c9-e9c98d30c009',NULL,NULL,NULL),(134,350,1,'Our Expertise','2021-06-04 14:10:09','2021-06-04 14:10:09','88e5bc2d-f39e-4154-9ea4-8340d2f3ee51','Deserunt rerum perspiciatis quaerat quam numquam assumenda neque. Quis dolores totam voluptatibus.',NULL,'<p>Velit deleniti harum sit beatae sint repellendus expedita. Omnis possimus sed rerum tenetur ea ab aut minima magnam. Deserunt sit cupiditate similique eveniet earum. Consectetur dolores maxime quisquam voluptate magni. Ut ex unde rem quod ipsum consequatur. blanditiis temporibus pariatur voluptatibus molestiae.</p>'),(135,351,1,'about','2021-06-04 14:11:09','2021-06-04 14:11:09','51f75994-5839-4dd8-a590-6b53250fd74f',NULL,NULL,NULL),(136,352,1,'Who We Are','2021-06-04 14:11:14','2021-06-04 14:11:14','fea468aa-939f-475f-bd2b-0bb40bd9e0e2','Flare is a branding agency based in somewhere. We design thoughtful digital experiences and beautiful brand aesthetics.',NULL,'<p>Non amet venenatis dolor id pellentesque mattis erat. Fermentum nunc, tincidunt sit elit amet scelerisque. Ac quisque quis eu nibh rutrum risus tellus egestas neque. Vestibulum ante ipsum primis in faucibus orci luctus et.</p>'),(137,353,1,'hero','2021-06-04 14:11:36','2021-06-04 14:11:36','ed66be09-ef4b-4d09-9e5d-7023df32da5c',NULL,NULL,NULL),(138,354,1,'Hero','2021-06-04 14:11:39','2021-06-04 14:11:39','41f38dc0-702c-4972-9f17-8a9af198eafc','Hello.',NULL,'<p>We are Flare. We love<br /></p>\n<p>building great brands<br /></p>\n<p>&amp; digital experiences.</p>'),(139,355,1,'Hero','2021-06-04 15:19:40','2021-06-04 15:19:40','c71f11a6-c2d6-4e2d-ac20-361a44476304','Hello.',NULL,'<p>We are Flare. We love<br /></p>\n<p>building great brands<br /></p>\n<p>&amp; digital experiences.</p>');
/*!40000 ALTER TABLE `ccsf_content` ENABLE KEYS */;
UNLOCK TABLES;
commit;

--
-- Dumping data for table `ccsf_craftidtokens`
--

LOCK TABLES `ccsf_craftidtokens` WRITE;
/*!40000 ALTER TABLE `ccsf_craftidtokens` DISABLE KEYS */;
set autocommit=0;
/*!40000 ALTER TABLE `ccsf_craftidtokens` ENABLE KEYS */;
UNLOCK TABLES;
commit;

--
-- Dumping data for table `ccsf_deprecationerrors`
--

LOCK TABLES `ccsf_deprecationerrors` WRITE;
/*!40000 ALTER TABLE `ccsf_deprecationerrors` DISABLE KEYS */;
set autocommit=0;
/*!40000 ALTER TABLE `ccsf_deprecationerrors` ENABLE KEYS */;
UNLOCK TABLES;
commit;

--
-- Dumping data for table `ccsf_drafts`
--

LOCK TABLES `ccsf_drafts` WRITE;
/*!40000 ALTER TABLE `ccsf_drafts` DISABLE KEYS */;
set autocommit=0;
INSERT INTO `ccsf_drafts` VALUES (1,NULL,1,'First draft',NULL,0,NULL,0),(8,NULL,1,'First draft',NULL,0,NULL,0);
/*!40000 ALTER TABLE `ccsf_drafts` ENABLE KEYS */;
UNLOCK TABLES;
commit;

--
-- Dumping data for table `ccsf_elementindexsettings`
--

LOCK TABLES `ccsf_elementindexsettings` WRITE;
/*!40000 ALTER TABLE `ccsf_elementindexsettings` DISABLE KEYS */;
set autocommit=0;
/*!40000 ALTER TABLE `ccsf_elementindexsettings` ENABLE KEYS */;
UNLOCK TABLES;
commit;

--
-- Dumping data for table `ccsf_elements`
--

LOCK TABLES `ccsf_elements` WRITE;
/*!40000 ALTER TABLE `ccsf_elements` DISABLE KEYS */;
set autocommit=0;
INSERT INTO `ccsf_elements` VALUES (1,NULL,NULL,NULL,'craft\\elements\\User',1,0,'2021-05-31 13:40:00','2021-05-31 13:40:00',NULL,'99aa8e6a-391a-4a34-b26a-dc5a569f9adf'),(2,NULL,NULL,1,'craft\\elements\\GlobalSet',1,0,'2021-06-01 00:39:15','2021-06-02 01:33:43',NULL,'d6d60bb7-e503-4812-ab5f-ea9349c299cb'),(3,NULL,NULL,2,'craft\\elements\\Asset',1,0,'2021-06-01 00:55:39','2021-06-01 00:55:39','2021-06-01 01:08:13','7b5fc507-e526-4d9c-8f5e-7b544cc04c08'),(4,NULL,NULL,2,'craft\\elements\\Asset',1,0,'2021-06-01 01:11:37','2021-06-01 01:11:37','2021-06-01 01:14:46','a7ca26cd-4d3f-46f8-a56a-d522126db6e5'),(5,NULL,NULL,2,'craft\\elements\\Asset',1,0,'2021-06-01 01:15:22','2021-06-01 01:15:22',NULL,'4d9a77f8-22a7-4d5d-8fcd-ad94b93e2c8a'),(6,NULL,NULL,2,'craft\\elements\\Asset',1,0,'2021-06-01 18:00:54','2021-06-01 18:00:54',NULL,'6eaa8559-5d20-4214-98f4-3c2ef0685c0b'),(7,NULL,NULL,2,'craft\\elements\\Asset',1,0,'2021-06-01 18:01:20','2021-06-01 18:01:20',NULL,'fc579672-71b8-4e4c-913e-750abb11eea1'),(8,NULL,NULL,2,'craft\\elements\\Asset',1,0,'2021-06-01 18:01:52','2021-06-01 18:01:52',NULL,'6d2c0087-f543-4f3f-89c9-be9d46079b0b'),(9,NULL,NULL,2,'craft\\elements\\Asset',1,0,'2021-06-01 18:02:15','2021-06-01 18:02:15',NULL,'6e10e3e7-870b-4640-9d77-aa35941e329d'),(10,NULL,NULL,2,'craft\\elements\\Asset',1,0,'2021-06-01 18:02:27','2021-06-01 18:02:27',NULL,'0234957f-c4f8-417c-9ed0-1070778a6896'),(11,NULL,NULL,3,'craft\\elements\\MatrixBlock',1,0,'2021-06-01 18:03:06','2021-06-02 01:33:43',NULL,'e981db2c-c741-47cc-878f-0723315b5396'),(12,NULL,NULL,3,'craft\\elements\\MatrixBlock',1,0,'2021-06-01 18:03:06','2021-06-02 01:33:43',NULL,'244a912c-4863-4561-ba34-9e4c6884087a'),(13,NULL,NULL,3,'craft\\elements\\MatrixBlock',1,0,'2021-06-01 18:03:06','2021-06-02 01:33:43',NULL,'aeda88da-0720-43fe-9a0b-2b1a0bc134b0'),(14,NULL,NULL,3,'craft\\elements\\MatrixBlock',1,0,'2021-06-01 18:03:06','2021-06-02 01:33:43',NULL,'c393bdd5-5879-456e-a1f2-442d46d8a48a'),(15,NULL,NULL,3,'craft\\elements\\MatrixBlock',1,0,'2021-06-01 18:03:06','2021-06-02 01:33:43',NULL,'14eee87b-ee42-48a8-ba1b-85cd404281c7'),(16,NULL,NULL,2,'craft\\elements\\Asset',1,0,'2021-06-01 18:16:05','2021-06-01 18:16:05',NULL,'4dbe304c-bdc7-4177-9369-08d147a24949'),(17,NULL,NULL,3,'craft\\elements\\MatrixBlock',1,0,'2021-06-01 18:16:22','2021-06-02 01:33:43',NULL,'f0355d89-9c10-49bd-b786-d0f99bd98fb2'),(18,NULL,NULL,4,'craft\\elements\\Entry',1,0,'2021-06-02 00:26:45','2021-06-02 00:28:42','2021-06-02 00:29:22','35c6d84f-5ad3-4cc2-b0e3-748e81d9529d'),(19,NULL,1,4,'craft\\elements\\Entry',1,0,'2021-06-02 00:26:45','2021-06-02 00:26:45','2021-06-02 00:29:22','da21a8b3-f5fd-4334-883f-cb62718df470'),(20,NULL,2,4,'craft\\elements\\Entry',1,0,'2021-06-02 00:27:37','2021-06-02 00:27:37','2021-06-02 00:29:22','1ecb747e-9e79-4df0-b6bb-e7383b21df59'),(21,NULL,3,4,'craft\\elements\\Entry',1,0,'2021-06-02 00:28:42','2021-06-02 00:28:42','2021-06-02 00:29:22','ad35ce41-c7d4-4f45-8c72-1dab5729281a'),(22,NULL,NULL,6,'craft\\elements\\GlobalSet',1,0,'2021-06-02 00:50:14','2021-06-02 00:57:57','2021-06-02 01:29:12','1a0a3dd4-48bc-4d00-b82f-79ba84042b54'),(23,NULL,NULL,5,'craft\\elements\\MatrixBlock',1,0,'2021-06-02 00:52:52','2021-06-02 00:57:57','2021-06-02 01:29:12','15619f8c-7baa-4ef8-87de-efa0a7313d59'),(24,NULL,NULL,5,'craft\\elements\\MatrixBlock',1,0,'2021-06-02 00:52:52','2021-06-02 00:57:57','2021-06-02 01:29:12','4ea2deff-b720-4241-b835-14f368447cdf'),(25,NULL,NULL,5,'craft\\elements\\MatrixBlock',1,0,'2021-06-02 00:52:52','2021-06-02 00:57:57','2021-06-02 01:29:12','edeba09f-6851-4503-881e-b67e2790c72d'),(26,NULL,NULL,5,'craft\\elements\\MatrixBlock',1,0,'2021-06-02 00:52:52','2021-06-02 00:57:57','2021-06-02 01:29:12','87ad6afc-0852-41fa-86b0-4509eb3a2a57'),(27,NULL,NULL,5,'craft\\elements\\MatrixBlock',1,0,'2021-06-02 01:33:44','2021-06-02 01:33:44',NULL,'a84ddf2f-541f-4f3f-b473-f6cfb6287fd3'),(28,NULL,NULL,5,'craft\\elements\\MatrixBlock',1,0,'2021-06-02 01:33:44','2021-06-02 01:33:44',NULL,'2ce3932e-4714-41e0-9162-0d1987113091'),(29,NULL,NULL,5,'craft\\elements\\MatrixBlock',1,0,'2021-06-02 01:33:44','2021-06-02 01:33:44',NULL,'8e6ff3f4-42b7-449d-b83a-40efde56cdee'),(30,NULL,NULL,5,'craft\\elements\\MatrixBlock',1,0,'2021-06-02 01:33:44','2021-06-02 01:33:44',NULL,'449c8741-659c-48a8-898d-2a3a5cb96fe7'),(31,NULL,NULL,8,'craft\\elements\\GlobalSet',1,0,'2021-06-02 03:19:35','2021-06-04 17:22:04',NULL,'a794e984-f61f-40b6-a464-eefaf93306b8'),(32,NULL,NULL,7,'craft\\elements\\MatrixBlock',1,0,'2021-06-02 03:24:41','2021-06-04 17:22:04',NULL,'c707a113-f048-4996-955f-1f0a721f954b'),(33,NULL,NULL,7,'craft\\elements\\MatrixBlock',1,0,'2021-06-02 03:24:41','2021-06-04 17:22:05',NULL,'5f78d7dd-15ed-4581-9d2a-e596d16800fa'),(34,NULL,NULL,7,'craft\\elements\\MatrixBlock',1,0,'2021-06-02 03:24:41','2021-06-04 17:22:05',NULL,'9773d25b-a07f-4eeb-ad90-bee18fca76bc'),(35,NULL,NULL,7,'craft\\elements\\MatrixBlock',1,0,'2021-06-02 03:24:41','2021-06-04 17:22:05',NULL,'3636e16e-ebff-441e-a652-f014db04c166'),(36,NULL,NULL,5,'craft\\elements\\MatrixBlock',1,0,'2021-06-02 03:24:41','2021-06-02 03:24:41',NULL,'446d2e8f-879f-43a5-a2c0-fe7d9df1a58b'),(37,NULL,NULL,5,'craft\\elements\\MatrixBlock',1,0,'2021-06-02 03:24:41','2021-06-02 03:24:41',NULL,'fe1036b4-b583-4ee9-a9c3-e3cb61bc6b0a'),(38,NULL,NULL,5,'craft\\elements\\MatrixBlock',1,0,'2021-06-02 03:24:41','2021-06-02 03:24:41',NULL,'6e852362-554b-4011-9dc8-90555128f111'),(39,NULL,NULL,5,'craft\\elements\\MatrixBlock',1,0,'2021-06-02 03:24:41','2021-06-02 03:24:41',NULL,'694af25c-bc69-4a6a-9d3f-fc717cdd45f1'),(40,1,NULL,9,'craft\\elements\\Entry',1,0,'2021-06-02 22:25:16','2021-06-02 22:25:16',NULL,'62c002ec-df2f-4879-b1eb-f6cf2c7abbc5'),(42,NULL,NULL,9,'craft\\elements\\Entry',1,0,'2021-06-02 23:35:54','2021-06-04 15:19:40',NULL,'5cb22915-2f63-4c90-8eec-c816383c8535'),(43,NULL,4,9,'craft\\elements\\Entry',1,0,'2021-06-02 23:35:53','2021-06-02 23:35:53',NULL,'623fbb24-4dfa-45db-b00b-5d4b5e610fa3'),(44,NULL,5,9,'craft\\elements\\Entry',1,0,'2021-06-02 23:35:59','2021-06-02 23:35:59',NULL,'3110773f-a6ac-4600-9c1a-c5408926e7a4'),(45,NULL,NULL,2,'craft\\elements\\Asset',1,0,'2021-06-03 00:21:36','2021-06-03 00:21:36','2021-06-03 00:21:59','50ce0858-2d37-4700-af09-e4430242c0eb'),(46,NULL,NULL,10,'craft\\elements\\Asset',1,0,'2021-06-03 00:28:38','2021-06-03 00:28:38',NULL,'c6936552-c733-48d7-87b3-b9b87381717d'),(47,NULL,6,9,'craft\\elements\\Entry',1,0,'2021-06-03 00:28:45','2021-06-03 00:28:45',NULL,'197274b4-2ed8-4eeb-abe1-977218949c4a'),(48,NULL,7,9,'craft\\elements\\Entry',1,0,'2021-06-03 00:35:01','2021-06-03 00:35:01',NULL,'c3d51484-81ec-4635-a121-f3c6c7ae4158'),(50,NULL,NULL,9,'craft\\elements\\Entry',1,0,'2021-06-03 01:39:16','2021-06-04 14:11:14',NULL,'e248aed4-32ed-48a5-bc31-690cbd1e7f84'),(51,NULL,8,9,'craft\\elements\\Entry',1,0,'2021-06-03 01:39:16','2021-06-03 01:39:16',NULL,'821da946-a8d0-4e0c-b0e4-995d7c9b3624'),(52,NULL,9,9,'craft\\elements\\Entry',1,0,'2021-06-03 01:39:22','2021-06-03 01:39:22',NULL,'4c8a3a44-28a7-4314-9481-43cd63623d2d'),(53,NULL,NULL,10,'craft\\elements\\Asset',1,0,'2021-06-03 01:44:36','2021-06-03 01:44:36',NULL,'aa2c2f3e-d7b8-4620-a3ed-2ca04c3d506e'),(54,NULL,10,9,'craft\\elements\\Entry',1,0,'2021-06-03 01:44:43','2021-06-03 01:44:43',NULL,'2000b907-4159-40c9-be34-08470b688f01'),(56,NULL,NULL,9,'craft\\elements\\Entry',1,0,'2021-06-03 01:46:37','2021-06-04 14:10:09',NULL,'81c6426e-0536-4055-a97c-ec32a77df608'),(57,NULL,11,9,'craft\\elements\\Entry',1,0,'2021-06-03 01:46:37','2021-06-03 01:46:37',NULL,'8c08d2d0-501b-4ef4-a69b-cd8385369072'),(58,NULL,12,9,'craft\\elements\\Entry',1,0,'2021-06-03 01:46:44','2021-06-03 01:46:44',NULL,'af0c8467-978d-4927-8550-0505666b82ba'),(61,NULL,NULL,9,'craft\\elements\\Entry',1,0,'2021-06-03 01:50:34','2021-06-04 14:08:20',NULL,'48e6de36-5e0c-41f4-b9aa-7122d4c87d41'),(62,NULL,13,9,'craft\\elements\\Entry',1,0,'2021-06-03 01:50:34','2021-06-03 01:50:34',NULL,'728d95d8-34ae-4208-b3ee-2b67262fd4a2'),(63,NULL,14,9,'craft\\elements\\Entry',1,0,'2021-06-03 01:50:37','2021-06-03 01:50:37',NULL,'1bbf828f-6429-4813-aa24-371bffa5aa25'),(64,NULL,NULL,9,'craft\\elements\\Entry',1,0,'2021-06-03 01:50:46','2021-06-04 14:09:41',NULL,'2a8eef7d-e5aa-4161-b358-884e13cd1f0b'),(65,NULL,15,9,'craft\\elements\\Entry',1,0,'2021-06-03 01:50:46','2021-06-03 01:50:46',NULL,'a8e5ce2d-5b28-4b6a-a67a-dc2d65bc585a'),(66,NULL,16,9,'craft\\elements\\Entry',1,0,'2021-06-03 01:50:51','2021-06-03 01:50:51',NULL,'b670c1d9-7fa9-4700-a94d-3d05c130c556'),(67,NULL,NULL,11,'craft\\elements\\Entry',1,0,'2021-06-03 02:26:56','2021-06-04 05:39:36',NULL,'53d1518d-9183-4389-9475-52cc286556a5'),(68,NULL,17,11,'craft\\elements\\Entry',1,0,'2021-06-03 02:26:56','2021-06-03 02:26:56',NULL,'63ba2534-8771-47ab-a720-40769f17180e'),(69,NULL,18,11,'craft\\elements\\Entry',1,0,'2021-06-03 02:28:11','2021-06-03 02:28:11',NULL,'7e5fcf46-5877-412d-b1c9-7adcccc1bac1'),(70,NULL,19,11,'craft\\elements\\Entry',1,0,'2021-06-03 02:36:28','2021-06-03 02:36:28',NULL,'cbb37c37-4f4e-4df9-9e08-c7bec3638b87'),(71,NULL,20,11,'craft\\elements\\Entry',1,0,'2021-06-03 02:51:21','2021-06-03 02:51:21',NULL,'d068d75d-43fd-4e45-a944-0ccb6123cc51'),(72,NULL,NULL,13,'craft\\elements\\GlobalSet',1,0,'2021-06-03 03:36:17','2021-06-04 16:49:07',NULL,'9a485b58-91c8-46dd-ba4c-cb123b0a7967'),(73,NULL,NULL,5,'craft\\elements\\MatrixBlock',1,0,'2021-06-03 03:41:11','2021-06-04 16:49:07',NULL,'8981e2df-8853-4213-86cc-c6cb8c0aedaf'),(74,NULL,NULL,5,'craft\\elements\\MatrixBlock',1,0,'2021-06-03 03:41:11','2021-06-04 16:49:08',NULL,'653c678d-b725-4189-9375-d4a90d301084'),(75,NULL,NULL,5,'craft\\elements\\MatrixBlock',1,0,'2021-06-03 03:41:11','2021-06-04 16:49:08',NULL,'c4c2e5ca-7b55-4a49-87f6-2b2cfe8a2d89'),(76,NULL,NULL,5,'craft\\elements\\MatrixBlock',1,0,'2021-06-03 03:41:11','2021-06-04 16:49:08',NULL,'6762efae-5f09-437b-aac3-d7d151a5db15'),(77,NULL,21,11,'craft\\elements\\Entry',1,0,'2021-06-03 04:10:46','2021-06-03 04:10:46',NULL,'9f41f868-4cca-4254-b456-b17d1474c4ab'),(78,NULL,NULL,14,'craft\\elements\\MatrixBlock',1,0,'2021-06-03 04:11:41','2021-06-03 04:11:41','2021-06-03 12:01:24','876fa78e-1f1f-49d6-b6b8-5cc4159eeb02'),(79,NULL,22,11,'craft\\elements\\Entry',1,0,'2021-06-03 04:11:41','2021-06-03 04:11:41',NULL,'516cf7b5-f092-471c-8c11-a5f57b7742b9'),(80,NULL,NULL,14,'craft\\elements\\MatrixBlock',1,0,'2021-06-03 04:11:41','2021-06-03 04:11:41',NULL,'8a0f8433-2b27-4597-8478-079fe59b5b4a'),(81,NULL,23,11,'craft\\elements\\Entry',1,0,'2021-06-03 04:12:43','2021-06-03 04:12:43',NULL,'dd06d68e-42d6-4896-9dab-75d2f6a12078'),(82,NULL,NULL,14,'craft\\elements\\MatrixBlock',1,0,'2021-06-03 04:12:43','2021-06-03 04:11:41',NULL,'b72d4d15-86dd-456b-bcfb-fd95554fccab'),(83,NULL,24,11,'craft\\elements\\Entry',1,0,'2021-06-03 12:00:17','2021-06-03 12:00:17',NULL,'06c0ef9a-5aae-4f27-8bcc-c779b636c904'),(84,NULL,25,11,'craft\\elements\\Entry',1,0,'2021-06-03 12:18:31','2021-06-03 12:18:31',NULL,'8b28cf47-e9e5-45c5-9c2b-daf3d2f8e308'),(85,NULL,26,11,'craft\\elements\\Entry',1,0,'2021-06-03 12:19:38','2021-06-03 12:19:38',NULL,'f1644e17-e9a5-4456-b8ec-4bca8921c5d5'),(86,NULL,27,11,'craft\\elements\\Entry',1,0,'2021-06-03 12:28:50','2021-06-03 12:28:50',NULL,'0da97d4d-d4d8-46e9-89e3-6f228636bf4b'),(87,NULL,28,11,'craft\\elements\\Entry',1,0,'2021-06-03 12:30:00','2021-06-03 12:30:00',NULL,'c70e96a2-26d1-4a54-ad77-764d1721dcae'),(88,NULL,29,11,'craft\\elements\\Entry',1,0,'2021-06-03 12:30:23','2021-06-03 12:30:23',NULL,'808958c5-13a1-4bc7-8f68-20f65f11e79c'),(89,NULL,30,11,'craft\\elements\\Entry',1,0,'2021-06-03 12:30:26','2021-06-03 12:30:26',NULL,'27bb12b2-7469-40ae-bf38-a684d08a44d1'),(90,NULL,31,11,'craft\\elements\\Entry',1,0,'2021-06-03 13:56:38','2021-06-03 13:56:38',NULL,'4a68a76f-fe05-458f-a77b-937da682adf5'),(91,NULL,32,11,'craft\\elements\\Entry',1,0,'2021-06-03 13:57:00','2021-06-03 13:57:00',NULL,'3ec09ddf-dd22-47cf-98dd-1f40db0ddd79'),(92,NULL,NULL,15,'craft\\elements\\MatrixBlock',1,0,'2021-06-03 14:00:36','2021-06-03 14:00:36',NULL,'0b085eae-dc6f-425c-a8ef-7b9300d55f9f'),(93,NULL,NULL,15,'craft\\elements\\MatrixBlock',1,0,'2021-06-03 14:00:38','2021-06-03 14:00:38',NULL,'99562c13-331b-462e-ab96-031007ad4132'),(94,NULL,NULL,15,'craft\\elements\\MatrixBlock',1,0,'2021-06-03 14:00:38','2021-06-03 14:00:38',NULL,'b6c5cd60-e323-4ea7-8e53-dfe602b23f16'),(95,NULL,NULL,15,'craft\\elements\\MatrixBlock',1,0,'2021-06-03 14:00:38','2021-06-03 14:00:38',NULL,'723a7604-efed-4ee7-a1b0-b1ead5cad56d'),(96,NULL,33,11,'craft\\elements\\Entry',1,0,'2021-06-03 14:00:36','2021-06-03 14:00:36',NULL,'55d77e83-ba50-4aad-abae-48e674bd0a34'),(97,NULL,NULL,15,'craft\\elements\\MatrixBlock',1,0,'2021-06-03 14:00:38','2021-06-03 14:00:36',NULL,'88747db4-ed3d-486d-ab10-aa3c751c6165'),(98,NULL,NULL,15,'craft\\elements\\MatrixBlock',1,0,'2021-06-03 14:00:38','2021-06-03 14:00:38',NULL,'b93cf5bd-9bd5-4949-aaef-058d337433b3'),(99,NULL,NULL,15,'craft\\elements\\MatrixBlock',1,0,'2021-06-03 14:00:38','2021-06-03 14:00:38',NULL,'1a4b841e-7ae8-4c41-8d2d-a2b9a1863b97'),(100,NULL,NULL,15,'craft\\elements\\MatrixBlock',1,0,'2021-06-03 14:00:38','2021-06-03 14:00:38',NULL,'08cea5d2-06a0-46cf-b060-591d878990a2'),(101,NULL,34,11,'craft\\elements\\Entry',1,0,'2021-06-03 14:55:44','2021-06-03 14:55:44',NULL,'3382b70a-c98d-4ca5-b78f-02f5d890ebba'),(102,NULL,NULL,15,'craft\\elements\\MatrixBlock',1,0,'2021-06-03 14:55:44','2021-06-03 14:00:36',NULL,'ae03d704-99a7-495c-860e-1c0483948e90'),(103,NULL,NULL,15,'craft\\elements\\MatrixBlock',1,0,'2021-06-03 14:55:44','2021-06-03 14:00:38',NULL,'b863fca4-5830-427b-bbd6-32aef815b1df'),(104,NULL,NULL,15,'craft\\elements\\MatrixBlock',1,0,'2021-06-03 14:55:44','2021-06-03 14:00:38',NULL,'45a6dc37-a74b-442a-8737-004af80f4298'),(105,NULL,NULL,15,'craft\\elements\\MatrixBlock',1,0,'2021-06-03 14:55:44','2021-06-03 14:00:38',NULL,'b59cb8bb-faa9-4c66-b6e4-8c946e47c825'),(106,NULL,NULL,10,'craft\\elements\\Asset',1,0,'2021-06-03 14:57:31','2021-06-03 14:57:31','2021-06-03 15:15:19','341857fa-e905-44df-86e3-4f530e0c78ba'),(107,NULL,NULL,10,'craft\\elements\\Asset',1,0,'2021-06-03 15:04:55','2021-06-03 15:04:55','2021-06-03 15:15:19','6937e212-6003-4390-bef2-22703cd554d6'),(108,NULL,NULL,10,'craft\\elements\\Asset',1,0,'2021-06-03 15:06:15','2021-06-03 15:06:15','2021-06-03 15:15:19','08b8ee1c-7d47-4929-bd18-df6b5b204975'),(109,NULL,NULL,10,'craft\\elements\\Asset',1,0,'2021-06-03 15:06:48','2021-06-03 15:06:48','2021-06-03 15:15:19','b1ea33d8-5753-4668-805e-1943bdb9c6fc'),(110,NULL,NULL,10,'craft\\elements\\Asset',1,0,'2021-06-03 15:07:18','2021-06-03 15:07:18','2021-06-03 15:15:19','a2602aa0-34c5-48d5-9561-e4df1ee3c52d'),(111,NULL,NULL,10,'craft\\elements\\Asset',1,0,'2021-06-03 15:07:46','2021-06-03 15:07:46','2021-06-03 15:15:19','e1eb04dc-cbfa-4bc4-a30e-89d53309f78d'),(112,NULL,NULL,17,'craft\\elements\\MatrixBlock',1,0,'2021-06-03 15:07:57','2021-06-03 15:17:58',NULL,'ecf65364-6d52-421e-b166-36a49115a674'),(113,NULL,NULL,17,'craft\\elements\\MatrixBlock',1,0,'2021-06-03 15:07:57','2021-06-03 15:17:58',NULL,'f2d47efb-0313-43ed-921c-fc642757d187'),(114,NULL,NULL,17,'craft\\elements\\MatrixBlock',1,0,'2021-06-03 15:07:57','2021-06-03 15:17:58',NULL,'d00f06bd-c43c-4bcb-8d31-c5087549f29c'),(115,NULL,NULL,17,'craft\\elements\\MatrixBlock',1,0,'2021-06-03 15:07:57','2021-06-03 15:17:58',NULL,'8b11e145-fc5f-45b4-97cc-cd056bd55833'),(116,NULL,NULL,17,'craft\\elements\\MatrixBlock',1,0,'2021-06-03 15:07:57','2021-06-03 15:17:58',NULL,'eec70997-fbe8-46e8-94cb-4af1b7500fa8'),(117,NULL,NULL,17,'craft\\elements\\MatrixBlock',1,0,'2021-06-03 15:07:57','2021-06-03 15:17:58',NULL,'0e20bd48-7b4a-4b30-a4a7-64db93c58c5b'),(118,NULL,35,11,'craft\\elements\\Entry',1,0,'2021-06-03 15:07:57','2021-06-03 15:07:57',NULL,'84acc8b3-c569-4768-bf63-34dfe1c8ce78'),(119,NULL,NULL,15,'craft\\elements\\MatrixBlock',1,0,'2021-06-03 15:08:01','2021-06-03 14:00:36',NULL,'44894553-a428-4d0a-8cf3-210786747cd1'),(120,NULL,NULL,15,'craft\\elements\\MatrixBlock',1,0,'2021-06-03 15:08:01','2021-06-03 14:00:38',NULL,'d77d057e-4680-4b0e-9846-1d2fed20be0c'),(121,NULL,NULL,15,'craft\\elements\\MatrixBlock',1,0,'2021-06-03 15:08:01','2021-06-03 14:00:38',NULL,'5371b2a5-44aa-4968-9603-696c70073a49'),(122,NULL,NULL,15,'craft\\elements\\MatrixBlock',1,0,'2021-06-03 15:08:01','2021-06-03 14:00:38',NULL,'f33ea2cc-e2bd-4730-8bd2-bf7d11c58116'),(123,NULL,NULL,17,'craft\\elements\\MatrixBlock',1,0,'2021-06-03 15:08:01','2021-06-03 15:07:57',NULL,'ca2a554a-0db6-42e5-a19f-af4054263a97'),(124,NULL,NULL,17,'craft\\elements\\MatrixBlock',1,0,'2021-06-03 15:08:01','2021-06-03 15:07:57',NULL,'478997a0-1475-48ce-8133-9d4027b3074c'),(125,NULL,NULL,17,'craft\\elements\\MatrixBlock',1,0,'2021-06-03 15:08:01','2021-06-03 15:07:57',NULL,'21d2d281-2404-48b0-99b0-b493429243c5'),(126,NULL,NULL,17,'craft\\elements\\MatrixBlock',1,0,'2021-06-03 15:08:01','2021-06-03 15:07:57',NULL,'b7ec3e46-1a08-40fb-acc2-e0743f479a4b'),(127,NULL,NULL,17,'craft\\elements\\MatrixBlock',1,0,'2021-06-03 15:08:01','2021-06-03 15:07:57',NULL,'0b52e3be-7da1-45a7-98e4-71fbeaedd32e'),(128,NULL,NULL,17,'craft\\elements\\MatrixBlock',1,0,'2021-06-03 15:08:01','2021-06-03 15:07:57',NULL,'78eaf4dc-a26b-4311-a80f-22a9db7922e7'),(129,NULL,36,11,'craft\\elements\\Entry',1,0,'2021-06-03 15:08:51','2021-06-03 15:08:51',NULL,'836dd2ce-1a22-4e62-9adc-d0d933eea33f'),(130,NULL,NULL,15,'craft\\elements\\MatrixBlock',1,0,'2021-06-03 15:08:51','2021-06-03 14:00:36',NULL,'f9d47eec-08b9-4a73-8bd7-d3fac8a4414f'),(131,NULL,NULL,15,'craft\\elements\\MatrixBlock',1,0,'2021-06-03 15:08:53','2021-06-03 14:00:38',NULL,'84dbb105-31a0-441f-873d-2b2b189b2917'),(132,NULL,NULL,15,'craft\\elements\\MatrixBlock',1,0,'2021-06-03 15:08:54','2021-06-03 14:00:38',NULL,'d794ecf2-dfbf-4b8b-a74d-d354a052f958'),(133,NULL,NULL,15,'craft\\elements\\MatrixBlock',1,0,'2021-06-03 15:08:54','2021-06-03 14:00:38',NULL,'e341199b-675f-4112-9146-fd544a35d747'),(134,NULL,NULL,17,'craft\\elements\\MatrixBlock',1,0,'2021-06-03 15:08:54','2021-06-03 15:07:57',NULL,'1b5d2d72-bece-42eb-b87d-548b9fd5178f'),(135,NULL,NULL,17,'craft\\elements\\MatrixBlock',1,0,'2021-06-03 15:08:54','2021-06-03 15:07:57',NULL,'82cd5ad7-9c76-4923-973b-2adec16ef113'),(136,NULL,NULL,17,'craft\\elements\\MatrixBlock',1,0,'2021-06-03 15:08:54','2021-06-03 15:07:57',NULL,'0275b11b-fc6d-4a20-a3ac-9544cf4f7ecb'),(137,NULL,NULL,17,'craft\\elements\\MatrixBlock',1,0,'2021-06-03 15:08:54','2021-06-03 15:07:57',NULL,'ab72475a-4c09-459f-9fb1-09ec6cc10326'),(138,NULL,NULL,17,'craft\\elements\\MatrixBlock',1,0,'2021-06-03 15:08:54','2021-06-03 15:07:57',NULL,'5be09160-04f9-4c9c-88c3-eda34e4a8b1b'),(139,NULL,NULL,17,'craft\\elements\\MatrixBlock',1,0,'2021-06-03 15:08:54','2021-06-03 15:07:57',NULL,'81c3bf6c-0007-49dc-8912-2116ef57df8e'),(140,NULL,NULL,16,'craft\\elements\\Asset',1,0,'2021-06-03 15:16:55','2021-06-03 15:16:55',NULL,'977754e4-1f1d-4410-9c38-5596ca273961'),(141,NULL,NULL,16,'craft\\elements\\Asset',1,0,'2021-06-03 15:17:04','2021-06-03 15:17:04',NULL,'0a1a0e4b-0e94-4cc7-b601-8338c8546cb5'),(142,NULL,NULL,16,'craft\\elements\\Asset',1,0,'2021-06-03 15:17:08','2021-06-03 15:17:08',NULL,'607827ce-a724-4fe8-8127-79d4e1a6e55f'),(143,NULL,NULL,16,'craft\\elements\\Asset',1,0,'2021-06-03 15:17:26','2021-06-03 15:17:26',NULL,'c752c882-7858-49a5-bb7d-f4e98a379244'),(144,NULL,NULL,16,'craft\\elements\\Asset',1,0,'2021-06-03 15:17:34','2021-06-03 15:17:34',NULL,'93d5665d-e4af-471c-8768-6ed8cabfaf63'),(145,NULL,NULL,16,'craft\\elements\\Asset',1,0,'2021-06-03 15:17:53','2021-06-03 15:17:53',NULL,'ec7b7cff-cc2b-4aab-8909-ab88d16b1916'),(146,NULL,37,11,'craft\\elements\\Entry',1,0,'2021-06-03 15:17:58','2021-06-03 15:17:58',NULL,'38d7ac9a-9140-4117-86de-5def8dba0ccc'),(147,NULL,NULL,15,'craft\\elements\\MatrixBlock',1,0,'2021-06-03 15:17:58','2021-06-03 14:00:36',NULL,'171a0715-54ac-4506-98de-aa30c6026650'),(148,NULL,NULL,15,'craft\\elements\\MatrixBlock',1,0,'2021-06-03 15:17:58','2021-06-03 14:00:38',NULL,'98e909f3-fa33-4d65-b591-458da4a9f189'),(149,NULL,NULL,15,'craft\\elements\\MatrixBlock',1,0,'2021-06-03 15:17:59','2021-06-03 14:00:38',NULL,'ed757f4e-2026-45d3-866e-2db880ac24d6'),(150,NULL,NULL,15,'craft\\elements\\MatrixBlock',1,0,'2021-06-03 15:17:59','2021-06-03 14:00:38',NULL,'ea632964-3378-495e-968b-e7ab9ed84117'),(151,NULL,NULL,17,'craft\\elements\\MatrixBlock',1,0,'2021-06-03 15:17:59','2021-06-03 15:17:58',NULL,'0f5ffd6f-8d06-4faa-a7e5-01d025229b38'),(152,NULL,NULL,17,'craft\\elements\\MatrixBlock',1,0,'2021-06-03 15:17:59','2021-06-03 15:17:58',NULL,'19fda225-c02c-49bd-b0ee-d9c5730c20c2'),(153,NULL,NULL,17,'craft\\elements\\MatrixBlock',1,0,'2021-06-03 15:17:59','2021-06-03 15:17:58',NULL,'cac862b8-096e-4de8-9e24-c78e15928ecd'),(154,NULL,NULL,17,'craft\\elements\\MatrixBlock',1,0,'2021-06-03 15:17:59','2021-06-03 15:17:58',NULL,'cd343a71-093b-4c29-bf10-10c2e55b14a1'),(155,NULL,NULL,17,'craft\\elements\\MatrixBlock',1,0,'2021-06-03 15:17:59','2021-06-03 15:17:58',NULL,'4e54aefb-b2ae-42d5-805e-7fdab2dd01b3'),(156,NULL,NULL,17,'craft\\elements\\MatrixBlock',1,0,'2021-06-03 15:17:59','2021-06-03 15:17:58',NULL,'c1239061-3d67-4715-85bd-50cdf6fc82c2'),(157,NULL,NULL,20,'craft\\elements\\Category',1,0,'2021-06-04 01:31:35','2021-06-04 01:31:35',NULL,'e0d748d1-c0c0-4bf5-8865-78d1f89daa36'),(158,NULL,NULL,20,'craft\\elements\\Category',1,0,'2021-06-04 01:31:59','2021-06-04 01:31:59',NULL,'fd2af196-2c96-46b8-95dc-a8c8106e873b'),(159,NULL,38,11,'craft\\elements\\Entry',1,0,'2021-06-04 01:41:54','2021-06-04 01:41:54',NULL,'ba9f215c-704f-4c2e-8c29-2da49db3cba0'),(160,NULL,NULL,17,'craft\\elements\\MatrixBlock',1,0,'2021-06-04 01:41:54','2021-06-03 15:17:58',NULL,'568fd854-002a-4960-be52-fc26da9dcbdc'),(161,NULL,NULL,17,'craft\\elements\\MatrixBlock',1,0,'2021-06-04 01:41:54','2021-06-03 15:17:58',NULL,'498c95b4-070e-471a-8b65-a9fca0b14c0d'),(162,NULL,NULL,17,'craft\\elements\\MatrixBlock',1,0,'2021-06-04 01:41:54','2021-06-03 15:17:58',NULL,'64294a91-f67b-4193-8b22-5a3e5f7828e7'),(163,NULL,NULL,17,'craft\\elements\\MatrixBlock',1,0,'2021-06-04 01:41:56','2021-06-03 15:17:58',NULL,'1aef555d-f4f4-4b50-8dbc-c60b61ae545a'),(164,NULL,NULL,17,'craft\\elements\\MatrixBlock',1,0,'2021-06-04 01:41:56','2021-06-03 15:17:58',NULL,'43213197-ce8e-4827-8af5-010d2255834e'),(165,NULL,NULL,17,'craft\\elements\\MatrixBlock',1,0,'2021-06-04 01:41:56','2021-06-03 15:17:58',NULL,'42e496ee-f966-445b-8cd0-4cfeda3541ff'),(166,NULL,NULL,15,'craft\\elements\\MatrixBlock',1,0,'2021-06-04 01:41:56','2021-06-03 14:00:36',NULL,'9cd21bd2-612b-40db-91fe-45441b1ad1b1'),(167,NULL,NULL,15,'craft\\elements\\MatrixBlock',1,0,'2021-06-04 01:41:56','2021-06-03 14:00:38',NULL,'d5f29016-eb9e-4026-b193-3ae76a2e86f0'),(168,NULL,NULL,15,'craft\\elements\\MatrixBlock',1,0,'2021-06-04 01:41:56','2021-06-03 14:00:38',NULL,'1cb789e2-ab35-4ed2-a2a8-0284e01fdc5f'),(169,NULL,NULL,15,'craft\\elements\\MatrixBlock',1,0,'2021-06-04 01:41:56','2021-06-03 14:00:38',NULL,'17776417-20d5-4d52-b005-c53c14021fd0'),(170,NULL,NULL,19,'craft\\elements\\MatrixBlock',1,0,'2021-06-04 02:24:17','2021-06-04 02:49:13',NULL,'ecc53c3d-9a11-4ac9-b30c-1ffa471e8a80'),(171,NULL,39,11,'craft\\elements\\Entry',1,0,'2021-06-04 02:24:17','2021-06-04 02:24:17',NULL,'c9ea0c78-bec0-4fe5-a494-c1a7f97a771d'),(172,NULL,NULL,19,'craft\\elements\\MatrixBlock',1,0,'2021-06-04 02:24:25','2021-06-04 02:24:17',NULL,'cd04bc4f-0b4e-4197-8b9d-8c6b7c9a2f53'),(173,NULL,NULL,17,'craft\\elements\\MatrixBlock',1,0,'2021-06-04 02:24:25','2021-06-03 15:17:58',NULL,'4db1e709-b6ee-486a-9733-c60629790075'),(174,NULL,NULL,17,'craft\\elements\\MatrixBlock',1,0,'2021-06-04 02:24:25','2021-06-03 15:17:58',NULL,'a064075d-9c17-4e34-9fde-00b0745b555e'),(175,NULL,NULL,17,'craft\\elements\\MatrixBlock',1,0,'2021-06-04 02:24:25','2021-06-03 15:17:58',NULL,'a3faeb1b-de70-484d-bdd2-4b226e4090d7'),(176,NULL,NULL,17,'craft\\elements\\MatrixBlock',1,0,'2021-06-04 02:24:25','2021-06-03 15:17:58',NULL,'66ca0f68-e366-47b7-8ea2-0d7537472795'),(177,NULL,NULL,17,'craft\\elements\\MatrixBlock',1,0,'2021-06-04 02:24:25','2021-06-03 15:17:58',NULL,'9412e650-111e-4d97-b93d-731c92b43d05'),(178,NULL,NULL,17,'craft\\elements\\MatrixBlock',1,0,'2021-06-04 02:24:25','2021-06-03 15:17:58',NULL,'4e3386e5-6e79-4806-abdb-c3054663271d'),(179,NULL,NULL,15,'craft\\elements\\MatrixBlock',1,0,'2021-06-04 02:24:25','2021-06-03 14:00:36',NULL,'71f679ef-ea5f-44db-8a54-0517af0d7001'),(180,NULL,NULL,15,'craft\\elements\\MatrixBlock',1,0,'2021-06-04 02:24:25','2021-06-03 14:00:38',NULL,'27ee0b3d-213e-4b6b-b68a-1b628cdbbf3b'),(181,NULL,NULL,15,'craft\\elements\\MatrixBlock',1,0,'2021-06-04 02:24:25','2021-06-03 14:00:38',NULL,'58f6a495-7e83-48c1-ac2e-713d6e6b4489'),(182,NULL,NULL,15,'craft\\elements\\MatrixBlock',1,0,'2021-06-04 02:24:25','2021-06-03 14:00:38',NULL,'d098c193-cefd-454c-9cd8-ca887479f8d3'),(183,NULL,NULL,18,'craft\\elements\\Asset',1,0,'2021-06-04 02:26:53','2021-06-04 02:26:53',NULL,'7c5324d7-2759-4d41-9798-2ccf0fb070ad'),(184,NULL,NULL,18,'craft\\elements\\Asset',1,0,'2021-06-04 02:27:07','2021-06-04 02:27:07',NULL,'1eaa05b9-2bcd-4630-bb50-99f3d78355e1'),(185,NULL,NULL,18,'craft\\elements\\Asset',1,0,'2021-06-04 02:27:15','2021-06-04 02:27:15',NULL,'14e09668-5a59-4a08-8c15-62d4b7ec821e'),(186,NULL,NULL,18,'craft\\elements\\Asset',1,0,'2021-06-04 02:28:51','2021-06-04 02:28:51',NULL,'800eaa52-785a-491a-b500-f4fe5be50570'),(187,NULL,NULL,18,'craft\\elements\\Asset',1,0,'2021-06-04 02:28:59','2021-06-04 02:28:59',NULL,'b6d9799d-3d44-4ca4-a258-4e6bed1d4302'),(188,NULL,NULL,18,'craft\\elements\\Asset',1,0,'2021-06-04 02:29:09','2021-06-04 02:29:09',NULL,'33525666-775b-4a2a-8db4-b5aa63cdcf49'),(189,NULL,NULL,18,'craft\\elements\\Asset',1,0,'2021-06-04 02:31:30','2021-06-04 02:31:30',NULL,'d3c56242-adc5-40a7-b6db-4a73d67e55ab'),(190,NULL,NULL,18,'craft\\elements\\Asset',1,0,'2021-06-04 02:31:41','2021-06-04 02:31:41',NULL,'e9825d3e-b7c1-4a55-b778-8e634b846573'),(191,NULL,NULL,18,'craft\\elements\\Asset',1,0,'2021-06-04 02:31:46','2021-06-04 02:31:46',NULL,'4c6a4803-883c-4fb9-9407-8a727880ea46'),(192,NULL,NULL,18,'craft\\elements\\Asset',1,0,'2021-06-04 02:47:41','2021-06-04 02:47:41',NULL,'d5ae8e57-413b-468d-91ec-6e9097bcca25'),(193,NULL,NULL,18,'craft\\elements\\Asset',1,0,'2021-06-04 02:47:48','2021-06-04 02:47:48',NULL,'f85b6975-f983-4546-a294-5ca046d2aafc'),(194,NULL,NULL,18,'craft\\elements\\Asset',1,0,'2021-06-04 02:47:54','2021-06-04 02:47:54',NULL,'482c1d03-9552-4193-bed0-b71c073e97f6'),(195,NULL,NULL,18,'craft\\elements\\Asset',1,0,'2021-06-04 02:48:09','2021-06-04 02:48:09',NULL,'e177900e-1f45-462b-90bb-eaef81797f41'),(196,NULL,NULL,18,'craft\\elements\\Asset',1,0,'2021-06-04 02:48:20','2021-06-04 02:48:20',NULL,'76870982-25d9-4140-8103-3b3f8465e7ca'),(197,NULL,NULL,18,'craft\\elements\\Asset',1,0,'2021-06-04 02:48:25','2021-06-04 02:48:25','2021-06-04 02:49:45','1e59b813-aecd-4afb-a639-c4c0d1a69100'),(198,NULL,NULL,18,'craft\\elements\\Asset',1,0,'2021-06-04 02:48:39','2021-06-04 02:48:39',NULL,'a51fd8b9-7a7e-4347-b7f7-2c61bcb02d7e'),(199,NULL,NULL,18,'craft\\elements\\Asset',1,0,'2021-06-04 02:48:52','2021-06-04 02:48:52',NULL,'84bc6505-42ea-4601-9825-a4d2e702897c'),(200,NULL,NULL,18,'craft\\elements\\Asset',1,0,'2021-06-04 02:49:00','2021-06-04 02:49:00',NULL,'26508fbc-87cb-44df-a9c0-140dfc29fb83'),(201,NULL,NULL,18,'craft\\elements\\Asset',1,0,'2021-06-04 02:49:07','2021-06-04 02:49:07',NULL,'aaa7ddd2-9385-43e1-b4a2-d5917034e4da'),(202,NULL,NULL,19,'craft\\elements\\MatrixBlock',1,0,'2021-06-04 02:49:13','2021-06-04 02:49:13',NULL,'ebc4cdf4-5379-4b8c-8584-4577674599b5'),(203,NULL,NULL,19,'craft\\elements\\MatrixBlock',1,0,'2021-06-04 02:49:13','2021-06-04 02:49:13',NULL,'fad9fc06-2266-4fa3-b18b-709e20b064da'),(204,NULL,NULL,19,'craft\\elements\\MatrixBlock',1,0,'2021-06-04 02:49:14','2021-06-04 02:49:14',NULL,'5dfea818-1029-4127-ae31-6676e73f37ef'),(205,NULL,NULL,19,'craft\\elements\\MatrixBlock',1,0,'2021-06-04 02:49:14','2021-06-04 02:49:14',NULL,'2b480c58-d2b3-44b0-b1ea-35a3e365a9c0'),(206,NULL,NULL,19,'craft\\elements\\MatrixBlock',1,0,'2021-06-04 02:49:14','2021-06-04 02:49:14',NULL,'9e401a6f-87f6-4f50-90d6-b4e3d5298916'),(207,NULL,40,11,'craft\\elements\\Entry',1,0,'2021-06-04 02:49:13','2021-06-04 02:49:13',NULL,'72c3d462-0f34-4aa1-87e2-2fc141cabf28'),(208,NULL,NULL,19,'craft\\elements\\MatrixBlock',1,0,'2021-06-04 02:49:16','2021-06-04 02:49:13',NULL,'cd313596-721d-4ead-bc39-48291463ec8f'),(209,NULL,NULL,19,'craft\\elements\\MatrixBlock',1,0,'2021-06-04 02:49:16','2021-06-04 02:49:13',NULL,'f0d60f57-2fff-4460-a097-67d735da6e13'),(210,NULL,NULL,19,'craft\\elements\\MatrixBlock',1,0,'2021-06-04 02:49:16','2021-06-04 02:49:13',NULL,'f42f7e34-152c-450f-86bb-e785756c17d7'),(211,NULL,NULL,19,'craft\\elements\\MatrixBlock',1,0,'2021-06-04 02:49:16','2021-06-04 02:49:14',NULL,'173b4b36-fe8f-4b8b-b88f-0dd1a94f4fef'),(212,NULL,NULL,19,'craft\\elements\\MatrixBlock',1,0,'2021-06-04 02:49:16','2021-06-04 02:49:14',NULL,'90838d32-b346-4c26-b007-f69e619b022b'),(213,NULL,NULL,19,'craft\\elements\\MatrixBlock',1,0,'2021-06-04 02:49:16','2021-06-04 02:49:14',NULL,'ffe99a80-536d-4ab1-87e4-72bb44fb78fb'),(214,NULL,NULL,17,'craft\\elements\\MatrixBlock',1,0,'2021-06-04 02:49:16','2021-06-03 15:17:58',NULL,'54c19c99-4b59-4a13-8d38-19f32dfd12c3'),(215,NULL,NULL,17,'craft\\elements\\MatrixBlock',1,0,'2021-06-04 02:49:16','2021-06-03 15:17:58',NULL,'3c45f5c7-0e4f-4610-867f-118180da3ac7'),(216,NULL,NULL,17,'craft\\elements\\MatrixBlock',1,0,'2021-06-04 02:49:16','2021-06-03 15:17:58',NULL,'9cdfdeac-5a30-42a8-9135-4b4b299bad36'),(217,NULL,NULL,17,'craft\\elements\\MatrixBlock',1,0,'2021-06-04 02:49:16','2021-06-03 15:17:58',NULL,'f04d2c34-76f9-4349-b5eb-77be3ad66722'),(218,NULL,NULL,17,'craft\\elements\\MatrixBlock',1,0,'2021-06-04 02:49:16','2021-06-03 15:17:58',NULL,'99f0da07-975f-4122-8e79-df13b2a79f20'),(219,NULL,NULL,17,'craft\\elements\\MatrixBlock',1,0,'2021-06-04 02:49:16','2021-06-03 15:17:58',NULL,'1104442a-874a-458a-985b-d2cf9d8ecf8a'),(220,NULL,NULL,15,'craft\\elements\\MatrixBlock',1,0,'2021-06-04 02:49:16','2021-06-03 14:00:36',NULL,'3ef3c951-0dc6-4897-8422-265d4403395d'),(221,NULL,NULL,15,'craft\\elements\\MatrixBlock',1,0,'2021-06-04 02:49:16','2021-06-03 14:00:38',NULL,'09463aa1-d870-420d-8f69-8da015dbb1cc'),(222,NULL,NULL,15,'craft\\elements\\MatrixBlock',1,0,'2021-06-04 02:49:17','2021-06-03 14:00:38',NULL,'240d47b9-e5d4-4ced-839f-39425ab639de'),(223,NULL,NULL,15,'craft\\elements\\MatrixBlock',1,0,'2021-06-04 02:49:17','2021-06-03 14:00:38',NULL,'37529cb0-f23f-4bf6-a5d4-8780763c0a88'),(224,NULL,41,11,'craft\\elements\\Entry',1,0,'2021-06-04 04:54:16','2021-06-04 04:54:16',NULL,'925adac7-804a-4a2b-8e06-3c38614748a1'),(225,NULL,NULL,19,'craft\\elements\\MatrixBlock',1,0,'2021-06-04 04:54:16','2021-06-04 02:49:13',NULL,'4b9dcb31-adb9-4135-ab31-deab1238dc97'),(226,NULL,NULL,19,'craft\\elements\\MatrixBlock',1,0,'2021-06-04 04:54:16','2021-06-04 02:49:13',NULL,'ef2b0485-b05f-4ca8-bd2f-fe8cc9fc005b'),(227,NULL,NULL,19,'craft\\elements\\MatrixBlock',1,0,'2021-06-04 04:54:19','2021-06-04 02:49:13',NULL,'4b07c7d6-5af1-43cc-b150-9a79ec10cbee'),(228,NULL,NULL,19,'craft\\elements\\MatrixBlock',1,0,'2021-06-04 04:54:20','2021-06-04 02:49:14',NULL,'bf7d271b-cf13-421b-89c5-535a0810b51c'),(229,NULL,NULL,19,'craft\\elements\\MatrixBlock',1,0,'2021-06-04 04:54:20','2021-06-04 02:49:14',NULL,'7029bc5e-8697-4e78-aa13-28d737fb142d'),(230,NULL,NULL,19,'craft\\elements\\MatrixBlock',1,0,'2021-06-04 04:54:20','2021-06-04 02:49:14',NULL,'18c2cce1-fda8-4ad2-b3cf-9b19f0b3b913'),(231,NULL,NULL,17,'craft\\elements\\MatrixBlock',1,0,'2021-06-04 04:54:20','2021-06-03 15:17:58',NULL,'78426806-f7ec-49c9-92c2-ec20523aa239'),(232,NULL,NULL,17,'craft\\elements\\MatrixBlock',1,0,'2021-06-04 04:54:20','2021-06-03 15:17:58',NULL,'49deefb6-895b-43b9-9631-c765cce2f224'),(233,NULL,NULL,17,'craft\\elements\\MatrixBlock',1,0,'2021-06-04 04:54:20','2021-06-03 15:17:58',NULL,'58e4ccd0-4211-4aef-a3dd-04bf691d6a76'),(234,NULL,NULL,17,'craft\\elements\\MatrixBlock',1,0,'2021-06-04 04:54:20','2021-06-03 15:17:58',NULL,'fd899df5-de1f-4867-a0fb-311034e799dd'),(235,NULL,NULL,17,'craft\\elements\\MatrixBlock',1,0,'2021-06-04 04:54:20','2021-06-03 15:17:58',NULL,'b6fa56d3-0110-4eec-b0ca-3d8d0269cb66'),(236,NULL,NULL,17,'craft\\elements\\MatrixBlock',1,0,'2021-06-04 04:54:20','2021-06-03 15:17:58',NULL,'5eeafb27-347f-4fe7-9afe-3055295d4c36'),(237,NULL,NULL,15,'craft\\elements\\MatrixBlock',1,0,'2021-06-04 04:54:20','2021-06-03 14:00:36',NULL,'9b0f4292-cbf7-4e61-b5f9-3c41f06a0247'),(238,NULL,NULL,15,'craft\\elements\\MatrixBlock',1,0,'2021-06-04 04:54:20','2021-06-03 14:00:38',NULL,'82d6381a-ec82-4c00-8708-eddfb7606744'),(239,NULL,NULL,15,'craft\\elements\\MatrixBlock',1,0,'2021-06-04 04:54:20','2021-06-03 14:00:38',NULL,'171820a9-8e70-49ac-a00f-ec90433b9441'),(240,NULL,NULL,15,'craft\\elements\\MatrixBlock',1,0,'2021-06-04 04:54:22','2021-06-03 14:00:38',NULL,'50cc4071-b174-4abf-b87a-8f9ed9bddd83'),(241,NULL,NULL,23,'craft\\elements\\Asset',1,0,'2021-06-04 04:59:04','2021-06-04 04:59:04',NULL,'0409ab87-b464-4bd3-a6a0-cb97f297f8c4'),(242,NULL,NULL,23,'craft\\elements\\Asset',1,0,'2021-06-04 05:00:40','2021-06-04 05:00:40',NULL,'31445afc-0320-474f-8a5e-de3d382f5a16'),(243,NULL,NULL,23,'craft\\elements\\Asset',1,0,'2021-06-04 05:02:14','2021-06-04 05:02:14',NULL,'a03cf050-69f2-424b-91ea-53cc58b06c45'),(244,NULL,NULL,23,'craft\\elements\\Asset',1,0,'2021-06-04 05:03:07','2021-06-04 05:03:07',NULL,'333b9688-5710-43f5-b4fb-318c7ca42c24'),(245,NULL,NULL,22,'craft\\elements\\MatrixBlock',1,0,'2021-06-04 05:03:15','2021-06-04 05:03:15',NULL,'8cba3a84-838a-446c-9200-d37fdc3e408e'),(246,NULL,NULL,22,'craft\\elements\\MatrixBlock',1,0,'2021-06-04 05:03:17','2021-06-04 05:03:17',NULL,'9fbcac22-6aa7-41ff-9d4a-0a9b14043105'),(247,NULL,NULL,22,'craft\\elements\\MatrixBlock',1,0,'2021-06-04 05:03:17','2021-06-04 05:03:17',NULL,'91f73ee5-2260-40db-a4b3-3ba3dd06d009'),(248,NULL,NULL,22,'craft\\elements\\MatrixBlock',1,0,'2021-06-04 05:03:17','2021-06-04 05:03:17',NULL,'087f4507-bd83-4423-983f-5c77c7329ac3'),(249,NULL,42,11,'craft\\elements\\Entry',1,0,'2021-06-04 05:03:15','2021-06-04 05:03:15',NULL,'68298789-4968-4be6-8c09-55cb54dd7300'),(250,NULL,NULL,22,'craft\\elements\\MatrixBlock',1,0,'2021-06-04 05:03:21','2021-06-04 05:03:15',NULL,'621a8cb5-08f8-4ec2-8900-c0f99bd5920e'),(251,NULL,NULL,22,'craft\\elements\\MatrixBlock',1,0,'2021-06-04 05:03:21','2021-06-04 05:03:17',NULL,'51be3d58-b810-4467-9632-36ad396116b4'),(252,NULL,NULL,22,'craft\\elements\\MatrixBlock',1,0,'2021-06-04 05:03:21','2021-06-04 05:03:17',NULL,'aa269511-5ac4-416c-a0eb-a18724709514'),(253,NULL,NULL,22,'craft\\elements\\MatrixBlock',1,0,'2021-06-04 05:03:21','2021-06-04 05:03:17',NULL,'e6dc4503-fff1-4eb1-b0ff-b513c06717a2'),(254,NULL,NULL,19,'craft\\elements\\MatrixBlock',1,0,'2021-06-04 05:03:21','2021-06-04 02:49:13',NULL,'95444a44-257a-4275-ac57-c69572609884'),(255,NULL,NULL,19,'craft\\elements\\MatrixBlock',1,0,'2021-06-04 05:03:21','2021-06-04 02:49:13',NULL,'769af330-f6f8-4e59-a488-07b42b4a5731'),(256,NULL,NULL,19,'craft\\elements\\MatrixBlock',1,0,'2021-06-04 05:03:21','2021-06-04 02:49:13',NULL,'15d8581f-f9f9-4df4-aa0c-25472ea8b37f'),(257,NULL,NULL,19,'craft\\elements\\MatrixBlock',1,0,'2021-06-04 05:03:21','2021-06-04 02:49:14',NULL,'30c0e6ae-dfea-4a31-82bc-a099676b6612'),(258,NULL,NULL,19,'craft\\elements\\MatrixBlock',1,0,'2021-06-04 05:03:21','2021-06-04 02:49:14',NULL,'480e7094-64d3-47da-b9a1-40e37ac0bf61'),(259,NULL,NULL,19,'craft\\elements\\MatrixBlock',1,0,'2021-06-04 05:03:21','2021-06-04 02:49:14',NULL,'3f3eff1d-2480-4ca9-bf85-ce75d49caf16'),(260,NULL,NULL,17,'craft\\elements\\MatrixBlock',1,0,'2021-06-04 05:03:21','2021-06-03 15:17:58',NULL,'9561ce15-de05-4a89-9fc3-c7c78b62b17d'),(261,NULL,NULL,17,'craft\\elements\\MatrixBlock',1,0,'2021-06-04 05:03:22','2021-06-03 15:17:58',NULL,'3b4706ed-6556-4585-8c4f-3c5e690ff036'),(262,NULL,NULL,17,'craft\\elements\\MatrixBlock',1,0,'2021-06-04 05:03:22','2021-06-03 15:17:58',NULL,'f80f222e-b96c-45c3-8b02-b7ef77129302'),(263,NULL,NULL,17,'craft\\elements\\MatrixBlock',1,0,'2021-06-04 05:03:23','2021-06-03 15:17:58',NULL,'be24a8af-816e-4fb3-8fc2-bd6109dd8702'),(264,NULL,NULL,17,'craft\\elements\\MatrixBlock',1,0,'2021-06-04 05:03:23','2021-06-03 15:17:58',NULL,'e72ce951-b52a-4f8a-92d0-241e46d39ef3'),(265,NULL,NULL,17,'craft\\elements\\MatrixBlock',1,0,'2021-06-04 05:03:24','2021-06-03 15:17:58',NULL,'d687e594-9bcd-40a1-9184-c007a862c00e'),(266,NULL,NULL,15,'craft\\elements\\MatrixBlock',1,0,'2021-06-04 05:03:24','2021-06-03 14:00:36',NULL,'4c105b16-07c7-48d1-8234-d4d5ae049733'),(267,NULL,NULL,15,'craft\\elements\\MatrixBlock',1,0,'2021-06-04 05:03:24','2021-06-03 14:00:38',NULL,'8a08a1fa-fb2b-4cc5-8016-4db590e46142'),(268,NULL,NULL,15,'craft\\elements\\MatrixBlock',1,0,'2021-06-04 05:03:24','2021-06-03 14:00:38',NULL,'62e0f385-0106-45ac-ad8f-2193490e9da8'),(269,NULL,NULL,15,'craft\\elements\\MatrixBlock',1,0,'2021-06-04 05:03:24','2021-06-03 14:00:38',NULL,'90bf4ba6-ae30-4048-893b-926022790e88'),(270,NULL,43,9,'craft\\elements\\Entry',1,0,'2021-06-04 05:20:38','2021-06-04 05:20:38',NULL,'05604e39-0667-490d-beae-b586b1093853'),(272,NULL,NULL,9,'craft\\elements\\Entry',1,0,'2021-06-04 05:21:39','2021-06-04 14:07:30',NULL,'a0f07172-5a65-42db-8e8a-21ba8cfeb9d7'),(273,NULL,44,9,'craft\\elements\\Entry',1,0,'2021-06-04 05:21:38','2021-06-04 05:21:38',NULL,'04aaeefb-7031-4508-8dc4-1b9ba653bd95'),(274,NULL,45,9,'craft\\elements\\Entry',1,0,'2021-06-04 05:21:47','2021-06-04 05:21:47',NULL,'f63f0516-0a90-4ee9-9337-4dce6f692c1c'),(275,NULL,46,11,'craft\\elements\\Entry',1,0,'2021-06-04 05:33:54','2021-06-04 05:33:54',NULL,'2b488105-f231-4acc-93b8-5f4270d8b49e'),(276,NULL,NULL,22,'craft\\elements\\MatrixBlock',1,0,'2021-06-04 05:33:58','2021-06-04 05:03:15',NULL,'05017821-8e46-4d02-bf94-70b9874a45d5'),(277,NULL,NULL,22,'craft\\elements\\MatrixBlock',1,0,'2021-06-04 05:33:58','2021-06-04 05:03:17',NULL,'7a3cf708-726c-4c56-8f46-f5b59efa8367'),(278,NULL,NULL,22,'craft\\elements\\MatrixBlock',1,0,'2021-06-04 05:33:58','2021-06-04 05:03:17',NULL,'a2939289-79e8-4f19-b3c3-aeaecf8f586f'),(279,NULL,NULL,22,'craft\\elements\\MatrixBlock',1,0,'2021-06-04 05:33:58','2021-06-04 05:03:17',NULL,'a0bc5a4a-ee91-4461-83ee-004f258361dd'),(280,NULL,NULL,19,'craft\\elements\\MatrixBlock',1,0,'2021-06-04 05:33:58','2021-06-04 02:49:13',NULL,'2fa7808d-5182-451b-99ca-5ab16f9d3520'),(281,NULL,NULL,19,'craft\\elements\\MatrixBlock',1,0,'2021-06-04 05:33:58','2021-06-04 02:49:13',NULL,'4c513820-f388-474b-88d2-b51b68d64c5b'),(282,NULL,NULL,19,'craft\\elements\\MatrixBlock',1,0,'2021-06-04 05:33:58','2021-06-04 02:49:13',NULL,'8eba0ab1-6487-4cfc-9294-ffacb1768b97'),(283,NULL,NULL,19,'craft\\elements\\MatrixBlock',1,0,'2021-06-04 05:33:58','2021-06-04 02:49:14',NULL,'0ad050a5-de1b-4c93-9565-44e3672685e5'),(284,NULL,NULL,19,'craft\\elements\\MatrixBlock',1,0,'2021-06-04 05:33:58','2021-06-04 02:49:14',NULL,'b521fcfe-6719-46f6-b101-fc8906e9c70e'),(285,NULL,NULL,19,'craft\\elements\\MatrixBlock',1,0,'2021-06-04 05:33:58','2021-06-04 02:49:14',NULL,'afbf6a2a-7ae5-451c-befa-36d820dc75d5'),(286,NULL,NULL,17,'craft\\elements\\MatrixBlock',1,0,'2021-06-04 05:33:59','2021-06-03 15:17:58',NULL,'97ee744a-e8a2-4f19-ab17-ec64319aa230'),(287,NULL,NULL,17,'craft\\elements\\MatrixBlock',1,0,'2021-06-04 05:33:59','2021-06-03 15:17:58',NULL,'35716de1-c2b8-42e3-8bc5-5a0884b9a49f'),(288,NULL,NULL,17,'craft\\elements\\MatrixBlock',1,0,'2021-06-04 05:33:59','2021-06-03 15:17:58',NULL,'f610eecc-75a3-408a-a48e-c59f4afd20d0'),(289,NULL,NULL,17,'craft\\elements\\MatrixBlock',1,0,'2021-06-04 05:33:59','2021-06-03 15:17:58',NULL,'c663dc7d-6f26-4868-826f-f93e612b56f9'),(290,NULL,NULL,17,'craft\\elements\\MatrixBlock',1,0,'2021-06-04 05:33:59','2021-06-03 15:17:58',NULL,'3561d69e-d0bb-4e70-8569-4b35d8747dcc'),(291,NULL,NULL,17,'craft\\elements\\MatrixBlock',1,0,'2021-06-04 05:34:01','2021-06-03 15:17:58',NULL,'75c36aca-d578-42d0-be78-b1ae8a66bff3'),(292,NULL,NULL,15,'craft\\elements\\MatrixBlock',1,0,'2021-06-04 05:34:01','2021-06-03 14:00:36',NULL,'111f105d-b187-4f5b-bb6a-1e5e37a70810'),(293,NULL,NULL,15,'craft\\elements\\MatrixBlock',1,0,'2021-06-04 05:34:01','2021-06-03 14:00:38',NULL,'8a131b18-8069-44ab-b699-34c023277b72'),(294,NULL,NULL,15,'craft\\elements\\MatrixBlock',1,0,'2021-06-04 05:34:01','2021-06-03 14:00:38',NULL,'da1603fb-d3d4-4b84-9165-759287020832'),(295,NULL,NULL,15,'craft\\elements\\MatrixBlock',1,0,'2021-06-04 05:34:01','2021-06-03 14:00:38',NULL,'dd07c16e-1e99-43b5-90f6-f561aa333042'),(296,NULL,NULL,25,'craft\\elements\\Asset',1,0,'2021-06-04 05:35:47','2021-06-04 05:35:47',NULL,'445c92f2-8be0-431e-96c2-da81f503b265'),(297,NULL,NULL,25,'craft\\elements\\Asset',1,0,'2021-06-04 05:37:56','2021-06-04 05:37:56',NULL,'0f42f258-4b97-4f2a-8956-56c8877f8413'),(298,NULL,NULL,25,'craft\\elements\\Asset',1,0,'2021-06-04 05:38:11','2021-06-04 05:38:11',NULL,'c7d812fb-bb44-401d-a2b8-88fa48aa6114'),(299,NULL,NULL,25,'craft\\elements\\Asset',1,0,'2021-06-04 05:38:29','2021-06-04 05:38:29',NULL,'55f21660-ffb1-4453-a9da-69fef871f9cf'),(300,NULL,NULL,25,'craft\\elements\\Asset',1,0,'2021-06-04 05:38:45','2021-06-04 05:38:45',NULL,'334b92fd-bb84-4709-a617-1d63fde9b14d'),(301,NULL,NULL,25,'craft\\elements\\Asset',1,0,'2021-06-04 05:39:02','2021-06-04 05:39:02',NULL,'d3552e26-333b-4368-b4d7-706398d346a6'),(302,NULL,NULL,25,'craft\\elements\\Asset',1,0,'2021-06-04 05:39:16','2021-06-04 05:39:16',NULL,'f5c33026-d4f0-4fbb-a241-8f1ea7ca2eb5'),(303,NULL,NULL,25,'craft\\elements\\Asset',1,0,'2021-06-04 05:39:30','2021-06-04 05:39:30',NULL,'27c70752-523f-4a32-a465-08a8731ac6da'),(304,NULL,NULL,24,'craft\\elements\\MatrixBlock',1,0,'2021-06-04 05:39:36','2021-06-04 05:39:36',NULL,'33e40422-3e6a-435b-adda-ac0bd77c4248'),(305,NULL,NULL,24,'craft\\elements\\MatrixBlock',1,0,'2021-06-04 05:39:36','2021-06-04 05:39:36',NULL,'cdb53490-3c6e-4140-a2eb-0079b9734b2e'),(306,NULL,NULL,24,'craft\\elements\\MatrixBlock',1,0,'2021-06-04 05:39:36','2021-06-04 05:39:36',NULL,'4aebbb20-b5f4-4dcb-b85b-3428c3b9913d'),(307,NULL,NULL,24,'craft\\elements\\MatrixBlock',1,0,'2021-06-04 05:39:36','2021-06-04 05:39:36',NULL,'4d28e984-c453-4586-a149-29df74837458'),(308,NULL,NULL,24,'craft\\elements\\MatrixBlock',1,0,'2021-06-04 05:39:36','2021-06-04 05:39:36',NULL,'518239fa-4034-43fe-babd-3728098e926e'),(309,NULL,NULL,24,'craft\\elements\\MatrixBlock',1,0,'2021-06-04 05:39:36','2021-06-04 05:39:36',NULL,'4a906f9b-ef91-458b-a383-5e4f88658e1c'),(310,NULL,NULL,24,'craft\\elements\\MatrixBlock',1,0,'2021-06-04 05:39:36','2021-06-04 05:39:36',NULL,'4ad659ba-90ba-44f7-af52-ec885bafea68'),(311,NULL,NULL,24,'craft\\elements\\MatrixBlock',1,0,'2021-06-04 05:39:37','2021-06-04 05:39:37',NULL,'5981bdba-6364-458a-8fd5-cc2212928bef'),(312,NULL,47,11,'craft\\elements\\Entry',1,0,'2021-06-04 05:39:36','2021-06-04 05:39:36',NULL,'b4ae9d6d-a1fc-43aa-b4f4-c3c47a919f7b'),(313,NULL,NULL,22,'craft\\elements\\MatrixBlock',1,0,'2021-06-04 05:39:38','2021-06-04 05:03:15',NULL,'d9339d27-1e03-4780-8893-3601eab1cc0b'),(314,NULL,NULL,22,'craft\\elements\\MatrixBlock',1,0,'2021-06-04 05:39:38','2021-06-04 05:03:17',NULL,'0aae83e1-5815-46eb-9fca-9163967187d5'),(315,NULL,NULL,22,'craft\\elements\\MatrixBlock',1,0,'2021-06-04 05:39:39','2021-06-04 05:03:17',NULL,'f92660b9-e8a3-4c64-b92c-65401884d373'),(316,NULL,NULL,22,'craft\\elements\\MatrixBlock',1,0,'2021-06-04 05:39:39','2021-06-04 05:03:17',NULL,'7a122c73-323a-49dd-b8d2-e1b288246395'),(317,NULL,NULL,19,'craft\\elements\\MatrixBlock',1,0,'2021-06-04 05:39:39','2021-06-04 02:49:13',NULL,'872ce021-716d-4840-b38f-15810396c981'),(318,NULL,NULL,19,'craft\\elements\\MatrixBlock',1,0,'2021-06-04 05:39:39','2021-06-04 02:49:13',NULL,'616909f8-7cbd-4cb8-93ff-299738a0188c'),(319,NULL,NULL,19,'craft\\elements\\MatrixBlock',1,0,'2021-06-04 05:39:39','2021-06-04 02:49:13',NULL,'71858f96-2eac-4f42-a05f-ea4f27b03dc1'),(320,NULL,NULL,19,'craft\\elements\\MatrixBlock',1,0,'2021-06-04 05:39:39','2021-06-04 02:49:14',NULL,'5835fa0e-c0a4-403e-b9e6-35aa61d6d7f4'),(321,NULL,NULL,19,'craft\\elements\\MatrixBlock',1,0,'2021-06-04 05:39:39','2021-06-04 02:49:14',NULL,'48d620d7-a8ff-44b9-83e8-ebad492640e4'),(322,NULL,NULL,19,'craft\\elements\\MatrixBlock',1,0,'2021-06-04 05:39:39','2021-06-04 02:49:14',NULL,'98891536-3d8d-4d2e-a599-1f0d4b5c813b'),(323,NULL,NULL,17,'craft\\elements\\MatrixBlock',1,0,'2021-06-04 05:39:39','2021-06-03 15:17:58',NULL,'0f23d1df-51d6-432f-b5e3-7c0978b06817'),(324,NULL,NULL,17,'craft\\elements\\MatrixBlock',1,0,'2021-06-04 05:39:39','2021-06-03 15:17:58',NULL,'95f8516d-e7ff-4602-85bd-2c4a069eaca6'),(325,NULL,NULL,17,'craft\\elements\\MatrixBlock',1,0,'2021-06-04 05:39:39','2021-06-03 15:17:58',NULL,'1401fdaa-48f4-4f53-87e1-0ad5fca6b806'),(326,NULL,NULL,17,'craft\\elements\\MatrixBlock',1,0,'2021-06-04 05:39:40','2021-06-03 15:17:58',NULL,'db1dde69-9c65-4b85-a8fc-b6e45789234d'),(327,NULL,NULL,17,'craft\\elements\\MatrixBlock',1,0,'2021-06-04 05:39:40','2021-06-03 15:17:58',NULL,'e1119dee-b622-4590-9b1e-709d063c5889'),(328,NULL,NULL,17,'craft\\elements\\MatrixBlock',1,0,'2021-06-04 05:39:40','2021-06-03 15:17:58',NULL,'2f64153c-8c3c-4be1-83d5-dadffe635570'),(329,NULL,NULL,15,'craft\\elements\\MatrixBlock',1,0,'2021-06-04 05:39:40','2021-06-03 14:00:36',NULL,'540f5e70-0b3d-48fa-a2ef-75cde9d7d8d6'),(330,NULL,NULL,15,'craft\\elements\\MatrixBlock',1,0,'2021-06-04 05:39:40','2021-06-03 14:00:38',NULL,'be8a31cf-b886-4e7e-864f-868ed113d971'),(331,NULL,NULL,15,'craft\\elements\\MatrixBlock',1,0,'2021-06-04 05:39:40','2021-06-03 14:00:38',NULL,'63454cbc-ee2d-4d24-a61c-11ffbc86a25c'),(332,NULL,NULL,15,'craft\\elements\\MatrixBlock',1,0,'2021-06-04 05:39:40','2021-06-03 14:00:38',NULL,'bff682a0-36ae-4dc1-873a-bd659e3426b1'),(333,NULL,NULL,24,'craft\\elements\\MatrixBlock',1,0,'2021-06-04 05:39:40','2021-06-04 05:39:36',NULL,'01de597c-fcf2-4504-b96f-4f15da2d9531'),(334,NULL,NULL,24,'craft\\elements\\MatrixBlock',1,0,'2021-06-04 05:39:40','2021-06-04 05:39:36',NULL,'b3c2ad90-b356-4948-aaca-9537373f3e8e'),(335,NULL,NULL,24,'craft\\elements\\MatrixBlock',1,0,'2021-06-04 05:39:40','2021-06-04 05:39:36',NULL,'06eb79eb-d61f-40ba-bbb1-d2ce043081e1'),(336,NULL,NULL,24,'craft\\elements\\MatrixBlock',1,0,'2021-06-04 05:39:40','2021-06-04 05:39:36',NULL,'d0dcc70f-de62-4f33-ad6d-24a223f7f00c'),(337,NULL,NULL,24,'craft\\elements\\MatrixBlock',1,0,'2021-06-04 05:39:40','2021-06-04 05:39:36',NULL,'36f559a2-44cd-48a1-b99f-984d46d9a746'),(338,NULL,NULL,24,'craft\\elements\\MatrixBlock',1,0,'2021-06-04 05:39:40','2021-06-04 05:39:36',NULL,'5e1d0ba1-311f-4322-a963-011ff1677f6b'),(339,NULL,NULL,24,'craft\\elements\\MatrixBlock',1,0,'2021-06-04 05:39:40','2021-06-04 05:39:36',NULL,'2e8ad1c5-0a3f-47e0-b202-502d9638ab23'),(340,NULL,NULL,24,'craft\\elements\\MatrixBlock',1,0,'2021-06-04 05:39:40','2021-06-04 05:39:37',NULL,'34699b1e-6698-4100-8fa2-5ff02789cc37'),(341,NULL,48,9,'craft\\elements\\Entry',1,0,'2021-06-04 13:13:13','2021-06-04 13:13:13',NULL,'1cc6b34a-b556-4806-bd64-14f94a6af5eb'),(342,8,NULL,9,'craft\\elements\\Entry',1,0,'2021-06-04 13:57:06','2021-06-04 13:57:06',NULL,'75e653be-a8ff-4469-9cfb-9bc9e9db5eff'),(343,NULL,NULL,NULL,'craft\\elements\\Tag',1,0,'2021-06-04 14:07:24','2021-06-04 14:07:24',NULL,'6a4ed704-4a21-4e1c-a077-431b56986435'),(344,NULL,49,9,'craft\\elements\\Entry',1,0,'2021-06-04 14:07:30','2021-06-04 14:07:30',NULL,'33efd599-db5c-4845-a2ac-e153caaac073'),(345,NULL,NULL,NULL,'craft\\elements\\Tag',1,0,'2021-06-04 14:08:17','2021-06-04 14:08:17',NULL,'adc96518-bfc6-4570-8f64-42c2e0526141'),(346,NULL,50,9,'craft\\elements\\Entry',1,0,'2021-06-04 14:08:20','2021-06-04 14:08:20',NULL,'949f54fa-a80e-43c4-8337-0e6fe142495b'),(347,NULL,NULL,NULL,'craft\\elements\\Tag',1,0,'2021-06-04 14:09:37','2021-06-04 14:09:37',NULL,'5fe3d3ee-4c35-4307-b513-aa038752a159'),(348,NULL,51,9,'craft\\elements\\Entry',1,0,'2021-06-04 14:09:41','2021-06-04 14:09:41',NULL,'136e3ab8-a9b7-4ada-b299-9788a01cf758'),(349,NULL,NULL,NULL,'craft\\elements\\Tag',1,0,'2021-06-04 14:10:05','2021-06-04 14:10:05',NULL,'14abc396-f516-4a5e-82fe-514d4e354588'),(350,NULL,52,9,'craft\\elements\\Entry',1,0,'2021-06-04 14:10:09','2021-06-04 14:10:09',NULL,'926514f1-b04c-4380-9df9-0b9f55cef540'),(351,NULL,NULL,NULL,'craft\\elements\\Tag',1,0,'2021-06-04 14:11:09','2021-06-04 14:11:09',NULL,'0c8de65f-a970-4902-b5b0-ccf72ce97c8d'),(352,NULL,53,9,'craft\\elements\\Entry',1,0,'2021-06-04 14:11:14','2021-06-04 14:11:14',NULL,'432bc0fb-05e9-4389-9520-3aa88e60dd79'),(353,NULL,NULL,NULL,'craft\\elements\\Tag',1,0,'2021-06-04 14:11:36','2021-06-04 14:11:36',NULL,'5d82806a-9622-4aaf-b5c3-237befc2dbed'),(354,NULL,54,9,'craft\\elements\\Entry',1,0,'2021-06-04 14:11:39','2021-06-04 14:11:39',NULL,'bf1e0b47-dafe-48af-9e02-2cdcabd1f97f'),(355,NULL,55,9,'craft\\elements\\Entry',1,0,'2021-06-04 15:19:40','2021-06-04 15:19:40',NULL,'c642051f-aad0-4434-8624-6b298a50fad3'),(356,NULL,NULL,26,'craft\\elements\\MatrixBlock',1,0,'2021-06-04 16:48:45','2021-06-04 16:49:07',NULL,'9686e85d-7464-41c0-a69b-9cf529e2c40d'),(357,NULL,NULL,27,'craft\\elements\\MatrixBlock',1,0,'2021-06-04 17:22:04','2021-06-04 17:22:04',NULL,'e0c6fb7b-9b5c-45ca-838b-cb4df2d11cab');
/*!40000 ALTER TABLE `ccsf_elements` ENABLE KEYS */;
UNLOCK TABLES;
commit;

--
-- Dumping data for table `ccsf_elements_sites`
--

LOCK TABLES `ccsf_elements_sites` WRITE;
/*!40000 ALTER TABLE `ccsf_elements_sites` DISABLE KEYS */;
set autocommit=0;
INSERT INTO `ccsf_elements_sites` VALUES (1,1,1,NULL,NULL,1,'2021-05-31 13:40:00','2021-05-31 13:40:00','1ed96114-9105-4bfd-95e7-26920bdd6429'),(2,2,1,NULL,NULL,1,'2021-06-01 00:39:15','2021-06-01 00:39:15','3983e7c2-88e8-4160-988c-992b6b3538c9'),(3,3,1,NULL,NULL,1,'2021-06-01 00:55:39','2021-06-01 00:55:39','18eeb94b-74ab-4c77-8e98-d3e5d4942b65'),(4,4,1,NULL,NULL,1,'2021-06-01 01:11:37','2021-06-01 01:11:37','52a6c3e0-fcf1-48d8-a76d-327647ed56ff'),(5,5,1,NULL,NULL,1,'2021-06-01 01:15:22','2021-06-01 01:15:22','71601919-d6e4-4182-bd22-d16ad3fffbcc'),(6,6,1,NULL,NULL,1,'2021-06-01 18:00:54','2021-06-01 18:00:54','4403259b-b1c4-4a80-9cfa-3914516278bc'),(7,7,1,NULL,NULL,1,'2021-06-01 18:01:20','2021-06-01 18:01:20','2c217cb9-62ae-48a2-8993-6741b8dd3615'),(8,8,1,NULL,NULL,1,'2021-06-01 18:01:52','2021-06-01 18:01:52','78d55546-64ef-4fc6-8319-cb206d1d44a8'),(9,9,1,NULL,NULL,1,'2021-06-01 18:02:15','2021-06-01 18:02:15','3b5143f2-4e02-427b-958d-1260ab8869f8'),(10,10,1,NULL,NULL,1,'2021-06-01 18:02:27','2021-06-01 18:02:27','7adaf8c2-dfde-4de8-b724-6fe52e926377'),(11,11,1,NULL,NULL,1,'2021-06-01 18:03:06','2021-06-01 18:03:06','e361ad19-b129-47cc-b338-594a6e6ccbae'),(12,12,1,NULL,NULL,1,'2021-06-01 18:03:06','2021-06-01 18:03:06','01561a8a-4d17-4e50-875d-e042eb151cc4'),(13,13,1,NULL,NULL,1,'2021-06-01 18:03:06','2021-06-01 18:03:06','e05c2703-160d-4f7f-91fe-2356234092ec'),(14,14,1,NULL,NULL,1,'2021-06-01 18:03:06','2021-06-01 18:03:06','62766866-86aa-47a0-b0e5-fa084c10bdf2'),(15,15,1,NULL,NULL,1,'2021-06-01 18:03:06','2021-06-01 18:03:06','805c2196-f595-4bb7-bbb6-a238a20e1301'),(16,16,1,NULL,NULL,1,'2021-06-01 18:16:05','2021-06-01 18:16:05','df4bd2c2-5311-4fe3-862e-6ad28c5320eb'),(17,17,1,NULL,NULL,1,'2021-06-01 18:16:22','2021-06-01 18:16:22','c5f6240f-580d-4a97-8bd0-575cb7f41ad4'),(18,18,1,'menu','menu',1,'2021-06-02 00:26:45','2021-06-02 00:26:45','ea68e4a0-1285-4880-ab35-9868dbf64680'),(19,19,1,'menu','menu',1,'2021-06-02 00:26:45','2021-06-02 00:26:45','53b5f3ad-13b6-49f8-83c5-8981084fe185'),(20,20,1,'menu','menu',1,'2021-06-02 00:27:37','2021-06-02 00:27:37','4ddb05c4-58ef-4c34-bf80-c40c2be4405c'),(21,21,1,'menu','menu',1,'2021-06-02 00:28:42','2021-06-02 00:28:42','abe0f79e-cdc8-4f00-bd0d-7e4f977829a2'),(22,22,1,NULL,NULL,1,'2021-06-02 00:50:14','2021-06-02 00:50:14','afd90aeb-cf3b-4a87-83b7-3e96d71bcafb'),(23,23,1,NULL,NULL,1,'2021-06-02 00:52:52','2021-06-02 00:52:52','b1eb02f2-0129-42e3-8708-94f569ece94a'),(24,24,1,NULL,NULL,1,'2021-06-02 00:52:52','2021-06-02 00:52:52','4739c501-df1c-4754-9d2e-b896d6d963b1'),(25,25,1,NULL,NULL,1,'2021-06-02 00:52:52','2021-06-02 00:52:52','c75d55cc-2f10-49cb-b939-c6d7b0ad76cf'),(26,26,1,NULL,NULL,1,'2021-06-02 00:52:52','2021-06-02 00:52:52','99cd0694-9955-4ebe-a20b-8b7de0e727c9'),(27,27,1,NULL,NULL,1,'2021-06-02 01:33:44','2021-06-02 01:33:44','f11f11b9-bce2-48f9-9669-ce71540ae56b'),(28,28,1,NULL,NULL,1,'2021-06-02 01:33:44','2021-06-02 01:33:44','49747ffe-4e5d-4aa4-8044-f28afeb21fa7'),(29,29,1,NULL,NULL,1,'2021-06-02 01:33:44','2021-06-02 01:33:44','be105fcd-7621-47a4-9226-550290e0e6f6'),(30,30,1,NULL,NULL,1,'2021-06-02 01:33:44','2021-06-02 01:33:44','b2ffbe28-7e07-4a1a-b1f7-2d8061f268f9'),(31,31,1,NULL,NULL,1,'2021-06-02 03:19:35','2021-06-02 03:19:35','1220c764-8170-415a-8161-295a5c035b31'),(32,32,1,NULL,NULL,1,'2021-06-02 03:24:41','2021-06-02 03:24:41','bdf0c649-d00d-49d7-b725-ea5928296688'),(33,33,1,NULL,NULL,1,'2021-06-02 03:24:41','2021-06-02 03:24:41','7cce8f16-babe-4079-8a64-4348227449e6'),(34,34,1,NULL,NULL,1,'2021-06-02 03:24:41','2021-06-02 03:24:41','f3e9650e-97a7-4b6d-97fc-93ef404cf6da'),(35,35,1,NULL,NULL,1,'2021-06-02 03:24:41','2021-06-02 03:24:41','bf984a57-fda9-4892-b614-934056aafd1c'),(36,36,1,NULL,NULL,1,'2021-06-02 03:24:41','2021-06-02 03:24:41','26b9f8f9-3fb5-4f1c-b272-720dd7965c76'),(37,37,1,NULL,NULL,1,'2021-06-02 03:24:41','2021-06-02 03:24:41','0b5d4fe9-ca9a-457d-97a4-0972b3e53a01'),(38,38,1,NULL,NULL,1,'2021-06-02 03:24:41','2021-06-02 03:24:41','03a15609-82b8-490d-b4c9-fdecfd16d257'),(39,39,1,NULL,NULL,1,'2021-06-02 03:24:41','2021-06-02 03:24:41','b3ddfd32-9330-4f4e-bcc0-8e9f62ccf813'),(40,40,1,'__temp_ulqfbzyhkalnltusvxeiyrmgfifesldhvkth','sector/__temp_ulqfbzyhkalnltusvxeiyrmgfifesldhvkth',1,'2021-06-02 22:25:16','2021-06-02 22:25:16','38cc1144-74fa-4c2e-879a-57148061c9db'),(42,42,1,'hero','sector/hero',1,'2021-06-02 23:35:54','2021-06-02 23:35:54','672a07fb-8ee2-438f-9849-29534fc75583'),(43,43,1,'hero','sector/hero',1,'2021-06-02 23:35:54','2021-06-02 23:35:54','b08cf4aa-22e6-492f-b666-9175d8b07f21'),(44,44,1,'hero','sector/hero',1,'2021-06-02 23:35:59','2021-06-02 23:35:59','6f779446-1999-49e8-8b48-c4e4028b0a2c'),(45,45,1,NULL,NULL,1,'2021-06-03 00:21:36','2021-06-03 00:21:36','a3946f68-ff16-460b-8732-0c02fc039d66'),(46,46,1,NULL,NULL,1,'2021-06-03 00:28:38','2021-06-03 00:28:38','5a642787-29f0-45b1-82d4-15302ee273de'),(47,47,1,'hero','sector/hero',1,'2021-06-03 00:28:45','2021-06-03 00:28:45','139eb765-2663-41c0-8bea-47b108982c4b'),(48,48,1,'hero','sector/hero',1,'2021-06-03 00:35:01','2021-06-03 00:35:01','10b631c5-18d5-4493-9f08-4938f5a4587e'),(50,50,1,'who-we-are','sector/who-we-are',1,'2021-06-03 01:39:16','2021-06-03 01:39:16','34a4c2b0-1e4b-4389-97e0-239622fda49b'),(51,51,1,'who-we-are','sector/who-we-are',1,'2021-06-03 01:39:16','2021-06-03 01:39:16','a2afd9e5-1a4c-4ef3-9b30-84d26431cbe9'),(52,52,1,'who-we-are','sector/who-we-are',1,'2021-06-03 01:39:22','2021-06-03 01:39:22','60417d39-18fd-4292-b319-d80da215bd13'),(53,53,1,NULL,NULL,1,'2021-06-03 01:44:36','2021-06-03 01:44:36','d06b97a7-c8ba-47d8-89d4-92923e704e3e'),(54,54,1,'who-we-are','sector/who-we-are',1,'2021-06-03 01:44:43','2021-06-03 01:44:43','6849ba38-b2dd-42e2-888a-b1837f313e35'),(56,56,1,'our-expertise','sector/our-expertise',1,'2021-06-03 01:46:37','2021-06-03 01:46:37','c1504107-efcd-463f-ab63-e5dd61855fc9'),(57,57,1,'our-expertise','sector/our-expertise',1,'2021-06-03 01:46:37','2021-06-03 01:46:37','ff6ef8e2-47d4-4df9-9e63-56a5b00b41fa'),(58,58,1,'our-expertise','sector/our-expertise',1,'2021-06-03 01:46:44','2021-06-03 01:46:44','6f2d7225-34d8-40e7-bbc0-b89ef4100ec9'),(61,61,1,'get-in-touch','sector/get-in-touch',1,'2021-06-03 01:50:34','2021-06-03 01:50:34','3cc05904-1aca-48a0-a401-4e040bf1e81f'),(62,62,1,'get-in-touch','sector/get-in-touch',1,'2021-06-03 01:50:34','2021-06-03 01:50:34','4b1cad41-bea4-454e-b1c9-5cbed1f24fc7'),(63,63,1,'get-in-touch','sector/get-in-touch',1,'2021-06-03 01:50:37','2021-06-03 01:50:37','1355eea1-7646-41d4-9782-ba84969e9b38'),(64,64,1,'recent-works','sector/recent-works',1,'2021-06-03 01:50:46','2021-06-03 01:50:46','e008cdbf-c994-477f-88d6-7441af73aba2'),(65,65,1,'recent-works','sector/recent-works',1,'2021-06-03 01:50:46','2021-06-03 01:50:46','a9bd6a4b-ab6a-4cc6-86d5-698ad5be962d'),(66,66,1,'recent-works','sector/recent-works',1,'2021-06-03 01:50:51','2021-06-03 01:50:51','f958197b-bf6b-486d-aedb-4e222d54a003'),(67,67,1,'home-page','__home__',1,'2021-06-03 02:26:56','2021-06-03 12:30:23','e7c8d6f1-8909-4833-a169-c8142f988754'),(68,68,1,'home-page','home-page',1,'2021-06-03 02:26:56','2021-06-03 02:26:56','1374d8cc-231d-4bda-b753-a4e8d65655d1'),(69,69,1,'home-page','home-page',1,'2021-06-03 02:28:11','2021-06-03 02:28:11','65b10621-dcc1-49f6-a51a-34fa0d94c9a0'),(70,70,1,'home-page','home-page',1,'2021-06-03 02:36:28','2021-06-03 02:36:28','16d8826d-ad5c-44ea-8c83-37cbc36543f5'),(71,71,1,'home-page','home-page',1,'2021-06-03 02:51:21','2021-06-03 02:51:21','e3cca499-9e47-4169-ae3e-6189adefdda2'),(72,72,1,NULL,NULL,1,'2021-06-03 03:36:17','2021-06-03 03:36:17','03d56e0f-6cef-48bb-b640-99f63412e005'),(73,73,1,NULL,NULL,1,'2021-06-03 03:41:11','2021-06-03 03:41:11','2abe8655-e8eb-4fa3-9ca6-7bb450ef77a1'),(74,74,1,NULL,NULL,1,'2021-06-03 03:41:11','2021-06-03 03:41:11','2bf090b0-74c0-47bf-8e7d-03247ff870a4'),(75,75,1,NULL,NULL,1,'2021-06-03 03:41:11','2021-06-03 03:41:11','e6dcd589-2954-4790-8b22-413cb6d2957f'),(76,76,1,NULL,NULL,1,'2021-06-03 03:41:11','2021-06-03 03:41:11','d98defe0-5cb2-473f-b1e0-9094214d3f82'),(77,77,1,'home-page','home-page',1,'2021-06-03 04:10:46','2021-06-03 04:10:46','72ef78f9-a72e-4b76-96c3-422eb12a46a4'),(78,78,1,NULL,NULL,1,'2021-06-03 04:11:41','2021-06-03 04:11:41','59b889a4-c062-44f0-a2d0-1963c8e74936'),(79,79,1,'home-page','home-page',1,'2021-06-03 04:11:41','2021-06-03 04:11:41','bf107e8f-88bb-4f93-bfde-bb98cfa78a7e'),(80,80,1,NULL,NULL,1,'2021-06-03 04:11:41','2021-06-03 04:11:41','96ae6a7c-b9f4-4ba1-ac9a-4f740f357db7'),(81,81,1,'home-page','home-page',1,'2021-06-03 04:12:43','2021-06-03 04:12:43','9070df5f-6617-47ab-921a-3e46141ff577'),(82,82,1,NULL,NULL,1,'2021-06-03 04:12:43','2021-06-03 04:12:43','574b8617-0c01-47a0-9e95-24b896481532'),(83,83,1,'home-page','home-page',1,'2021-06-03 12:00:19','2021-06-03 12:00:19','9c296821-d65c-4e22-94ce-f10def6254d9'),(84,84,1,'home-page','home-page',1,'2021-06-03 12:18:31','2021-06-03 12:18:31','6a5b6860-5304-440f-b10c-b0e570baa067'),(85,85,1,'home-page','home-page',1,'2021-06-03 12:19:38','2021-06-03 12:19:38','dac10988-2cc4-4c44-8634-0c206aef4f4c'),(86,86,1,'home-page','__home__',1,'2021-06-03 12:28:50','2021-06-03 12:28:50','fe6e2d8b-7afc-4f01-a3b0-a83d0ea0b1bf'),(87,87,1,'home-page',NULL,1,'2021-06-03 12:30:00','2021-06-03 12:30:00','59166ac1-7a1f-41ed-ad26-854e9b1f1f26'),(88,88,1,'home-page','__home__',1,'2021-06-03 12:30:23','2021-06-03 12:30:23','9d0c6c6d-1cc6-483f-823f-98585d95af23'),(89,89,1,'home-page','__home__',1,'2021-06-03 12:30:26','2021-06-03 12:30:26','ecd3c869-5228-43ab-a328-69a439d1cdbf'),(90,90,1,'home-page','__home__',1,'2021-06-03 13:56:38','2021-06-03 13:56:38','3c38feb0-1c82-4214-8935-9474a621d997'),(91,91,1,'home-page','__home__',1,'2021-06-03 13:57:00','2021-06-03 13:57:00','199fcce5-ab06-4888-a810-9ac6d67b25d8'),(92,92,1,NULL,NULL,1,'2021-06-03 14:00:36','2021-06-03 14:00:36','c70c2ce0-20be-48e3-bcf3-bc6e0bcb5a2a'),(93,93,1,NULL,NULL,1,'2021-06-03 14:00:38','2021-06-03 14:00:38','bd848a78-f1b1-4fce-b10d-be31470819f7'),(94,94,1,NULL,NULL,1,'2021-06-03 14:00:38','2021-06-03 14:00:38','f77d06a0-a77c-4875-869c-05e89ef7bd43'),(95,95,1,NULL,NULL,1,'2021-06-03 14:00:38','2021-06-03 14:00:38','e4e21183-4c1e-411b-b637-31e96b684fab'),(96,96,1,'home-page','__home__',1,'2021-06-03 14:00:38','2021-06-03 14:00:38','062b965d-1208-49d0-8a31-ab5942ad682b'),(97,97,1,NULL,NULL,1,'2021-06-03 14:00:38','2021-06-03 14:00:38','2c8bec64-d0f2-4210-9a1f-f97691fc2f98'),(98,98,1,NULL,NULL,1,'2021-06-03 14:00:38','2021-06-03 14:00:38','e320d3b0-3970-44dc-8cf3-17515f8bccdc'),(99,99,1,NULL,NULL,1,'2021-06-03 14:00:38','2021-06-03 14:00:38','9ba0ec3b-975a-4897-b12f-869106e2b442'),(100,100,1,NULL,NULL,1,'2021-06-03 14:00:38','2021-06-03 14:00:38','8c55f6c4-74be-4c8e-8aa4-3848f22482cc'),(101,101,1,'home-page','__home__',1,'2021-06-03 14:55:44','2021-06-03 14:55:44','c39a80e8-9d7c-4dc6-9397-cf53697cb6be'),(102,102,1,NULL,NULL,1,'2021-06-03 14:55:44','2021-06-03 14:55:44','e22e7b3a-efba-4b66-9999-769078aa64bb'),(103,103,1,NULL,NULL,1,'2021-06-03 14:55:44','2021-06-03 14:55:44','3020ec68-d557-4e73-a24e-3f276aba15d2'),(104,104,1,NULL,NULL,1,'2021-06-03 14:55:44','2021-06-03 14:55:44','105af8a7-2ae5-4770-98d3-3a8dc817fb80'),(105,105,1,NULL,NULL,1,'2021-06-03 14:55:44','2021-06-03 14:55:44','cfd028a6-b38c-44ba-a746-c76af656e603'),(106,106,1,NULL,NULL,1,'2021-06-03 14:57:31','2021-06-03 14:57:31','498cb2be-b8ea-42a1-83e8-16051f45835b'),(107,107,1,NULL,NULL,1,'2021-06-03 15:04:56','2021-06-03 15:04:56','8ce58e0e-1e4d-46ba-8065-5141ab347f26'),(108,108,1,NULL,NULL,1,'2021-06-03 15:06:15','2021-06-03 15:06:15','ce305122-53aa-4e4d-984d-5fab23a3d8f1'),(109,109,1,NULL,NULL,1,'2021-06-03 15:06:48','2021-06-03 15:06:48','868bb0ed-e593-416f-9306-1de08c4973bb'),(110,110,1,NULL,NULL,1,'2021-06-03 15:07:18','2021-06-03 15:07:18','456cbb61-f544-4bd4-9050-cab1ee162a4e'),(111,111,1,NULL,NULL,1,'2021-06-03 15:07:46','2021-06-03 15:07:46','df45f859-462f-4989-acad-c87da07a84e0'),(112,112,1,NULL,NULL,1,'2021-06-03 15:07:57','2021-06-03 15:07:57','f5127209-1c77-4aeb-8c65-802921876944'),(113,113,1,NULL,NULL,1,'2021-06-03 15:07:57','2021-06-03 15:07:57','ba0b3085-6f9f-401e-8c20-38314ebe834a'),(114,114,1,NULL,NULL,1,'2021-06-03 15:07:57','2021-06-03 15:07:57','09295d5f-c1f4-476c-9cb4-2e112df12f56'),(115,115,1,NULL,NULL,1,'2021-06-03 15:07:57','2021-06-03 15:07:57','1ae49318-36f5-4edf-ae21-5df70e49f196'),(116,116,1,NULL,NULL,1,'2021-06-03 15:07:57','2021-06-03 15:07:57','db60b4bc-6d38-4fd5-95b4-0666cfdb1354'),(117,117,1,NULL,NULL,1,'2021-06-03 15:07:57','2021-06-03 15:07:57','c7507dc4-8578-4833-bb4a-ccb2184094d4'),(118,118,1,'home-page','__home__',1,'2021-06-03 15:07:57','2021-06-03 15:07:57','58bb5177-007d-42d3-a293-6563304d2556'),(119,119,1,NULL,NULL,1,'2021-06-03 15:08:01','2021-06-03 15:08:01','ed8d0f93-efef-4453-81fb-f9f60c3a5ba8'),(120,120,1,NULL,NULL,1,'2021-06-03 15:08:01','2021-06-03 15:08:01','93f3c2a7-ba67-4d39-8f12-e6e01b6183f1'),(121,121,1,NULL,NULL,1,'2021-06-03 15:08:01','2021-06-03 15:08:01','baf4e09e-9fbe-45da-9d3f-fc406a977a92'),(122,122,1,NULL,NULL,1,'2021-06-03 15:08:01','2021-06-03 15:08:01','ec81f618-2fc3-4550-85a6-31c03b82cd18'),(123,123,1,NULL,NULL,1,'2021-06-03 15:08:01','2021-06-03 15:08:01','3333a405-7e13-421e-937d-2e629b2063c2'),(124,124,1,NULL,NULL,1,'2021-06-03 15:08:01','2021-06-03 15:08:01','cf8158b6-c53a-47a0-a30a-dbcd8fac83a1'),(125,125,1,NULL,NULL,1,'2021-06-03 15:08:01','2021-06-03 15:08:01','b85be867-7ecd-4cd6-8a64-461f6c630be5'),(126,126,1,NULL,NULL,1,'2021-06-03 15:08:01','2021-06-03 15:08:01','15328c24-61a0-4f1e-a54e-d68d81c8ffa4'),(127,127,1,NULL,NULL,1,'2021-06-03 15:08:01','2021-06-03 15:08:01','7815dad6-d43b-4e6b-a93f-8f1574a41026'),(128,128,1,NULL,NULL,1,'2021-06-03 15:08:01','2021-06-03 15:08:01','0b9261ba-5995-4ae1-91b9-3d590b93bf64'),(129,129,1,'home-page','__home__',1,'2021-06-03 15:08:51','2021-06-03 15:08:51','8b3e6012-60d7-45d2-be3f-c6006baf0ff2'),(130,130,1,NULL,NULL,1,'2021-06-03 15:08:51','2021-06-03 15:08:51','d8a424f5-b2aa-4803-89f0-8355f7b0cfe9'),(131,131,1,NULL,NULL,1,'2021-06-03 15:08:53','2021-06-03 15:08:53','7d2e246c-30fc-4a1c-b0cc-2a3c10f614b9'),(132,132,1,NULL,NULL,1,'2021-06-03 15:08:54','2021-06-03 15:08:54','76b2b9fc-bcca-44b4-ab8f-a95b831a66e1'),(133,133,1,NULL,NULL,1,'2021-06-03 15:08:54','2021-06-03 15:08:54','61f67d73-c5b1-40a5-a398-8c705e8776d5'),(134,134,1,NULL,NULL,1,'2021-06-03 15:08:54','2021-06-03 15:08:54','66569ac2-cfee-4a6d-a79e-7a66c3a88568'),(135,135,1,NULL,NULL,1,'2021-06-03 15:08:54','2021-06-03 15:08:54','8bf77efd-8948-4d3b-be33-0fe61e2db791'),(136,136,1,NULL,NULL,1,'2021-06-03 15:08:54','2021-06-03 15:08:54','192de7b7-3c78-4dbf-92ff-1f3cc1779bb2'),(137,137,1,NULL,NULL,1,'2021-06-03 15:08:54','2021-06-03 15:08:54','67687e3c-a772-4816-b281-140817780e92'),(138,138,1,NULL,NULL,1,'2021-06-03 15:08:54','2021-06-03 15:08:54','4977b352-867b-4902-8cda-45f02ee3255a'),(139,139,1,NULL,NULL,1,'2021-06-03 15:08:54','2021-06-03 15:08:54','ed6b26c9-b1a3-4cdf-b85c-0606d701eb06'),(140,140,1,NULL,NULL,1,'2021-06-03 15:16:55','2021-06-03 15:16:55','c65e54dd-c800-4387-93fd-85cc7850dce7'),(141,141,1,NULL,NULL,1,'2021-06-03 15:17:04','2021-06-03 15:17:04','bb9b7cb8-407f-4e87-a12d-813ba18753f0'),(142,142,1,NULL,NULL,1,'2021-06-03 15:17:08','2021-06-03 15:17:08','f9bda209-38d6-4b7a-baef-8db53f9867c9'),(143,143,1,NULL,NULL,1,'2021-06-03 15:17:26','2021-06-03 15:17:26','097db8de-f241-44f2-8ddb-6eecd9cfca66'),(144,144,1,NULL,NULL,1,'2021-06-03 15:17:34','2021-06-03 15:17:34','b97fa883-9c64-4281-9863-ab4c10057fc0'),(145,145,1,NULL,NULL,1,'2021-06-03 15:17:53','2021-06-03 15:17:53','bacdc136-5e71-457d-a942-5db332b5062c'),(146,146,1,'home-page','__home__',1,'2021-06-03 15:17:58','2021-06-03 15:17:58','bab53432-68b9-4d1f-bcf0-a22de937b8d3'),(147,147,1,NULL,NULL,1,'2021-06-03 15:17:58','2021-06-03 15:17:58','0d7305d3-a0ab-4220-8e26-8ff2a825c633'),(148,148,1,NULL,NULL,1,'2021-06-03 15:17:58','2021-06-03 15:17:58','76119c0f-ace0-4638-84d5-bebe17e2de99'),(149,149,1,NULL,NULL,1,'2021-06-03 15:17:59','2021-06-03 15:17:59','ff10212d-35ba-48c9-aad9-d4db990917ad'),(150,150,1,NULL,NULL,1,'2021-06-03 15:17:59','2021-06-03 15:17:59','0f71a5ea-7229-404e-8211-7b2c8865f77d'),(151,151,1,NULL,NULL,1,'2021-06-03 15:17:59','2021-06-03 15:17:59','5535c952-a4e6-4daf-ae99-06a275901fe0'),(152,152,1,NULL,NULL,1,'2021-06-03 15:17:59','2021-06-03 15:17:59','0ded5811-0e2c-4c62-b3bf-904bee5d2d11'),(153,153,1,NULL,NULL,1,'2021-06-03 15:17:59','2021-06-03 15:17:59','d5b90c1f-c14a-446d-bbd8-891e0a629a87'),(154,154,1,NULL,NULL,1,'2021-06-03 15:17:59','2021-06-03 15:17:59','ddd7044e-52de-4b60-9888-dc55df60333e'),(155,155,1,NULL,NULL,1,'2021-06-03 15:17:59','2021-06-03 15:17:59','4a40a520-405a-4c1d-83fe-c945d0668601'),(156,156,1,NULL,NULL,1,'2021-06-03 15:17:59','2021-06-03 15:17:59','53ef450e-7b77-423b-8fb9-7177bffca3b2'),(157,157,1,'branding','portfolio/branding',1,'2021-06-04 01:31:35','2021-06-04 01:31:40','9f201ab0-3d4d-42f2-8313-178b9ce5705b'),(158,158,1,'frontend-design','portfolio/frontend-design',1,'2021-06-04 01:31:59','2021-06-04 01:32:02','1a906504-4347-4c48-a68c-27297dc197d8'),(159,159,1,'home-page','__home__',1,'2021-06-04 01:41:54','2021-06-04 01:41:54','4735220e-7941-49bc-92d5-a17c70d935d8'),(160,160,1,NULL,NULL,1,'2021-06-04 01:41:54','2021-06-04 01:41:54','653259e7-1f14-4426-8209-8fc28d3a2fd9'),(161,161,1,NULL,NULL,1,'2021-06-04 01:41:54','2021-06-04 01:41:54','90025501-a567-4717-a2fb-dfed865270b7'),(162,162,1,NULL,NULL,1,'2021-06-04 01:41:54','2021-06-04 01:41:54','aa324a58-12b4-40a6-9b57-179ed4cc306a'),(163,163,1,NULL,NULL,1,'2021-06-04 01:41:56','2021-06-04 01:41:56','5086e054-8bd4-49c6-854c-0edf95b71077'),(164,164,1,NULL,NULL,1,'2021-06-04 01:41:56','2021-06-04 01:41:56','880104fa-2908-4066-8b66-397c8f56fd28'),(165,165,1,NULL,NULL,1,'2021-06-04 01:41:56','2021-06-04 01:41:56','157789b2-9f02-4c01-a816-d60274b6a5c9'),(166,166,1,NULL,NULL,1,'2021-06-04 01:41:56','2021-06-04 01:41:56','2e85fea4-67ae-4304-98ff-c01e760fd178'),(167,167,1,NULL,NULL,1,'2021-06-04 01:41:56','2021-06-04 01:41:56','5a788ca6-6a4f-476b-a086-9728e1160cdd'),(168,168,1,NULL,NULL,1,'2021-06-04 01:41:56','2021-06-04 01:41:56','940f7cc9-2651-4d3c-9c50-2d8893535322'),(169,169,1,NULL,NULL,1,'2021-06-04 01:41:56','2021-06-04 01:41:56','30391769-f964-4824-869a-b89d48ecbdd6'),(170,170,1,NULL,NULL,1,'2021-06-04 02:24:17','2021-06-04 02:24:17','39302407-3887-45d4-8f6d-6a3f41f3417f'),(171,171,1,'home-page','__home__',1,'2021-06-04 02:24:21','2021-06-04 02:24:21','a287fdb2-cddf-482a-9d36-cd05ad6184b7'),(172,172,1,NULL,NULL,1,'2021-06-04 02:24:25','2021-06-04 02:24:25','9546e6fa-a495-416b-a76f-cfa320ad22e4'),(173,173,1,NULL,NULL,1,'2021-06-04 02:24:25','2021-06-04 02:24:25','d88b12f0-90ba-4f33-918a-e85e5faf4898'),(174,174,1,NULL,NULL,1,'2021-06-04 02:24:25','2021-06-04 02:24:25','150a1fbe-9564-4bf1-a557-2929eb5c4173'),(175,175,1,NULL,NULL,1,'2021-06-04 02:24:25','2021-06-04 02:24:25','fb5a0724-b4dd-4cb2-8f53-01472f494406'),(176,176,1,NULL,NULL,1,'2021-06-04 02:24:25','2021-06-04 02:24:25','569d94c0-29cb-444e-88bb-1350a81f9232'),(177,177,1,NULL,NULL,1,'2021-06-04 02:24:25','2021-06-04 02:24:25','4c68b599-7421-4cef-93fb-396a2b7d9d72'),(178,178,1,NULL,NULL,1,'2021-06-04 02:24:25','2021-06-04 02:24:25','16bdec5d-1349-40af-91bf-7e4713fcbbc7'),(179,179,1,NULL,NULL,1,'2021-06-04 02:24:25','2021-06-04 02:24:25','034408e4-dd55-46dd-976b-f1f5400168b9'),(180,180,1,NULL,NULL,1,'2021-06-04 02:24:25','2021-06-04 02:24:25','3233357f-1797-4580-8ffa-64beb17c5b62'),(181,181,1,NULL,NULL,1,'2021-06-04 02:24:25','2021-06-04 02:24:25','29413606-9adf-4942-951a-331cbc656366'),(182,182,1,NULL,NULL,1,'2021-06-04 02:24:25','2021-06-04 02:24:25','e417a5ea-1fd5-419e-bace-b6c626e83f12'),(183,183,1,NULL,NULL,1,'2021-06-04 02:26:53','2021-06-04 02:26:53','fab064b5-5746-4269-9378-59a247670739'),(184,184,1,NULL,NULL,1,'2021-06-04 02:27:07','2021-06-04 02:27:07','9a72a3f5-bfc3-49f4-9511-f3016b190d18'),(185,185,1,NULL,NULL,1,'2021-06-04 02:27:15','2021-06-04 02:27:15','cbd4e3a0-717c-479b-9f41-0963ba32623a'),(186,186,1,NULL,NULL,1,'2021-06-04 02:28:51','2021-06-04 02:28:51','515c42c4-9de9-4a80-8b1a-54c718264e04'),(187,187,1,NULL,NULL,1,'2021-06-04 02:28:59','2021-06-04 02:28:59','ec5e7e96-7662-40a9-b641-37aed000a3a0'),(188,188,1,NULL,NULL,1,'2021-06-04 02:29:09','2021-06-04 02:29:09','8da8b683-871d-4301-b4b2-7f2ee9586cc5'),(189,189,1,NULL,NULL,1,'2021-06-04 02:31:30','2021-06-04 02:31:30','a49ab842-ff0a-4109-af87-77b5b276d030'),(190,190,1,NULL,NULL,1,'2021-06-04 02:31:41','2021-06-04 02:31:41','33363108-f9b7-497c-bf19-a892f357040d'),(191,191,1,NULL,NULL,1,'2021-06-04 02:31:46','2021-06-04 02:31:46','a252c10a-0476-4677-8cb8-5644ba0771a2'),(192,192,1,NULL,NULL,1,'2021-06-04 02:47:42','2021-06-04 02:47:42','45407f61-68d3-4eca-9012-16ff744a7d4d'),(193,193,1,NULL,NULL,1,'2021-06-04 02:47:48','2021-06-04 02:47:48','4e64fd91-7b19-4060-a2fc-db153d5090ee'),(194,194,1,NULL,NULL,1,'2021-06-04 02:47:54','2021-06-04 02:47:54','dc6489f8-8067-448f-892c-bb5c30fa267c'),(195,195,1,NULL,NULL,1,'2021-06-04 02:48:09','2021-06-04 02:48:09','eb50dcc4-8aef-44e9-b551-09506b0299f5'),(196,196,1,NULL,NULL,1,'2021-06-04 02:48:20','2021-06-04 02:48:20','32804024-17cf-4df1-86bb-ddfcb96a92e4'),(197,197,1,NULL,NULL,1,'2021-06-04 02:48:25','2021-06-04 02:48:25','a42a2309-60a7-48e0-8bf7-b18cddcdb4aa'),(198,198,1,NULL,NULL,1,'2021-06-04 02:48:39','2021-06-04 02:48:39','e95ed9a9-6c56-4463-8351-062e5a508f84'),(199,199,1,NULL,NULL,1,'2021-06-04 02:48:52','2021-06-04 02:48:52','add13d20-9f68-4eef-abbd-5c0262880321'),(200,200,1,NULL,NULL,1,'2021-06-04 02:49:00','2021-06-04 02:49:00','afa259ea-cdce-48d4-acac-636368052478'),(201,201,1,NULL,NULL,1,'2021-06-04 02:49:07','2021-06-04 02:49:07','d4217ae5-7119-4e2c-ada1-2995e4943717'),(202,202,1,NULL,NULL,1,'2021-06-04 02:49:13','2021-06-04 02:49:13','76a1944b-7f73-4522-96c4-49e4765488a3'),(203,203,1,NULL,NULL,1,'2021-06-04 02:49:13','2021-06-04 02:49:13','ec7cfa69-b72d-48e8-aede-ac3987dee1de'),(204,204,1,NULL,NULL,1,'2021-06-04 02:49:14','2021-06-04 02:49:14','4db6e5d8-7df5-410f-8462-dc81a570cadf'),(205,205,1,NULL,NULL,1,'2021-06-04 02:49:14','2021-06-04 02:49:14','ee9779f3-8116-43ca-b680-cc333945bce5'),(206,206,1,NULL,NULL,1,'2021-06-04 02:49:14','2021-06-04 02:49:14','759898bf-d026-4ea8-aafd-d999db0d0556'),(207,207,1,'home-page','__home__',1,'2021-06-04 02:49:15','2021-06-04 02:49:15','0fc5cbc9-846f-49a7-93b5-da674647d8d3'),(208,208,1,NULL,NULL,1,'2021-06-04 02:49:16','2021-06-04 02:49:16','3327c425-ebb7-4061-8bb2-961a928c53b5'),(209,209,1,NULL,NULL,1,'2021-06-04 02:49:16','2021-06-04 02:49:16','93749901-83db-4295-9f36-f0a868704a10'),(210,210,1,NULL,NULL,1,'2021-06-04 02:49:16','2021-06-04 02:49:16','3f821365-ccb0-49d7-b58c-f5f0187194cd'),(211,211,1,NULL,NULL,1,'2021-06-04 02:49:16','2021-06-04 02:49:16','c5a186eb-0267-493e-8f4d-6b00878f373b'),(212,212,1,NULL,NULL,1,'2021-06-04 02:49:16','2021-06-04 02:49:16','cb966068-677b-48af-8c3d-56bbbd2538fb'),(213,213,1,NULL,NULL,1,'2021-06-04 02:49:16','2021-06-04 02:49:16','1a8c8bf0-f1b6-468f-a2cc-1ee37c885c67'),(214,214,1,NULL,NULL,1,'2021-06-04 02:49:16','2021-06-04 02:49:16','a9591dfa-6d51-442a-a643-269d947217b2'),(215,215,1,NULL,NULL,1,'2021-06-04 02:49:16','2021-06-04 02:49:16','795e8764-67e9-43f0-9c43-7d4b749ea783'),(216,216,1,NULL,NULL,1,'2021-06-04 02:49:16','2021-06-04 02:49:16','e8488fcc-b39d-48dd-95c1-9084f99ddc9f'),(217,217,1,NULL,NULL,1,'2021-06-04 02:49:16','2021-06-04 02:49:16','510a4787-a138-408d-ac8d-e16a73c392eb'),(218,218,1,NULL,NULL,1,'2021-06-04 02:49:16','2021-06-04 02:49:16','7e45a3d3-7438-4fc8-bea9-07226e3b0d1e'),(219,219,1,NULL,NULL,1,'2021-06-04 02:49:16','2021-06-04 02:49:16','af0871fd-22f9-4811-8d23-724b1ca7d7d3'),(220,220,1,NULL,NULL,1,'2021-06-04 02:49:16','2021-06-04 02:49:16','65981962-4f0a-4938-bb2f-65fe69ccfc8e'),(221,221,1,NULL,NULL,1,'2021-06-04 02:49:16','2021-06-04 02:49:16','58a75e1c-f2a0-41a3-97b4-fac016fd2d2b'),(222,222,1,NULL,NULL,1,'2021-06-04 02:49:17','2021-06-04 02:49:17','1f29ef99-6e21-455a-8b94-4b3712c1b91f'),(223,223,1,NULL,NULL,1,'2021-06-04 02:49:17','2021-06-04 02:49:17','2b769cad-74f6-445b-ada7-1280574f3992'),(224,224,1,'home-page','__home__',1,'2021-06-04 04:54:16','2021-06-04 04:54:16','d57af746-6927-42cd-8e39-5f50e7b65506'),(225,225,1,NULL,NULL,1,'2021-06-04 04:54:16','2021-06-04 04:54:16','ae51b43f-ef0a-44eb-bf6e-9c40321f5818'),(226,226,1,NULL,NULL,1,'2021-06-04 04:54:16','2021-06-04 04:54:16','e80791a4-6744-4a68-8f5a-8bed1d382b0d'),(227,227,1,NULL,NULL,1,'2021-06-04 04:54:19','2021-06-04 04:54:19','f0140971-3cf9-40c0-ae44-7663236ad6b3'),(228,228,1,NULL,NULL,1,'2021-06-04 04:54:20','2021-06-04 04:54:20','67868767-9843-4f86-a624-4ed48aff35d6'),(229,229,1,NULL,NULL,1,'2021-06-04 04:54:20','2021-06-04 04:54:20','596ecd3f-9590-4e4a-8d1f-e239cd4a1511'),(230,230,1,NULL,NULL,1,'2021-06-04 04:54:20','2021-06-04 04:54:20','6f53452f-3d96-46e3-a077-62d644f805e3'),(231,231,1,NULL,NULL,1,'2021-06-04 04:54:20','2021-06-04 04:54:20','91438213-43d0-4069-9f90-37d2eecc3421'),(232,232,1,NULL,NULL,1,'2021-06-04 04:54:20','2021-06-04 04:54:20','348aaf70-5301-4752-8f78-df7dc4083093'),(233,233,1,NULL,NULL,1,'2021-06-04 04:54:20','2021-06-04 04:54:20','2f8982d0-8ab2-4845-a9d8-79dff2cb6e7b'),(234,234,1,NULL,NULL,1,'2021-06-04 04:54:20','2021-06-04 04:54:20','0f6a0640-cbfb-4bef-bd84-3d4be07c1690'),(235,235,1,NULL,NULL,1,'2021-06-04 04:54:20','2021-06-04 04:54:20','895772f3-d708-4316-aa64-07a3f28b1e19'),(236,236,1,NULL,NULL,1,'2021-06-04 04:54:20','2021-06-04 04:54:20','fb3bb0af-5024-4eb5-8b8f-b4f551274114'),(237,237,1,NULL,NULL,1,'2021-06-04 04:54:20','2021-06-04 04:54:20','bf5971c0-f2f7-4435-99b7-c455c36b81ca'),(238,238,1,NULL,NULL,1,'2021-06-04 04:54:20','2021-06-04 04:54:20','962a4d71-422d-4b49-8343-86b2122bc8ae'),(239,239,1,NULL,NULL,1,'2021-06-04 04:54:20','2021-06-04 04:54:20','8814e2b4-cfb5-467a-99bc-dd2bae35fc31'),(240,240,1,NULL,NULL,1,'2021-06-04 04:54:22','2021-06-04 04:54:22','1319a265-9380-42c1-8da6-7e333ea5e043'),(241,241,1,NULL,NULL,1,'2021-06-04 04:59:04','2021-06-04 04:59:04','e5ee041d-b92a-4155-8169-a8a36192073f'),(242,242,1,NULL,NULL,1,'2021-06-04 05:00:40','2021-06-04 05:00:40','64a4dff6-aae4-4c2d-92f1-38afd119e1f6'),(243,243,1,NULL,NULL,1,'2021-06-04 05:02:14','2021-06-04 05:02:14','76741869-f652-483b-a631-7ec0bb1863c2'),(244,244,1,NULL,NULL,1,'2021-06-04 05:03:07','2021-06-04 05:03:07','16679ac9-eca9-48d2-a204-469bbab31677'),(245,245,1,NULL,NULL,1,'2021-06-04 05:03:15','2021-06-04 05:03:15','5c10b893-3656-4b74-b36f-5dfb3caa43db'),(246,246,1,NULL,NULL,1,'2021-06-04 05:03:17','2021-06-04 05:03:17','2ca8029e-f0fb-4c3d-a85e-e7d809cd9834'),(247,247,1,NULL,NULL,1,'2021-06-04 05:03:17','2021-06-04 05:03:17','bbf44a08-a609-48aa-904b-91995abcd09b'),(248,248,1,NULL,NULL,1,'2021-06-04 05:03:17','2021-06-04 05:03:17','f43376b9-ed8d-4782-9110-79de192a1666'),(249,249,1,'home-page','__home__',1,'2021-06-04 05:03:19','2021-06-04 05:03:19','cb69fde3-c4ca-4aa0-bafc-eba98f88bdd3'),(250,250,1,NULL,NULL,1,'2021-06-04 05:03:21','2021-06-04 05:03:21','f0bdc035-b14b-452c-a813-b87e4de511b4'),(251,251,1,NULL,NULL,1,'2021-06-04 05:03:21','2021-06-04 05:03:21','09f1c886-8058-4343-ab55-a748846a8d6e'),(252,252,1,NULL,NULL,1,'2021-06-04 05:03:21','2021-06-04 05:03:21','58803203-1078-41cb-8dbb-e9bcc8d86c03'),(253,253,1,NULL,NULL,1,'2021-06-04 05:03:21','2021-06-04 05:03:21','dfaf472e-c59e-4597-a6aa-35570a255f43'),(254,254,1,NULL,NULL,1,'2021-06-04 05:03:21','2021-06-04 05:03:21','0a8b110b-316e-4ac6-9ad8-06adea86a161'),(255,255,1,NULL,NULL,1,'2021-06-04 05:03:21','2021-06-04 05:03:21','5dec6d9e-083a-4e93-b2c9-c5732b105de1'),(256,256,1,NULL,NULL,1,'2021-06-04 05:03:21','2021-06-04 05:03:21','5622171d-d05c-4d62-8034-e989935e8f16'),(257,257,1,NULL,NULL,1,'2021-06-04 05:03:21','2021-06-04 05:03:21','5495043f-7d3c-4055-b228-54da59e921c3'),(258,258,1,NULL,NULL,1,'2021-06-04 05:03:21','2021-06-04 05:03:21','7b64d047-52d7-41c7-a3ec-b7944c709520'),(259,259,1,NULL,NULL,1,'2021-06-04 05:03:21','2021-06-04 05:03:21','e9615061-6373-4889-84ed-78cf29f93134'),(260,260,1,NULL,NULL,1,'2021-06-04 05:03:21','2021-06-04 05:03:21','58a43453-f713-4ca6-bc5e-bb45cfd1c26a'),(261,261,1,NULL,NULL,1,'2021-06-04 05:03:22','2021-06-04 05:03:22','ca3d9ef8-6296-48c0-9978-2cca1e91b1a6'),(262,262,1,NULL,NULL,1,'2021-06-04 05:03:22','2021-06-04 05:03:22','dd67a01f-6962-467e-a889-f0f4cbfe3084'),(263,263,1,NULL,NULL,1,'2021-06-04 05:03:23','2021-06-04 05:03:23','e7c1a014-bbd8-4d89-b969-e7ec435f782d'),(264,264,1,NULL,NULL,1,'2021-06-04 05:03:23','2021-06-04 05:03:23','4ec732a7-ad76-44db-b1b4-eee498d409f4'),(265,265,1,NULL,NULL,1,'2021-06-04 05:03:24','2021-06-04 05:03:24','ef76ffa5-7cd6-4b38-afb0-d20410bb49b4'),(266,266,1,NULL,NULL,1,'2021-06-04 05:03:24','2021-06-04 05:03:24','defd713d-6ae2-4c90-98d6-3808abb7549d'),(267,267,1,NULL,NULL,1,'2021-06-04 05:03:24','2021-06-04 05:03:24','32d7c714-73c4-4fb7-9850-e2457287892e'),(268,268,1,NULL,NULL,1,'2021-06-04 05:03:24','2021-06-04 05:03:24','bda6964c-831a-4261-a35b-9384b08ddeb0'),(269,269,1,NULL,NULL,1,'2021-06-04 05:03:24','2021-06-04 05:03:24','117ed790-2e52-4601-afda-5770522730c5'),(270,270,1,'recent-works','sector/recent-works',1,'2021-06-04 05:20:38','2021-06-04 05:20:38','d0ee2cf0-ea33-44b4-9c5e-15aee30e02a8'),(272,272,1,'clients','sector/clients',1,'2021-06-04 05:21:39','2021-06-04 05:21:39','17857727-c57f-4630-9c50-ba0c3892b162'),(273,273,1,'clients','sector/clients',1,'2021-06-04 05:21:39','2021-06-04 05:21:39','321f77c2-0468-4a76-823b-34f58d02f4de'),(274,274,1,'clients','sector/clients',1,'2021-06-04 05:21:47','2021-06-04 05:21:47','05eed851-3240-406e-b77d-ee42e0fa8ec8'),(275,275,1,'home-page','__home__',1,'2021-06-04 05:33:55','2021-06-04 05:33:55','37fd8117-e25a-44c0-a6bc-653ccdfb5dd0'),(276,276,1,NULL,NULL,1,'2021-06-04 05:33:58','2021-06-04 05:33:58','166bbb68-ae23-46cb-9a3c-a96f7c2803e4'),(277,277,1,NULL,NULL,1,'2021-06-04 05:33:58','2021-06-04 05:33:58','8f08e4d7-8794-465d-ac9e-6fd9e46e2971'),(278,278,1,NULL,NULL,1,'2021-06-04 05:33:58','2021-06-04 05:33:58','410d7baa-dc17-431a-b3bb-400c503d4a79'),(279,279,1,NULL,NULL,1,'2021-06-04 05:33:58','2021-06-04 05:33:58','86f8b523-a551-4756-b609-e891a18ab185'),(280,280,1,NULL,NULL,1,'2021-06-04 05:33:58','2021-06-04 05:33:58','21ced021-0b65-4f79-95e7-2a7c849d2d70'),(281,281,1,NULL,NULL,1,'2021-06-04 05:33:58','2021-06-04 05:33:58','aa2747f2-4f4a-4879-a2e0-b3bae0c1a9b1'),(282,282,1,NULL,NULL,1,'2021-06-04 05:33:58','2021-06-04 05:33:58','b6a17aeb-1c33-4fa3-a0d9-bdbe2c99dceb'),(283,283,1,NULL,NULL,1,'2021-06-04 05:33:58','2021-06-04 05:33:58','22c9bf0b-9e9e-453a-affe-09429031fc6f'),(284,284,1,NULL,NULL,1,'2021-06-04 05:33:58','2021-06-04 05:33:58','74f2f8d9-0caa-42f4-a1ee-d3cba65ffd1f'),(285,285,1,NULL,NULL,1,'2021-06-04 05:33:58','2021-06-04 05:33:58','f22ccc33-8dca-4289-acb6-9f9f03a316f1'),(286,286,1,NULL,NULL,1,'2021-06-04 05:33:59','2021-06-04 05:33:59','db479e81-5e28-4e7c-8104-7d3b7cf7bf38'),(287,287,1,NULL,NULL,1,'2021-06-04 05:33:59','2021-06-04 05:33:59','ae08fb52-5802-4cbf-82bf-cc4a2a6a8115'),(288,288,1,NULL,NULL,1,'2021-06-04 05:33:59','2021-06-04 05:33:59','929c1028-8d98-4ff5-9499-5861971778b9'),(289,289,1,NULL,NULL,1,'2021-06-04 05:33:59','2021-06-04 05:33:59','d08baf4b-16eb-49ee-8caf-4282acf82a77'),(290,290,1,NULL,NULL,1,'2021-06-04 05:33:59','2021-06-04 05:33:59','6b6b996c-20a7-4097-93a3-535e57e117ff'),(291,291,1,NULL,NULL,1,'2021-06-04 05:34:01','2021-06-04 05:34:01','89e844d3-574e-4a1a-9eec-3cb49d78f0eb'),(292,292,1,NULL,NULL,1,'2021-06-04 05:34:01','2021-06-04 05:34:01','6d6fcf39-9ada-4b92-8cdf-5845dc41bb31'),(293,293,1,NULL,NULL,1,'2021-06-04 05:34:01','2021-06-04 05:34:01','98bf8983-990f-45e7-b465-7c3e528889e8'),(294,294,1,NULL,NULL,1,'2021-06-04 05:34:01','2021-06-04 05:34:01','d133aab4-727f-4e82-947f-6b1c74b44e22'),(295,295,1,NULL,NULL,1,'2021-06-04 05:34:01','2021-06-04 05:34:01','cd96ac4b-0eff-4e67-9769-693562a4fcaa'),(296,296,1,NULL,NULL,1,'2021-06-04 05:35:47','2021-06-04 05:35:47','da5e7197-124d-4de3-9f1e-95f266396c49'),(297,297,1,NULL,NULL,1,'2021-06-04 05:37:56','2021-06-04 05:37:56','c219fb6a-3c3a-4cab-8a0a-04522d940883'),(298,298,1,NULL,NULL,1,'2021-06-04 05:38:11','2021-06-04 05:38:11','3cfa2253-69e6-40c1-b490-925781c0edfe'),(299,299,1,NULL,NULL,1,'2021-06-04 05:38:29','2021-06-04 05:38:29','a4d3f610-c83d-4128-a2d5-3f2da365791e'),(300,300,1,NULL,NULL,1,'2021-06-04 05:38:45','2021-06-04 05:38:45','8f63cdb9-a527-48e8-82d5-c9443f9d1619'),(301,301,1,NULL,NULL,1,'2021-06-04 05:39:02','2021-06-04 05:39:02','f7baa473-fcd0-4d2e-9faf-d965621aa05e'),(302,302,1,NULL,NULL,1,'2021-06-04 05:39:16','2021-06-04 05:39:16','254dfe6d-a83b-4173-b003-d8b3b71eb271'),(303,303,1,NULL,NULL,1,'2021-06-04 05:39:30','2021-06-04 05:39:30','92c3b1d0-d551-4eb1-a25d-c2547e7542a6'),(304,304,1,NULL,NULL,1,'2021-06-04 05:39:36','2021-06-04 05:39:36','238cd6d3-ff16-44a9-bb99-0025c29f2585'),(305,305,1,NULL,NULL,1,'2021-06-04 05:39:36','2021-06-04 05:39:36','7241ca0f-f1aa-40ee-8b6d-6c1d269aaae5'),(306,306,1,NULL,NULL,1,'2021-06-04 05:39:36','2021-06-04 05:39:36','cdf451b9-f031-41dc-861e-d19eecd48ace'),(307,307,1,NULL,NULL,1,'2021-06-04 05:39:36','2021-06-04 05:39:36','58e1db73-2bbc-4b90-8f22-baeccf568cd2'),(308,308,1,NULL,NULL,1,'2021-06-04 05:39:36','2021-06-04 05:39:36','c63a8f12-ab95-4de0-aa07-08625e796cce'),(309,309,1,NULL,NULL,1,'2021-06-04 05:39:36','2021-06-04 05:39:36','b8c00b30-1356-43b2-8383-9caf0237329d'),(310,310,1,NULL,NULL,1,'2021-06-04 05:39:36','2021-06-04 05:39:36','cd1fea05-2695-4268-aaff-eebf3ef9d42a'),(311,311,1,NULL,NULL,1,'2021-06-04 05:39:37','2021-06-04 05:39:37','0ad06b0d-302d-4e64-96d7-d8642d399b09'),(312,312,1,'home-page','__home__',1,'2021-06-04 05:39:38','2021-06-04 05:39:38','4c0348aa-cc4c-4f0c-b7d0-c70c8188bcc8'),(313,313,1,NULL,NULL,1,'2021-06-04 05:39:38','2021-06-04 05:39:38','f5a0ff4e-ac35-4318-bd6b-6b24acb8cefc'),(314,314,1,NULL,NULL,1,'2021-06-04 05:39:38','2021-06-04 05:39:38','25d13773-867b-4aeb-8faa-1d53532e3581'),(315,315,1,NULL,NULL,1,'2021-06-04 05:39:39','2021-06-04 05:39:39','eb974a9b-af99-493b-8528-0e9a3512bde1'),(316,316,1,NULL,NULL,1,'2021-06-04 05:39:39','2021-06-04 05:39:39','88aeef63-81f7-455c-93f1-1d303886672a'),(317,317,1,NULL,NULL,1,'2021-06-04 05:39:39','2021-06-04 05:39:39','595150a0-b41d-43d3-9280-35c392ab2387'),(318,318,1,NULL,NULL,1,'2021-06-04 05:39:39','2021-06-04 05:39:39','1ce7ef11-914b-4e3e-b3ec-04947d98a75f'),(319,319,1,NULL,NULL,1,'2021-06-04 05:39:39','2021-06-04 05:39:39','3b2fc0c6-efb0-4b61-a71e-e0f76ff79d55'),(320,320,1,NULL,NULL,1,'2021-06-04 05:39:39','2021-06-04 05:39:39','0c4e6bf1-f59d-4a24-9827-2e88532385b0'),(321,321,1,NULL,NULL,1,'2021-06-04 05:39:39','2021-06-04 05:39:39','2179ba6d-7d7f-40b9-85aa-bfa79825d607'),(322,322,1,NULL,NULL,1,'2021-06-04 05:39:39','2021-06-04 05:39:39','978ffc60-1253-41cb-8e25-cc253bcb1c21'),(323,323,1,NULL,NULL,1,'2021-06-04 05:39:39','2021-06-04 05:39:39','dc660b3c-6a0c-4619-80af-63782c0d6248'),(324,324,1,NULL,NULL,1,'2021-06-04 05:39:39','2021-06-04 05:39:39','a61c0af1-3dc4-4382-87b7-39fb80dfc213'),(325,325,1,NULL,NULL,1,'2021-06-04 05:39:39','2021-06-04 05:39:39','d4dd8b4b-6099-417d-ad28-a578b10f819c'),(326,326,1,NULL,NULL,1,'2021-06-04 05:39:40','2021-06-04 05:39:40','6c9e09de-ab74-41b8-bd44-d5b95cab4e06'),(327,327,1,NULL,NULL,1,'2021-06-04 05:39:40','2021-06-04 05:39:40','3cbb5da2-7a3b-46b8-867a-461ca7ea93af'),(328,328,1,NULL,NULL,1,'2021-06-04 05:39:40','2021-06-04 05:39:40','f8b1b21e-384d-42cc-bcfd-52d04622f156'),(329,329,1,NULL,NULL,1,'2021-06-04 05:39:40','2021-06-04 05:39:40','f0966e7e-2752-4445-9749-d1c8a471f9ae'),(330,330,1,NULL,NULL,1,'2021-06-04 05:39:40','2021-06-04 05:39:40','d2a42a65-6c10-4743-b3a4-06a3e1e91e94'),(331,331,1,NULL,NULL,1,'2021-06-04 05:39:40','2021-06-04 05:39:40','9b76544c-443c-4ba4-9b46-82c376f134e7'),(332,332,1,NULL,NULL,1,'2021-06-04 05:39:40','2021-06-04 05:39:40','51583643-9b23-4a61-8bd1-02f3420eae91'),(333,333,1,NULL,NULL,1,'2021-06-04 05:39:40','2021-06-04 05:39:40','173e5315-028e-4503-8e3f-27d9f1435551'),(334,334,1,NULL,NULL,1,'2021-06-04 05:39:40','2021-06-04 05:39:40','2bcf6bc5-64c1-47c0-9a50-0c6ea832970e'),(335,335,1,NULL,NULL,1,'2021-06-04 05:39:40','2021-06-04 05:39:40','61fe9f9d-560c-42bd-9ff5-c756c032ae4a'),(336,336,1,NULL,NULL,1,'2021-06-04 05:39:40','2021-06-04 05:39:40','8b0b5007-a069-46e2-aa36-2b88aa7b5b83'),(337,337,1,NULL,NULL,1,'2021-06-04 05:39:40','2021-06-04 05:39:40','ad4d9143-8474-4021-8404-c2df0c9af9fa'),(338,338,1,NULL,NULL,1,'2021-06-04 05:39:40','2021-06-04 05:39:40','a8edaa20-4ff2-4a72-8b8a-bb286fec0fc5'),(339,339,1,NULL,NULL,1,'2021-06-04 05:39:40','2021-06-04 05:39:40','40f71178-6f6c-4499-b136-57ce085b4418'),(340,340,1,NULL,NULL,1,'2021-06-04 05:39:40','2021-06-04 05:39:40','aa486eec-3675-4397-b50e-7fed7e98fd68'),(341,341,1,'get-in-touch','sector/get-in-touch',1,'2021-06-04 13:13:13','2021-06-04 13:13:13','90103801-6d8f-4484-b87f-c7ffd6d696df'),(342,342,1,'__temp_ayphhprpsjhlkdkisifeqkxjmnutsuayrmyu','sector/__temp_ayphhprpsjhlkdkisifeqkxjmnutsuayrmyu',1,'2021-06-04 13:57:06','2021-06-04 13:57:06','dd650bd4-d0af-4ce6-9ae7-b694608e3d5a'),(343,343,1,'clients',NULL,1,'2021-06-04 14:07:24','2021-06-04 14:07:24','4e8e8b76-d382-4b79-881f-3c1d5a2f7a2b'),(344,344,1,'clients','sector/clients',1,'2021-06-04 14:07:30','2021-06-04 14:07:30','b30a3dad-9dd4-4d0c-b1c4-7f968773db17'),(345,345,1,'contact',NULL,1,'2021-06-04 14:08:17','2021-06-04 14:08:17','ea915df3-a273-4dfd-8d02-f696c5837589'),(346,346,1,'get-in-touch','sector/get-in-touch',1,'2021-06-04 14:08:20','2021-06-04 14:08:20','9feec705-e9c4-4a94-8b2c-89a62a89d515'),(347,347,1,'portfolio',NULL,1,'2021-06-04 14:09:37','2021-06-04 14:09:37','dee19843-39cf-4b4d-8874-f891c81de77e'),(348,348,1,'recent-works','sector/recent-works',1,'2021-06-04 14:09:41','2021-06-04 14:09:41','8950095c-a44d-4d5a-b718-0c3d0ea945b8'),(349,349,1,'services',NULL,1,'2021-06-04 14:10:05','2021-06-04 14:10:05','b0599b04-9273-4fdb-8f3e-43dbe68a8cf3'),(350,350,1,'our-expertise','sector/our-expertise',1,'2021-06-04 14:10:09','2021-06-04 14:10:09','e3791552-0699-4cec-b396-a1f30b662c66'),(351,351,1,'about',NULL,1,'2021-06-04 14:11:09','2021-06-04 14:11:09','3e394ad3-d447-43fc-98d2-b1b5011721b6'),(352,352,1,'who-we-are','sector/who-we-are',1,'2021-06-04 14:11:14','2021-06-04 14:11:14','0ceef3df-aac0-4b45-848d-61c985d381fc'),(353,353,1,'hero',NULL,1,'2021-06-04 14:11:36','2021-06-04 14:11:36','03c23cf3-a40b-410f-8d55-9e8d08050c19'),(354,354,1,'hero','sector/hero',1,'2021-06-04 14:11:39','2021-06-04 14:11:39','a6a12805-9c58-479d-a183-dce113bdcd11'),(355,355,1,'hero','sector/hero',1,'2021-06-04 15:19:40','2021-06-04 15:19:40','0871f314-726b-4ef5-a06d-6622b5bb2232'),(356,356,1,NULL,NULL,1,'2021-06-04 16:48:45','2021-06-04 16:48:45','c78d805d-e6df-4941-adfa-f426853fbe6f'),(357,357,1,NULL,NULL,1,'2021-06-04 17:22:04','2021-06-04 17:22:04','190c7476-7bf7-45b9-93ff-e9294b04616c');
/*!40000 ALTER TABLE `ccsf_elements_sites` ENABLE KEYS */;
UNLOCK TABLES;
commit;

--
-- Dumping data for table `ccsf_entries`
--

LOCK TABLES `ccsf_entries` WRITE;
/*!40000 ALTER TABLE `ccsf_entries` DISABLE KEYS */;
set autocommit=0;
INSERT INTO `ccsf_entries` VALUES (18,1,NULL,1,NULL,'2021-06-02 00:26:00',NULL,1,'2021-06-02 00:26:45','2021-06-02 00:26:45','dfbf6518-456f-4aab-aa65-6e20496abdf6'),(19,1,NULL,1,NULL,'2021-06-02 00:26:00',NULL,NULL,'2021-06-02 00:26:45','2021-06-02 00:26:45','2e578a90-6c69-401e-9c51-b07fb73f5e04'),(20,1,NULL,1,NULL,'2021-06-02 00:26:00',NULL,NULL,'2021-06-02 00:27:37','2021-06-02 00:27:37','fa885e3f-96a5-4274-b96c-053b0a9e0172'),(21,1,NULL,1,NULL,'2021-06-02 00:26:00',NULL,NULL,'2021-06-02 00:28:42','2021-06-02 00:28:42','66fb3997-8596-478f-9e5a-34c89952d834'),(40,2,NULL,2,1,'2021-06-02 22:25:00',NULL,NULL,'2021-06-02 22:25:16','2021-06-02 22:25:16','8267dda5-76fb-4173-842f-05aeb1e9fa2d'),(42,2,NULL,2,1,'2021-06-02 23:33:00',NULL,NULL,'2021-06-02 23:35:54','2021-06-02 23:35:54','169253ff-068e-4d4e-a950-da3a998e2b2f'),(43,2,NULL,2,1,'2021-06-02 23:33:00',NULL,NULL,'2021-06-02 23:35:54','2021-06-02 23:35:54','9d74143f-16b4-4c3f-bb0f-c86932f4126c'),(44,2,NULL,2,1,'2021-06-02 23:33:00',NULL,NULL,'2021-06-02 23:35:59','2021-06-02 23:35:59','3a990df0-47ba-4c28-b8d9-30d4889adec6'),(47,2,NULL,2,1,'2021-06-02 23:33:00',NULL,NULL,'2021-06-03 00:28:45','2021-06-03 00:28:45','874c0911-76f3-4214-8bf6-387a97e86871'),(48,2,NULL,2,1,'2021-06-02 23:33:00',NULL,NULL,'2021-06-03 00:35:01','2021-06-03 00:35:01','36afaa12-caa7-4fb6-9131-6605409f749b'),(50,2,NULL,2,1,'2021-06-03 01:37:00',NULL,NULL,'2021-06-03 01:39:16','2021-06-03 01:39:16','f3a6cafa-f4a2-45d9-8732-b0f5d5af4f5f'),(51,2,NULL,2,1,'2021-06-03 01:37:00',NULL,NULL,'2021-06-03 01:39:16','2021-06-03 01:39:16','9c76ed38-04a8-491a-8380-73a635d9a8e3'),(52,2,NULL,2,1,'2021-06-03 01:37:00',NULL,NULL,'2021-06-03 01:39:22','2021-06-03 01:39:22','11533014-1382-4d5c-b218-1d2e4c7d2203'),(54,2,NULL,2,1,'2021-06-03 01:37:00',NULL,NULL,'2021-06-03 01:44:43','2021-06-03 01:44:43','31be4008-6b30-45d7-85be-7629bb44d6b3'),(56,2,NULL,2,1,'2021-06-03 01:45:00',NULL,NULL,'2021-06-03 01:46:37','2021-06-03 01:46:37','11c08ef3-8bed-42f8-ac6e-70fd4b85e5ed'),(57,2,NULL,2,1,'2021-06-03 01:45:00',NULL,NULL,'2021-06-03 01:46:37','2021-06-03 01:46:37','58e76942-168d-417a-9f48-0d41de602a6d'),(58,2,NULL,2,1,'2021-06-03 01:45:00',NULL,NULL,'2021-06-03 01:46:44','2021-06-03 01:46:44','8c315e18-732c-4d6f-8cb2-efbf27dbcdd3'),(61,2,NULL,2,1,'2021-06-03 01:49:00',NULL,NULL,'2021-06-03 01:50:34','2021-06-03 01:50:34','af8c1da5-e5b6-4e72-a09d-01396207a23e'),(62,2,NULL,2,1,'2021-06-03 01:49:00',NULL,NULL,'2021-06-03 01:50:34','2021-06-03 01:50:34','fca8a126-1cd7-474a-9785-290a8c468cc7'),(63,2,NULL,2,1,'2021-06-03 01:49:00',NULL,NULL,'2021-06-03 01:50:37','2021-06-03 01:50:37','722f4dd2-96fc-4a28-946d-0f93477fa0c0'),(64,2,NULL,2,1,'2021-06-03 01:46:00',NULL,NULL,'2021-06-03 01:50:46','2021-06-03 01:50:46','7981c79c-af53-443c-8978-4ece55c53e36'),(65,2,NULL,2,1,'2021-06-03 01:46:00',NULL,NULL,'2021-06-03 01:50:46','2021-06-03 01:50:46','0dda0ff5-7da0-4446-a8ad-2a11a670a74b'),(66,2,NULL,2,1,'2021-06-03 01:46:00',NULL,NULL,'2021-06-03 01:50:51','2021-06-03 01:50:51','3aaff5ff-d62e-436e-b5a8-2cbf5d1090e1'),(67,3,NULL,3,NULL,'2021-06-03 02:26:00',NULL,NULL,'2021-06-03 02:26:56','2021-06-03 02:26:56','078ac7ac-d756-4dc0-afd8-7474efd6a414'),(68,3,NULL,3,NULL,'2021-06-03 02:26:00',NULL,NULL,'2021-06-03 02:26:56','2021-06-03 02:26:56','28cecdb0-87db-49e5-881a-971e730aabd2'),(69,3,NULL,3,NULL,'2021-06-03 02:26:00',NULL,NULL,'2021-06-03 02:28:11','2021-06-03 02:28:11','3044023e-6fbf-4789-a527-7004bc3534d6'),(70,3,NULL,3,NULL,'2021-06-03 02:26:00',NULL,NULL,'2021-06-03 02:36:28','2021-06-03 02:36:28','24d5fc8e-9895-4466-8ee4-2dcd2c10d68b'),(71,3,NULL,3,NULL,'2021-06-03 02:26:00',NULL,NULL,'2021-06-03 02:51:21','2021-06-03 02:51:21','fb283cb2-5b6e-4c06-a3d3-0c11410e1766'),(77,3,NULL,3,NULL,'2021-06-03 02:26:00',NULL,NULL,'2021-06-03 04:10:46','2021-06-03 04:10:46','eda1ae52-cf6f-4e55-8105-e00e5455c033'),(79,3,NULL,3,NULL,'2021-06-03 02:26:00',NULL,NULL,'2021-06-03 04:11:41','2021-06-03 04:11:41','2c5f1552-99c6-4821-a259-e6ea6b7b1885'),(81,3,NULL,3,NULL,'2021-06-03 02:26:00',NULL,NULL,'2021-06-03 04:12:43','2021-06-03 04:12:43','ede44318-a776-4b03-a4c0-a294f2103517'),(83,3,NULL,3,NULL,'2021-06-03 02:26:00',NULL,NULL,'2021-06-03 12:00:19','2021-06-03 12:00:19','20b5ab04-720d-4727-9984-61e044130f29'),(84,3,NULL,3,NULL,'2021-06-03 02:26:00',NULL,NULL,'2021-06-03 12:18:31','2021-06-03 12:18:31','e3b66b82-7496-43f8-8f6f-b816f66d28de'),(85,3,NULL,3,NULL,'2021-06-03 02:26:00',NULL,NULL,'2021-06-03 12:19:38','2021-06-03 12:19:38','780d54fd-b460-48cc-a7ab-d31a1cb6e78f'),(86,3,NULL,3,NULL,'2021-06-03 02:26:00',NULL,NULL,'2021-06-03 12:28:50','2021-06-03 12:28:50','9a4e46ee-a395-4c17-b661-5fc2b3a3eb2e'),(87,3,NULL,3,NULL,'2021-06-03 02:26:00',NULL,NULL,'2021-06-03 12:30:00','2021-06-03 12:30:00','a409cb71-6795-414e-bb38-f03ce71bb4b1'),(88,3,NULL,3,NULL,'2021-06-03 02:26:00',NULL,NULL,'2021-06-03 12:30:23','2021-06-03 12:30:23','91afd7e2-e465-46d2-a4d4-d8508319a732'),(89,3,NULL,3,NULL,'2021-06-03 02:26:00',NULL,NULL,'2021-06-03 12:30:26','2021-06-03 12:30:26','ace3e8ee-1966-452a-bbcd-ff0b70cdd2ba'),(90,3,NULL,3,NULL,'2021-06-03 02:26:00',NULL,NULL,'2021-06-03 13:56:38','2021-06-03 13:56:38','3c22d30f-4dbd-4622-a76d-edef8905e2a3'),(91,3,NULL,3,NULL,'2021-06-03 02:26:00',NULL,NULL,'2021-06-03 13:57:00','2021-06-03 13:57:00','530c6625-789e-4a19-a571-e38fa2ca3567'),(96,3,NULL,3,NULL,'2021-06-03 02:26:00',NULL,NULL,'2021-06-03 14:00:38','2021-06-03 14:00:38','5fa35d7c-0d07-4891-bf06-349d893e86fe'),(101,3,NULL,3,NULL,'2021-06-03 02:26:00',NULL,NULL,'2021-06-03 14:55:44','2021-06-03 14:55:44','858d0efb-b2c2-40a5-bc95-ca00c23b1e1c'),(118,3,NULL,3,NULL,'2021-06-03 02:26:00',NULL,NULL,'2021-06-03 15:07:57','2021-06-03 15:07:57','a1353f0c-0a8c-4178-98f0-cff3f54c0c6f'),(129,3,NULL,3,NULL,'2021-06-03 02:26:00',NULL,NULL,'2021-06-03 15:08:51','2021-06-03 15:08:51','cd1224ce-c48d-4c7f-9beb-2d160b777537'),(146,3,NULL,3,NULL,'2021-06-03 02:26:00',NULL,NULL,'2021-06-03 15:17:58','2021-06-03 15:17:58','41cd3120-8e1c-4d73-a331-aee4efc4aefc'),(159,3,NULL,3,NULL,'2021-06-03 02:26:00',NULL,NULL,'2021-06-04 01:41:54','2021-06-04 01:41:54','51d1edc9-7a3c-443b-a51d-cef18b078e66'),(171,3,NULL,3,NULL,'2021-06-03 02:26:00',NULL,NULL,'2021-06-04 02:24:21','2021-06-04 02:24:21','5fb38a13-6712-405a-b812-8371fedca0aa'),(207,3,NULL,3,NULL,'2021-06-03 02:26:00',NULL,NULL,'2021-06-04 02:49:15','2021-06-04 02:49:15','fac61040-6afd-43c8-ac09-0006cfb883ee'),(224,3,NULL,3,NULL,'2021-06-03 02:26:00',NULL,NULL,'2021-06-04 04:54:16','2021-06-04 04:54:16','c82d45d1-4324-4073-8514-4793aeb97652'),(249,3,NULL,3,NULL,'2021-06-03 02:26:00',NULL,NULL,'2021-06-04 05:03:19','2021-06-04 05:03:19','b01bfa39-ad39-43c9-8f6f-87ae0ca37dfa'),(270,2,NULL,2,1,'2021-06-03 01:46:00',NULL,NULL,'2021-06-04 05:20:38','2021-06-04 05:20:38','f2913f1d-6e84-4193-abbe-73ea3d8e4c98'),(272,2,NULL,2,1,'2021-06-04 05:20:00',NULL,NULL,'2021-06-04 05:21:39','2021-06-04 05:21:39','c7c89a60-b538-4d9c-9b28-55981a59783c'),(273,2,NULL,2,1,'2021-06-04 05:20:00',NULL,NULL,'2021-06-04 05:21:39','2021-06-04 05:21:39','98133a9e-929f-4f80-9110-02a3987ddb58'),(274,2,NULL,2,1,'2021-06-04 05:20:00',NULL,NULL,'2021-06-04 05:21:47','2021-06-04 05:21:47','cea6c5f0-f6fa-48c3-ac9f-bbf3d70723d6'),(275,3,NULL,3,NULL,'2021-06-03 02:26:00',NULL,NULL,'2021-06-04 05:33:55','2021-06-04 05:33:55','ad1ec76a-3211-45a8-afc2-72142d418f57'),(312,3,NULL,3,NULL,'2021-06-03 02:26:00',NULL,NULL,'2021-06-04 05:39:38','2021-06-04 05:39:38','cd9fed38-4298-4b8b-ab33-dececcfe8f3c'),(341,2,NULL,2,1,'2021-06-03 01:49:00',NULL,NULL,'2021-06-04 13:13:13','2021-06-04 13:13:13','4a1f394d-8627-4b01-b591-d2a5b15ec500'),(342,2,NULL,2,1,'2021-06-04 13:57:00',NULL,NULL,'2021-06-04 13:57:06','2021-06-04 13:57:06','54685e20-ec71-4597-a9c3-8518a94176fa'),(344,2,NULL,2,1,'2021-06-04 05:20:00',NULL,NULL,'2021-06-04 14:07:30','2021-06-04 14:07:30','a258c606-8937-4bd6-8e6b-846695892f03'),(346,2,NULL,2,1,'2021-06-03 01:49:00',NULL,NULL,'2021-06-04 14:08:20','2021-06-04 14:08:20','99d04e5a-1a63-4386-9425-0839f6e0685e'),(348,2,NULL,2,1,'2021-06-03 01:46:00',NULL,NULL,'2021-06-04 14:09:41','2021-06-04 14:09:41','6db4522c-eb1d-4220-a5da-4250f0ec8960'),(350,2,NULL,2,1,'2021-06-03 01:45:00',NULL,NULL,'2021-06-04 14:10:09','2021-06-04 14:10:09','912b2d1d-0386-4545-975b-499430e19048'),(352,2,NULL,2,1,'2021-06-03 01:37:00',NULL,NULL,'2021-06-04 14:11:14','2021-06-04 14:11:14','26e5e231-de29-44af-adb8-779cac26a2ec'),(354,2,NULL,2,1,'2021-06-02 23:33:00',NULL,NULL,'2021-06-04 14:11:39','2021-06-04 14:11:39','2000679f-48d4-413e-8f2c-95cb01a365ba'),(355,2,NULL,2,1,'2021-06-02 23:33:00',NULL,NULL,'2021-06-04 15:19:40','2021-06-04 15:19:40','d1166ed3-5d23-430a-a5cd-65adb85f85bc');
/*!40000 ALTER TABLE `ccsf_entries` ENABLE KEYS */;
UNLOCK TABLES;
commit;

--
-- Dumping data for table `ccsf_entrytypes`
--

LOCK TABLES `ccsf_entrytypes` WRITE;
/*!40000 ALTER TABLE `ccsf_entrytypes` DISABLE KEYS */;
set autocommit=0;
INSERT INTO `ccsf_entrytypes` VALUES (1,1,4,'Menu','menu',0,'site',NULL,'{section.name|raw}',1,'2021-06-02 00:26:44','2021-06-02 00:26:44','2021-06-02 00:29:22','71cf71a7-14b2-4da9-9a0f-e8a17fd26d58'),(2,2,9,'Segment','segment',1,'site',NULL,NULL,1,'2021-06-02 22:24:38','2021-06-02 23:33:14',NULL,'256458d4-5be1-41ba-8a56-79c2f3c6a368'),(3,3,11,'Home Page','homePage',0,'site',NULL,'{section.name|raw}',1,'2021-06-03 02:26:56','2021-06-03 02:26:56',NULL,'ede8892f-2c6c-462a-811c-696f0977dcad');
/*!40000 ALTER TABLE `ccsf_entrytypes` ENABLE KEYS */;
UNLOCK TABLES;
commit;

--
-- Dumping data for table `ccsf_fieldgroups`
--

LOCK TABLES `ccsf_fieldgroups` WRITE;
/*!40000 ALTER TABLE `ccsf_fieldgroups` DISABLE KEYS */;
set autocommit=0;
INSERT INTO `ccsf_fieldgroups` VALUES (1,'Common','2021-05-31 13:40:00','2021-05-31 13:40:00',NULL,'9efbeade-59dd-4c2d-89d4-8d38a46bfc50');
/*!40000 ALTER TABLE `ccsf_fieldgroups` ENABLE KEYS */;
UNLOCK TABLES;
commit;

--
-- Dumping data for table `ccsf_fieldlayoutfields`
--

LOCK TABLES `ccsf_fieldlayoutfields` WRITE;
/*!40000 ALTER TABLE `ccsf_fieldlayoutfields` DISABLE KEYS */;
set autocommit=0;
INSERT INTO `ccsf_fieldlayoutfields` VALUES (9,3,7,5,0,0,'2021-06-01 18:06:58','2021-06-01 18:06:58','c75c390a-18ed-44d5-a4e5-f9c63ad8cc87'),(10,3,7,6,0,1,'2021-06-01 18:06:58','2021-06-01 18:06:58','cb0beee1-c746-4975-b75a-88781e3a6387'),(14,4,12,1,0,1,'2021-06-02 00:28:42','2021-06-02 00:28:42','71a20351-5e57-4344-96ff-7e290acacd05'),(15,4,12,2,0,2,'2021-06-02 00:28:42','2021-06-02 00:28:42','3bcf7a22-84ef-401b-be7c-318631f809fd'),(18,6,14,7,0,0,'2021-06-02 00:50:14','2021-06-02 00:50:14','ef623494-3440-4844-87b7-e228bd137d09'),(29,1,22,3,0,0,'2021-06-02 01:29:41','2021-06-02 01:29:41','7f1fa333-ff57-4fa0-a77c-7fd0ee397fac'),(30,1,23,4,0,0,'2021-06-02 01:29:41','2021-06-02 01:29:41','e1aab39e-53f0-4503-a52c-65116f9de9f1'),(31,1,24,1,0,0,'2021-06-02 01:29:41','2021-06-02 01:29:41','59f25fd3-a58e-4d42-9d5a-a2f87a476417'),(32,1,24,2,0,1,'2021-06-02 01:29:41','2021-06-02 01:29:41','dd9ee811-9671-4758-b2b7-088137675f91'),(33,1,25,7,0,0,'2021-06-02 01:29:41','2021-06-02 01:29:41','2581bc66-ae4f-4dfd-8397-65e41736ade7'),(50,8,43,10,0,0,'2021-06-03 03:35:20','2021-06-03 03:35:20','0cd471c7-0cb0-4d16-8da4-98ab0b5f0e08'),(51,8,44,1,0,0,'2021-06-03 03:35:20','2021-06-03 03:35:20','5265ee27-3079-4fcd-bdfa-e3d27d31a9e3'),(52,8,44,2,0,1,'2021-06-03 03:35:20','2021-06-03 03:35:20','0c95828d-aa67-4a28-b6c7-151cc4c38dde'),(53,13,45,7,0,0,'2021-06-03 03:36:17','2021-06-03 03:36:17','1c5ca365-21aa-4d44-8f42-946e18c0019b'),(71,15,59,23,0,0,'2021-06-03 14:08:57','2021-06-03 14:08:57','37291fb2-d8e3-48f9-9b2f-7d00820270d1'),(72,15,59,24,0,1,'2021-06-03 14:08:57','2021-06-03 14:08:57','74e6e6b9-3d6c-40d2-a402-4898de131bc2'),(80,17,66,27,0,0,'2021-06-03 15:16:07','2021-06-03 15:16:07','22de2e97-2240-4481-832d-6833d8e3dbc8'),(81,17,66,26,0,1,'2021-06-03 15:16:07','2021-06-03 15:16:07','2797add4-ec24-4552-a6d7-1b091c63c92a'),(82,17,66,28,0,2,'2021-06-03 15:16:07','2021-06-03 15:16:07','8ec1fabf-2e29-4a82-a58f-db69cb1ecd53'),(106,19,78,31,0,0,'2021-06-04 02:41:16','2021-06-04 02:41:16','70be10eb-fe5b-4954-8482-e6e84a724d63'),(107,19,78,30,0,1,'2021-06-04 02:41:16','2021-06-04 02:41:16','783ed906-3649-49c1-ae48-60225728392a'),(108,19,78,32,0,2,'2021-06-04 02:41:17','2021-06-04 02:41:17','b5552371-8c4d-41f0-ae13-7815b973dc13'),(109,19,78,34,0,3,'2021-06-04 02:41:17','2021-06-04 02:41:17','01fc8074-9789-4b7e-ab2f-3a386b4b54e4'),(110,19,78,33,0,4,'2021-06-04 02:41:17','2021-06-04 02:41:17','6486011e-fe7b-4a8e-b8de-248260dc5f74'),(111,19,78,39,0,5,'2021-06-04 02:41:17','2021-06-04 02:41:17','91acc172-53b7-4719-9ad9-0e2ac79c93e0'),(112,19,78,40,0,6,'2021-06-04 02:41:17','2021-06-04 02:41:17','423fd691-780c-411f-893a-232ea70cfc98'),(113,19,78,38,0,7,'2021-06-04 02:41:17','2021-06-04 02:41:17','1fb93809-9ab3-45c3-9244-ffd177cd9992'),(128,22,88,45,0,0,'2021-06-04 05:13:06','2021-06-04 05:13:06','ad8c6959-3304-45bc-b254-fa53645c4d78'),(129,22,88,42,0,1,'2021-06-04 05:13:06','2021-06-04 05:13:06','b59ba6ed-182e-4142-ad60-9dc0a9f8227f'),(130,22,88,44,0,2,'2021-06-04 05:13:06','2021-06-04 05:13:06','739ced4f-ef5b-4f82-a029-897fecb29c10'),(131,22,88,43,0,3,'2021-06-04 05:13:06','2021-06-04 05:13:06','ce2c3627-aa49-405b-963b-a773680ad255'),(135,24,91,47,0,0,'2021-06-04 05:31:55','2021-06-04 05:31:55','2d6eb86e-2e86-483a-a6c0-d33eb7160c9f'),(136,24,91,49,0,1,'2021-06-04 05:31:55','2021-06-04 05:31:55','e2b75480-4e48-4e99-8594-f241bfb6ad72'),(137,24,91,48,0,2,'2021-06-04 05:31:55','2021-06-04 05:31:55','a795d430-c0ac-48c6-90cc-50d1ed0328ea'),(138,11,93,41,0,0,'2021-06-04 05:33:54','2021-06-04 05:33:54','69ae095d-8872-4d03-8c5f-c083dee6c16c'),(139,11,94,29,0,0,'2021-06-04 05:33:54','2021-06-04 05:33:54','84010267-90d2-49ad-9b1e-ae9dc1bea023'),(140,11,95,25,0,0,'2021-06-04 05:33:54','2021-06-04 05:33:54','2ebdd80e-58ec-4081-864b-aaecc01d0f73'),(141,11,96,22,0,0,'2021-06-04 05:33:54','2021-06-04 05:33:54','7f718e26-aed2-4e4b-85db-9fd4adaec482'),(142,11,97,1,0,0,'2021-06-04 05:33:54','2021-06-04 05:33:54','604c41c6-203c-414a-b7b4-12370ecdf162'),(143,11,97,2,0,1,'2021-06-04 05:33:54','2021-06-04 05:33:54','3636ecfb-1d1e-4993-9063-7569d54d5673'),(144,11,98,46,0,0,'2021-06-04 05:33:54','2021-06-04 05:33:54','fac25d27-7e48-4b3f-93b5-3e3d1e60e1ea'),(145,9,99,1,0,1,'2021-06-04 14:06:00','2021-06-04 14:06:00','0b62dbd9-af82-4e9c-85cf-1f011640c54d'),(146,9,99,13,0,2,'2021-06-04 14:06:00','2021-06-04 14:06:00','71a6c866-505c-4a41-9cbf-f99150b9b7da'),(147,9,99,50,0,3,'2021-06-04 14:06:00','2021-06-04 14:06:00','7aeb57ba-6f6b-4e15-8481-3f9d3e95e042'),(148,9,100,14,0,0,'2021-06-04 14:06:00','2021-06-04 14:06:00','00767f74-d676-4682-834b-7d572a1dd659'),(153,27,103,52,0,0,'2021-06-04 17:19:37','2021-06-04 17:19:37','74b8e695-fea3-4874-a6ff-176d84cfffd2'),(154,7,104,11,0,0,'2021-06-04 17:19:37','2021-06-04 17:19:37','7d21ff0d-485e-4546-a012-88d0aeeac2af'),(155,7,104,12,0,1,'2021-06-04 17:19:37','2021-06-04 17:19:37','a2066b08-0eae-4455-ab97-aaa46fbf03bf'),(156,26,105,51,0,0,'2021-06-04 17:19:50','2021-06-04 17:19:50','bbf4a981-1554-4224-90d3-97670a34a344'),(157,5,106,9,1,0,'2021-06-04 17:19:51','2021-06-04 17:19:51','7ba0f1cc-3777-4e1c-bdfd-d6e286ab5026'),(158,5,106,8,1,1,'2021-06-04 17:19:53','2021-06-04 17:19:53','7c947a88-694e-44f8-9eab-fc980809a501'),(159,5,106,17,0,2,'2021-06-04 17:19:53','2021-06-04 17:19:53','06482ba5-d50a-4393-9c59-f17f3c709454');
/*!40000 ALTER TABLE `ccsf_fieldlayoutfields` ENABLE KEYS */;
UNLOCK TABLES;
commit;

--
-- Dumping data for table `ccsf_fieldlayouts`
--

LOCK TABLES `ccsf_fieldlayouts` WRITE;
/*!40000 ALTER TABLE `ccsf_fieldlayouts` DISABLE KEYS */;
set autocommit=0;
INSERT INTO `ccsf_fieldlayouts` VALUES (1,'craft\\elements\\GlobalSet','2021-06-01 00:39:15','2021-06-01 00:39:15',NULL,'8bece5ec-1323-4120-8c3f-0303964a23ae'),(2,'craft\\elements\\Asset','2021-06-01 00:54:09','2021-06-01 00:54:09',NULL,'73aea5cf-0284-4347-a3c1-910061dcd73b'),(3,'craft\\elements\\MatrixBlock','2021-06-01 17:57:57','2021-06-01 17:57:57',NULL,'6cb87dc4-874a-4d8e-b4c0-a830de3afa01'),(4,'craft\\elements\\Entry','2021-06-02 00:26:44','2021-06-02 00:26:44','2021-06-02 00:29:22','5c376b56-d21d-47d5-8f5a-86153cd3262e'),(5,'craft\\elements\\MatrixBlock','2021-06-02 00:48:26','2021-06-02 00:48:26',NULL,'9aef02e4-ad2d-45d4-93d2-c616e27e4f7f'),(6,'craft\\elements\\GlobalSet','2021-06-02 00:50:14','2021-06-02 00:50:14','2021-06-02 01:29:12','0f0655da-8f39-415b-a020-f43875b41b68'),(7,'craft\\elements\\MatrixBlock','2021-06-02 03:14:45','2021-06-02 03:14:45',NULL,'21104bb0-5e1f-499d-80bc-9eb44014dfd2'),(8,'craft\\elements\\GlobalSet','2021-06-02 03:19:34','2021-06-02 03:19:34',NULL,'c63b20c9-97d8-46a0-913c-dd7014051bc3'),(9,'craft\\elements\\Entry','2021-06-02 22:24:38','2021-06-02 22:24:38',NULL,'081eaf27-2574-4998-817c-90dc65ac4826'),(10,'craft\\elements\\Asset','2021-06-02 23:23:24','2021-06-02 23:23:24',NULL,'488bc03b-533d-48ec-b262-c034277dd14b'),(11,'craft\\elements\\Entry','2021-06-03 02:26:56','2021-06-03 02:26:56',NULL,'2424b78f-be4c-4e0c-af39-22061fd73047'),(12,'craft\\elements\\MatrixBlock','2021-06-03 02:35:54','2021-06-03 02:35:54','2021-06-03 02:51:58','c87f0c3c-797f-4e92-a20c-864950eef289'),(13,'craft\\elements\\GlobalSet','2021-06-03 03:36:16','2021-06-03 03:36:16',NULL,'dcd9b293-e845-4dff-ae94-ade909ccd975'),(14,'craft\\elements\\MatrixBlock','2021-06-03 04:10:18','2021-06-03 04:10:18','2021-06-03 12:01:27','17cc979f-2aee-4177-b092-53919a45bc07'),(15,'craft\\elements\\MatrixBlock','2021-06-03 13:55:31','2021-06-03 13:55:31',NULL,'f1066fbd-16e5-4673-a677-d1b68a390ec7'),(16,'craft\\elements\\Asset','2021-06-03 14:50:17','2021-06-03 14:50:17',NULL,'32a4d00c-19c7-4132-bcfa-8233f26a89b4'),(17,'craft\\elements\\MatrixBlock','2021-06-03 14:54:39','2021-06-03 14:54:39',NULL,'eed8b86e-3074-46e8-846e-a12f1ed9c5b2'),(18,'craft\\elements\\Asset','2021-06-04 00:56:31','2021-06-04 00:56:31',NULL,'5a7eb1b8-9c97-4066-b526-5d6ec5e30d1f'),(19,'craft\\elements\\MatrixBlock','2021-06-04 01:24:44','2021-06-04 01:24:44',NULL,'852657db-9f39-4b80-8ec0-e225430a7a72'),(20,'craft\\elements\\Category','2021-06-04 01:30:59','2021-06-04 01:30:59',NULL,'a06fec4f-0371-4218-ae64-52bed76ce028'),(21,'craft\\elements\\MatrixBlock','2021-06-04 01:40:31','2021-06-04 01:40:31','2021-06-04 02:40:42','dfd7c092-d78f-4761-aba7-c1e07a354555'),(22,'craft\\elements\\MatrixBlock','2021-06-04 04:50:20','2021-06-04 04:50:20',NULL,'153b7836-4b53-458b-b1d0-0d03fdef4847'),(23,'craft\\elements\\Asset','2021-06-04 04:51:29','2021-06-04 04:51:29',NULL,'62be4e29-5d5c-4c33-a180-de8b8bffbcd5'),(24,'craft\\elements\\MatrixBlock','2021-06-04 05:30:06','2021-06-04 05:30:06',NULL,'bf1092f5-fc4e-4251-a9fe-c89d5afcd836'),(25,'craft\\elements\\Asset','2021-06-04 05:31:10','2021-06-04 05:31:10',NULL,'f471e1d4-6c1a-4509-b856-17aa1718d775'),(26,'craft\\elements\\MatrixBlock','2021-06-04 16:47:35','2021-06-04 16:47:35',NULL,'4e431ea9-46a0-4964-b646-6d27c174bfb6'),(27,'craft\\elements\\MatrixBlock','2021-06-04 17:19:37','2021-06-04 17:19:37',NULL,'e15266e1-6498-405d-863d-7b38b9a9f002');
/*!40000 ALTER TABLE `ccsf_fieldlayouts` ENABLE KEYS */;
UNLOCK TABLES;
commit;

--
-- Dumping data for table `ccsf_fieldlayouttabs`
--

LOCK TABLES `ccsf_fieldlayouttabs` WRITE;
/*!40000 ALTER TABLE `ccsf_fieldlayouttabs` DISABLE KEYS */;
set autocommit=0;
INSERT INTO `ccsf_fieldlayouttabs` VALUES (2,2,'Content','[{\"type\":\"craft\\\\fieldlayoutelements\\\\AssetTitleField\",\"autocomplete\":false,\"class\":null,\"size\":null,\"name\":null,\"autocorrect\":true,\"autocapitalize\":true,\"disabled\":false,\"readonly\":false,\"title\":null,\"placeholder\":null,\"step\":null,\"min\":null,\"max\":null,\"requirable\":false,\"id\":null,\"containerAttributes\":[],\"inputContainerAttributes\":[],\"labelAttributes\":[],\"orientation\":null,\"label\":null,\"instructions\":null,\"tip\":null,\"warning\":null,\"width\":100}]',1,'2021-06-01 00:54:09','2021-06-01 00:54:09','1f67c01d-91b0-4c70-8207-0e4bd75f094f'),(7,3,'Content','[{\"type\":\"craft\\\\fieldlayoutelements\\\\CustomField\",\"label\":null,\"instructions\":null,\"tip\":null,\"warning\":null,\"required\":false,\"width\":100,\"fieldUid\":\"a715d2fa-4a49-4753-a6a3-f597d773ff31\"},{\"type\":\"craft\\\\fieldlayoutelements\\\\CustomField\",\"label\":null,\"instructions\":null,\"tip\":null,\"warning\":null,\"required\":false,\"width\":100,\"fieldUid\":\"cf980bcd-2897-41a6-8710-9e1ba33d8bc7\"}]',1,'2021-06-01 18:06:58','2021-06-01 18:06:58','6fbc0cf7-8005-4546-ac08-6dc70cdbe5f5'),(12,4,'Content','[{\"type\":\"craft\\\\fieldlayoutelements\\\\EntryTitleField\",\"autocomplete\":false,\"class\":null,\"size\":null,\"name\":null,\"autocorrect\":true,\"autocapitalize\":true,\"disabled\":false,\"readonly\":false,\"title\":null,\"placeholder\":null,\"step\":null,\"min\":null,\"max\":null,\"requirable\":false,\"id\":null,\"containerAttributes\":[],\"inputContainerAttributes\":[],\"labelAttributes\":[],\"orientation\":null,\"label\":null,\"instructions\":null,\"tip\":null,\"warning\":null,\"width\":100},{\"type\":\"craft\\\\fieldlayoutelements\\\\CustomField\",\"label\":null,\"instructions\":null,\"tip\":null,\"warning\":null,\"required\":false,\"width\":100,\"fieldUid\":\"a220560a-d8bf-490b-bff0-420e311688d5\"},{\"type\":\"craft\\\\fieldlayoutelements\\\\CustomField\",\"label\":null,\"instructions\":null,\"tip\":null,\"warning\":null,\"required\":false,\"width\":100,\"fieldUid\":\"c931aa20-ddd6-4883-ba22-04b7df849446\"}]',1,'2021-06-02 00:28:42','2021-06-02 00:28:42','8c7c8a4d-b63d-4c6c-806d-e78d3295d722'),(14,6,'Menu','[{\"type\":\"craft\\\\fieldlayoutelements\\\\CustomField\",\"label\":null,\"instructions\":null,\"tip\":null,\"warning\":null,\"required\":false,\"width\":100,\"fieldUid\":\"abcad323-6d7b-4adf-be0a-6d902ae0a91d\"}]',1,'2021-06-02 00:50:14','2021-06-02 00:50:14','dd7648f3-9906-4258-916e-49bedd69560e'),(22,1,'Global','[{\"type\":\"craft\\\\fieldlayoutelements\\\\CustomField\",\"label\":null,\"instructions\":null,\"tip\":null,\"warning\":null,\"required\":false,\"width\":100,\"fieldUid\":\"3df3003d-04c0-45d6-9e45-5d0bf07a0a0f\"}]',1,'2021-06-02 01:29:37','2021-06-02 01:29:37','b0d64013-1cb0-4b24-a8a7-9691498cd49d'),(23,1,'Favicon','[{\"type\":\"craft\\\\fieldlayoutelements\\\\CustomField\",\"label\":null,\"instructions\":null,\"tip\":null,\"warning\":null,\"required\":false,\"width\":100,\"fieldUid\":\"11a1dd13-8f78-443a-a489-05e3cd768ac8\"}]',2,'2021-06-02 01:29:41','2021-06-02 01:29:41','91576f3e-7d66-405c-9b8f-67cd49f0302a'),(24,1,'Call to Action','[{\"type\":\"craft\\\\fieldlayoutelements\\\\CustomField\",\"label\":null,\"instructions\":null,\"tip\":null,\"warning\":null,\"required\":false,\"width\":100,\"fieldUid\":\"a220560a-d8bf-490b-bff0-420e311688d5\"},{\"type\":\"craft\\\\fieldlayoutelements\\\\CustomField\",\"label\":null,\"instructions\":null,\"tip\":null,\"warning\":null,\"required\":false,\"width\":100,\"fieldUid\":\"c931aa20-ddd6-4883-ba22-04b7df849446\"}]',3,'2021-06-02 01:29:41','2021-06-02 01:29:41','55572d96-72b9-4db6-aff7-9cc7bc0e7dc2'),(25,1,'Main Menu','[{\"type\":\"craft\\\\fieldlayoutelements\\\\CustomField\",\"label\":null,\"instructions\":null,\"tip\":null,\"warning\":null,\"required\":false,\"width\":100,\"fieldUid\":\"abcad323-6d7b-4adf-be0a-6d902ae0a91d\"}]',4,'2021-06-02 01:29:41','2021-06-02 01:29:41','3f80c031-a339-49d9-a818-3947673f4caa'),(35,10,'Content','[{\"type\":\"craft\\\\fieldlayoutelements\\\\AssetTitleField\",\"autocomplete\":false,\"class\":null,\"size\":null,\"name\":null,\"autocorrect\":true,\"autocapitalize\":true,\"disabled\":false,\"readonly\":false,\"title\":null,\"placeholder\":null,\"step\":null,\"min\":null,\"max\":null,\"requirable\":false,\"id\":null,\"containerAttributes\":[],\"inputContainerAttributes\":[],\"labelAttributes\":[],\"orientation\":null,\"label\":null,\"instructions\":null,\"tip\":null,\"warning\":null,\"width\":100}]',1,'2021-06-02 23:27:34','2021-06-02 23:27:34','01da54b9-f863-4e3e-8bbd-770997612cf0'),(40,12,'Content','[{\"type\":\"craft\\\\fieldlayoutelements\\\\CustomField\",\"label\":null,\"instructions\":null,\"tip\":null,\"warning\":null,\"required\":false,\"width\":100,\"fieldUid\":\"05352201-7121-400b-a4cc-76358c309db0\"}]',1,'2021-06-03 02:35:54','2021-06-03 02:35:54','17419fa9-dc3c-45be-990e-c63053afc2be'),(43,8,'Address','[{\"type\":\"craft\\\\fieldlayoutelements\\\\CustomField\",\"label\":null,\"instructions\":null,\"tip\":null,\"warning\":null,\"required\":false,\"width\":100,\"fieldUid\":\"7147aec6-4c49-4d7c-be79-3e9e57b5991f\"}]',1,'2021-06-03 03:35:19','2021-06-03 03:35:19','03fda16e-461b-48d7-b523-71566b7f1605'),(44,8,'Call to Action','[{\"type\":\"craft\\\\fieldlayoutelements\\\\CustomField\",\"label\":null,\"instructions\":null,\"tip\":null,\"warning\":null,\"required\":false,\"width\":100,\"fieldUid\":\"a220560a-d8bf-490b-bff0-420e311688d5\"},{\"type\":\"craft\\\\fieldlayoutelements\\\\CustomField\",\"label\":null,\"instructions\":null,\"tip\":null,\"warning\":null,\"required\":false,\"width\":100,\"fieldUid\":\"c931aa20-ddd6-4883-ba22-04b7df849446\"}]',2,'2021-06-03 03:35:20','2021-06-03 03:35:20','2751fb39-71d4-410b-900d-97afffb8a151'),(45,13,'Social','[{\"type\":\"craft\\\\fieldlayoutelements\\\\CustomField\",\"label\":null,\"instructions\":null,\"tip\":null,\"warning\":null,\"required\":false,\"width\":100,\"fieldUid\":\"abcad323-6d7b-4adf-be0a-6d902ae0a91d\"}]',1,'2021-06-03 03:36:17','2021-06-03 03:36:17','9b3b1151-264f-4295-89a6-38aa867cb6fc'),(47,14,'Content','[{\"type\":\"craft\\\\fieldlayoutelements\\\\CustomField\",\"label\":null,\"instructions\":null,\"tip\":null,\"warning\":null,\"required\":false,\"width\":100,\"fieldUid\":\"4f6fe4e4-f4da-46e4-93fb-ad076293a8c7\"},{\"type\":\"craft\\\\fieldlayoutelements\\\\CustomField\",\"label\":null,\"instructions\":null,\"tip\":null,\"warning\":null,\"required\":false,\"width\":100,\"fieldUid\":\"7ecb11c1-6a16-412b-9687-e1f67848e01a\"},{\"type\":\"craft\\\\fieldlayoutelements\\\\CustomField\",\"label\":null,\"instructions\":null,\"tip\":null,\"warning\":null,\"required\":false,\"width\":100,\"fieldUid\":\"76e26b15-b045-4347-85cd-165c454a510e\"}]',1,'2021-06-03 04:10:18','2021-06-03 04:10:18','0e31987c-5c90-45ef-93a7-ecd12c25edb5'),(59,15,'Content','[{\"type\":\"craft\\\\fieldlayoutelements\\\\CustomField\",\"label\":null,\"instructions\":null,\"tip\":null,\"warning\":null,\"required\":false,\"width\":100,\"fieldUid\":\"1a97a38d-2f2e-4ae4-bb58-892785b8f2c3\"},{\"type\":\"craft\\\\fieldlayoutelements\\\\CustomField\",\"label\":null,\"instructions\":null,\"tip\":null,\"warning\":null,\"required\":false,\"width\":100,\"fieldUid\":\"3d6e0d5b-904d-4dc1-a883-aae147c21e2f\"}]',1,'2021-06-03 14:08:57','2021-06-03 14:08:57','73df412d-ea36-4453-a178-10d482f0e6af'),(60,16,'Content','[{\"type\":\"craft\\\\fieldlayoutelements\\\\AssetTitleField\",\"autocomplete\":false,\"class\":null,\"size\":null,\"name\":null,\"autocorrect\":true,\"autocapitalize\":true,\"disabled\":false,\"readonly\":false,\"title\":null,\"placeholder\":null,\"step\":null,\"min\":null,\"max\":null,\"requirable\":false,\"id\":null,\"containerAttributes\":[],\"inputContainerAttributes\":[],\"labelAttributes\":[],\"orientation\":null,\"label\":null,\"instructions\":null,\"tip\":null,\"warning\":null,\"width\":100}]',1,'2021-06-03 14:50:17','2021-06-03 14:50:17','c3cf16b9-721c-41d6-8b69-c33709f7fde6'),(66,17,'Content','[{\"type\":\"craft\\\\fieldlayoutelements\\\\CustomField\",\"label\":null,\"instructions\":null,\"tip\":null,\"warning\":null,\"required\":false,\"width\":100,\"fieldUid\":\"6014bb6a-6e03-4781-90ae-99fdebb755ca\"},{\"type\":\"craft\\\\fieldlayoutelements\\\\CustomField\",\"label\":null,\"instructions\":null,\"tip\":null,\"warning\":null,\"required\":false,\"width\":100,\"fieldUid\":\"2a925371-677a-4b65-8d1e-d5b9c4a46511\"},{\"type\":\"craft\\\\fieldlayoutelements\\\\CustomField\",\"label\":null,\"instructions\":null,\"tip\":null,\"warning\":null,\"required\":false,\"width\":100,\"fieldUid\":\"c9921f88-75bb-4619-a6d8-c95806b75191\"}]',1,'2021-06-03 15:16:07','2021-06-03 15:16:07','47296500-f6c9-4eca-b012-8c458b03ada7'),(67,18,'Content','[{\"type\":\"craft\\\\fieldlayoutelements\\\\AssetTitleField\",\"autocomplete\":false,\"class\":null,\"size\":null,\"name\":null,\"autocorrect\":true,\"autocapitalize\":true,\"disabled\":false,\"readonly\":false,\"title\":null,\"placeholder\":null,\"step\":null,\"min\":null,\"max\":null,\"requirable\":false,\"id\":null,\"containerAttributes\":[],\"inputContainerAttributes\":[],\"labelAttributes\":[],\"orientation\":null,\"label\":null,\"instructions\":null,\"tip\":null,\"warning\":null,\"width\":100}]',1,'2021-06-04 00:56:31','2021-06-04 00:56:31','9fdc4025-aab3-4cea-9ea1-e22e38d083f1'),(69,20,'Content','[{\"type\":\"craft\\\\fieldlayoutelements\\\\TitleField\",\"autocomplete\":false,\"class\":null,\"size\":null,\"name\":null,\"autocorrect\":true,\"autocapitalize\":true,\"disabled\":false,\"readonly\":false,\"title\":null,\"placeholder\":null,\"step\":null,\"min\":null,\"max\":null,\"requirable\":false,\"id\":null,\"containerAttributes\":[],\"inputContainerAttributes\":[],\"labelAttributes\":[],\"orientation\":null,\"label\":null,\"instructions\":null,\"tip\":null,\"warning\":null,\"width\":100}]',1,'2021-06-04 01:30:59','2021-06-04 01:30:59','c78583b1-06b0-475f-a6ec-4060173dbf87'),(71,21,'Content','[{\"type\":\"craft\\\\fieldlayoutelements\\\\CustomField\",\"label\":null,\"instructions\":null,\"tip\":null,\"warning\":null,\"required\":false,\"width\":100,\"fieldUid\":\"e793876d-fda6-4511-8a45-a2413df7d3f1\"},{\"type\":\"craft\\\\fieldlayoutelements\\\\CustomField\",\"label\":null,\"instructions\":null,\"tip\":null,\"warning\":null,\"required\":false,\"width\":100,\"fieldUid\":\"e9ffb9f5-6753-4b41-b392-5fb2bd73cd7c\"},{\"type\":\"craft\\\\fieldlayoutelements\\\\CustomField\",\"label\":null,\"instructions\":null,\"tip\":null,\"warning\":null,\"required\":false,\"width\":100,\"fieldUid\":\"512b1bba-f853-4af5-93bd-ddf11270a30a\"}]',1,'2021-06-04 01:40:31','2021-06-04 01:40:31','9bc4f7ac-5382-4105-8d1a-e939d5790f6f'),(78,19,'Content','[{\"type\":\"craft\\\\fieldlayoutelements\\\\CustomField\",\"label\":null,\"instructions\":null,\"tip\":null,\"warning\":null,\"required\":false,\"width\":50,\"fieldUid\":\"f43f331d-31cd-4b51-8cef-2127c175d3b4\"},{\"type\":\"craft\\\\fieldlayoutelements\\\\CustomField\",\"label\":null,\"instructions\":null,\"tip\":null,\"warning\":null,\"required\":false,\"width\":50,\"fieldUid\":\"d831fe25-ce30-4ff5-95d6-61a8ce2ddbf2\"},{\"type\":\"craft\\\\fieldlayoutelements\\\\CustomField\",\"label\":null,\"instructions\":null,\"tip\":null,\"warning\":null,\"required\":false,\"width\":50,\"fieldUid\":\"916eaaa3-67a6-4502-8db7-0b1c0ef7789d\"},{\"type\":\"craft\\\\fieldlayoutelements\\\\CustomField\",\"label\":null,\"instructions\":null,\"tip\":null,\"warning\":null,\"required\":false,\"width\":50,\"fieldUid\":\"c4e4235e-877b-45a7-89ff-b54e138b2d17\"},{\"type\":\"craft\\\\fieldlayoutelements\\\\CustomField\",\"label\":null,\"instructions\":null,\"tip\":null,\"warning\":null,\"required\":false,\"width\":100,\"fieldUid\":\"302676b6-7a8f-4bdd-88d7-87e82a569026\"},{\"type\":\"craft\\\\fieldlayoutelements\\\\CustomField\",\"label\":null,\"instructions\":null,\"tip\":null,\"warning\":null,\"required\":false,\"width\":50,\"fieldUid\":\"701a9b66-586b-4260-bc3b-009a77a6d3d3\"},{\"type\":\"craft\\\\fieldlayoutelements\\\\CustomField\",\"label\":null,\"instructions\":null,\"tip\":null,\"warning\":null,\"required\":false,\"width\":25,\"fieldUid\":\"53111f06-962f-4c3d-8430-cfefb4d8a4a5\"},{\"type\":\"craft\\\\fieldlayoutelements\\\\CustomField\",\"label\":null,\"instructions\":null,\"tip\":null,\"warning\":null,\"required\":false,\"width\":25,\"fieldUid\":\"3a2e75a2-4462-43c6-8db6-64d5aef548e8\"}]',1,'2021-06-04 02:41:15','2021-06-04 02:41:15','721a45f0-c621-4eaf-82ce-3063f8b9a52e'),(80,23,'Content','[{\"type\":\"craft\\\\fieldlayoutelements\\\\AssetTitleField\",\"autocomplete\":false,\"class\":null,\"size\":null,\"name\":null,\"autocorrect\":true,\"autocapitalize\":true,\"disabled\":false,\"readonly\":false,\"title\":null,\"placeholder\":null,\"step\":null,\"min\":null,\"max\":null,\"requirable\":false,\"id\":null,\"containerAttributes\":[],\"inputContainerAttributes\":[],\"labelAttributes\":[],\"orientation\":null,\"label\":null,\"instructions\":null,\"tip\":null,\"warning\":null,\"width\":100}]',1,'2021-06-04 04:51:29','2021-06-04 04:51:29','d095ced0-70b7-4c82-9953-84937928dd27'),(88,22,'Content','[{\"type\":\"craft\\\\fieldlayoutelements\\\\CustomField\",\"label\":null,\"instructions\":null,\"tip\":null,\"warning\":null,\"required\":false,\"width\":100,\"fieldUid\":\"e6a7f0dd-834b-461b-b550-d3a557df65a0\"},{\"type\":\"craft\\\\fieldlayoutelements\\\\CustomField\",\"label\":null,\"instructions\":null,\"tip\":null,\"warning\":null,\"required\":false,\"width\":100,\"fieldUid\":\"0afdc770-a312-481f-9005-4de70c99421b\"},{\"type\":\"craft\\\\fieldlayoutelements\\\\CustomField\",\"label\":null,\"instructions\":null,\"tip\":null,\"warning\":null,\"required\":false,\"width\":100,\"fieldUid\":\"459816de-c106-475f-9c6b-7314cf0fd93b\"},{\"type\":\"craft\\\\fieldlayoutelements\\\\CustomField\",\"label\":null,\"instructions\":null,\"tip\":null,\"warning\":null,\"required\":false,\"width\":100,\"fieldUid\":\"2bbf8a0f-3d22-46bb-95b7-c76ec796dbb1\"}]',1,'2021-06-04 05:13:06','2021-06-04 05:13:06','7f47e3a8-0da1-495b-964b-70d75b998434'),(90,25,'Content','[{\"type\":\"craft\\\\fieldlayoutelements\\\\AssetTitleField\",\"autocomplete\":false,\"class\":null,\"size\":null,\"name\":null,\"autocorrect\":true,\"autocapitalize\":true,\"disabled\":false,\"readonly\":false,\"title\":null,\"placeholder\":null,\"step\":null,\"min\":null,\"max\":null,\"requirable\":false,\"id\":null,\"containerAttributes\":[],\"inputContainerAttributes\":[],\"labelAttributes\":[],\"orientation\":null,\"label\":null,\"instructions\":null,\"tip\":null,\"warning\":null,\"width\":100}]',1,'2021-06-04 05:31:10','2021-06-04 05:31:10','b68fe1d7-47c1-4184-9db0-e7ee1c773a59'),(91,24,'Content','[{\"type\":\"craft\\\\fieldlayoutelements\\\\CustomField\",\"label\":null,\"instructions\":null,\"tip\":null,\"warning\":null,\"required\":false,\"width\":100,\"fieldUid\":\"47b82e32-50b6-46fe-83d2-4853d71a1975\"},{\"type\":\"craft\\\\fieldlayoutelements\\\\CustomField\",\"label\":null,\"instructions\":null,\"tip\":null,\"warning\":null,\"required\":false,\"width\":100,\"fieldUid\":\"b98c8d5a-c740-42b8-9a7d-4135fd7350a4\"},{\"type\":\"craft\\\\fieldlayoutelements\\\\CustomField\",\"label\":null,\"instructions\":null,\"tip\":null,\"warning\":null,\"required\":false,\"width\":100,\"fieldUid\":\"167dfa2b-0e22-4cc0-806b-304e9304ebf7\"}]',1,'2021-06-04 05:31:55','2021-06-04 05:31:55','8f15a983-d43b-42c6-96d1-f3b4625585ef'),(92,11,'Content','[{\"type\":\"craft\\\\fieldlayoutelements\\\\EntryTitleField\",\"autocomplete\":false,\"class\":null,\"size\":null,\"name\":null,\"autocorrect\":true,\"autocapitalize\":true,\"disabled\":false,\"readonly\":false,\"title\":null,\"placeholder\":null,\"step\":null,\"min\":null,\"max\":null,\"requirable\":false,\"id\":null,\"containerAttributes\":[],\"inputContainerAttributes\":[],\"labelAttributes\":[],\"orientation\":null,\"label\":null,\"instructions\":null,\"tip\":null,\"warning\":null,\"width\":100}]',1,'2021-06-04 05:33:54','2021-06-04 05:33:54','7c422f83-e0bf-4422-b55b-c78fbac27936'),(93,11,'Testimonials','[{\"type\":\"craft\\\\fieldlayoutelements\\\\CustomField\",\"label\":null,\"instructions\":null,\"tip\":null,\"warning\":null,\"required\":false,\"width\":100,\"fieldUid\":\"779ecba5-f02b-4cf5-b036-af99f83ec426\"}]',2,'2021-06-04 05:33:54','2021-06-04 05:33:54','791cb6a2-aace-4742-8a64-39d1b2715852'),(94,11,'Portfolio','[{\"type\":\"craft\\\\fieldlayoutelements\\\\CustomField\",\"label\":null,\"instructions\":null,\"tip\":null,\"warning\":null,\"required\":false,\"width\":100,\"fieldUid\":\"1ed7075e-13cf-4a7b-9641-3eac2e130ce5\"}]',3,'2021-06-04 05:33:54','2021-06-04 05:33:54','3d8fb008-4131-4dd6-8def-db67c82f6ea9'),(95,11,'Services','[{\"type\":\"craft\\\\fieldlayoutelements\\\\CustomField\",\"label\":null,\"instructions\":null,\"tip\":null,\"warning\":null,\"required\":false,\"width\":100,\"fieldUid\":\"1c6fe872-b1b5-4713-9fb6-36bb532706b4\"}]',4,'2021-06-04 05:33:54','2021-06-04 05:33:54','7534b906-ce0d-4ec3-b313-d40409168dee'),(96,11,'Process','[{\"type\":\"craft\\\\fieldlayoutelements\\\\CustomField\",\"label\":null,\"instructions\":null,\"tip\":null,\"warning\":null,\"required\":false,\"width\":100,\"fieldUid\":\"c0197541-100f-48fd-8943-da38e9e12221\"}]',5,'2021-06-04 05:33:54','2021-06-04 05:33:54','22d3dbc7-6ca9-449d-a878-ce0eb5f59c29'),(97,11,'Play Video','[{\"type\":\"craft\\\\fieldlayoutelements\\\\CustomField\",\"label\":null,\"instructions\":null,\"tip\":null,\"warning\":null,\"required\":false,\"width\":100,\"fieldUid\":\"a220560a-d8bf-490b-bff0-420e311688d5\"},{\"type\":\"craft\\\\fieldlayoutelements\\\\CustomField\",\"label\":null,\"instructions\":null,\"tip\":null,\"warning\":null,\"required\":false,\"width\":100,\"fieldUid\":\"c931aa20-ddd6-4883-ba22-04b7df849446\"}]',6,'2021-06-04 05:33:54','2021-06-04 05:33:54','1749f106-9556-414a-ab79-09a0e044bdfd'),(98,11,'Brands','[{\"type\":\"craft\\\\fieldlayoutelements\\\\CustomField\",\"label\":null,\"instructions\":null,\"tip\":null,\"warning\":null,\"required\":false,\"width\":100,\"fieldUid\":\"fcf95640-20ba-4747-bb97-d0a18d54944e\"}]',7,'2021-06-04 05:33:54','2021-06-04 05:33:54','86691e17-dc34-47cc-b6ae-e16ec8bd6347'),(99,9,'Content','[{\"type\":\"craft\\\\fieldlayoutelements\\\\EntryTitleField\",\"autocomplete\":false,\"class\":null,\"size\":null,\"name\":null,\"autocorrect\":true,\"autocapitalize\":true,\"disabled\":false,\"readonly\":false,\"title\":null,\"placeholder\":null,\"step\":null,\"min\":null,\"max\":null,\"requirable\":false,\"id\":null,\"containerAttributes\":[],\"inputContainerAttributes\":[],\"labelAttributes\":[],\"orientation\":null,\"label\":null,\"instructions\":null,\"tip\":null,\"warning\":null,\"width\":100},{\"type\":\"craft\\\\fieldlayoutelements\\\\CustomField\",\"label\":null,\"instructions\":null,\"tip\":null,\"warning\":null,\"required\":false,\"width\":100,\"fieldUid\":\"a220560a-d8bf-490b-bff0-420e311688d5\"},{\"type\":\"craft\\\\fieldlayoutelements\\\\CustomField\",\"label\":null,\"instructions\":null,\"tip\":null,\"warning\":null,\"required\":false,\"width\":100,\"fieldUid\":\"ae6edc1c-08c3-4c93-bd2e-f015dd0f7a10\"},{\"type\":\"craft\\\\fieldlayoutelements\\\\CustomField\",\"label\":null,\"instructions\":null,\"tip\":null,\"warning\":null,\"required\":false,\"width\":100,\"fieldUid\":\"6697be4a-8161-4f04-9211-a54645f73722\"}]',1,'2021-06-04 14:06:00','2021-06-04 14:06:00','6c304962-a514-4527-b119-3aade5bc081e'),(100,9,'Image','[{\"type\":\"craft\\\\fieldlayoutelements\\\\CustomField\",\"label\":null,\"instructions\":null,\"tip\":null,\"warning\":null,\"required\":false,\"width\":100,\"fieldUid\":\"e369312b-a4cf-4113-8a08-3797a3b98319\"}]',2,'2021-06-04 14:06:00','2021-06-04 14:06:00','9be557d3-f412-435a-834e-ac364d9ed6a6'),(103,27,'Content','[{\"type\":\"craft\\\\fieldlayoutelements\\\\CustomField\",\"label\":null,\"instructions\":null,\"tip\":null,\"warning\":null,\"required\":false,\"width\":100,\"fieldUid\":\"320b16b1-359a-4ce8-9f21-859e91a01a3f\"}]',1,'2021-06-04 17:19:37','2021-06-04 17:19:37','5f376007-6460-4bc7-ba0a-1500cc02ea29'),(104,7,'Content','[{\"type\":\"craft\\\\fieldlayoutelements\\\\CustomField\",\"label\":null,\"instructions\":null,\"tip\":null,\"warning\":null,\"required\":false,\"width\":100,\"fieldUid\":\"da3eb716-b972-4921-a6be-046765e50ae5\"},{\"type\":\"craft\\\\fieldlayoutelements\\\\CustomField\",\"label\":null,\"instructions\":null,\"tip\":null,\"warning\":null,\"required\":false,\"width\":100,\"fieldUid\":\"fe2b0a98-b797-441b-8e3d-5c1177236ca5\"}]',1,'2021-06-04 17:19:37','2021-06-04 17:19:37','6f56f82e-778d-4f26-91de-557f4cfb6423'),(105,26,'Content','[{\"type\":\"craft\\\\fieldlayoutelements\\\\CustomField\",\"label\":null,\"instructions\":null,\"tip\":null,\"warning\":null,\"required\":false,\"width\":100,\"fieldUid\":\"d0447e58-7964-4909-a7c6-cd0b0700b389\"}]',1,'2021-06-04 17:19:50','2021-06-04 17:19:50','f2114948-5f95-4f75-b702-36244b8646a5'),(106,5,'Content','[{\"type\":\"craft\\\\fieldlayoutelements\\\\CustomField\",\"label\":null,\"instructions\":null,\"tip\":null,\"warning\":null,\"required\":true,\"width\":100,\"fieldUid\":\"a09f8971-26c8-45a7-9c54-3043d9b007e7\"},{\"type\":\"craft\\\\fieldlayoutelements\\\\CustomField\",\"label\":null,\"instructions\":null,\"tip\":null,\"warning\":null,\"required\":true,\"width\":100,\"fieldUid\":\"142e272e-62fe-4459-80f7-7568b9b54c2e\"},{\"type\":\"craft\\\\fieldlayoutelements\\\\CustomField\",\"label\":null,\"instructions\":null,\"tip\":null,\"warning\":null,\"required\":false,\"width\":100,\"fieldUid\":\"9b60f33c-05a5-485d-bd65-3eb4bb3ab1e4\"}]',1,'2021-06-04 17:19:51','2021-06-04 17:19:51','37cd1e44-ea56-499e-984d-8e928debb2d3');
/*!40000 ALTER TABLE `ccsf_fieldlayouttabs` ENABLE KEYS */;
UNLOCK TABLES;
commit;

--
-- Dumping data for table `ccsf_fields`
--

LOCK TABLES `ccsf_fields` WRITE;
/*!40000 ALTER TABLE `ccsf_fields` DISABLE KEYS */;
set autocommit=0;
INSERT INTO `ccsf_fields` VALUES (1,1,'Caption','caption','global','',0,'none',NULL,'craft\\fields\\PlainText','{\"byteLimit\":null,\"charLimit\":null,\"code\":\"\",\"columnType\":null,\"initialRows\":\"4\",\"multiline\":\"\",\"placeholder\":null,\"uiMode\":\"normal\"}','2021-05-31 23:47:06','2021-06-02 01:14:13','a220560a-d8bf-490b-bff0-420e311688d5'),(2,1,'Hyperlink','hyperlink','global','',0,'none',NULL,'craft\\fields\\Url','{\"maxLength\":\"255\",\"placeholder\":null,\"types\":[\"url\",\"tel\",\"email\"]}','2021-05-31 23:51:01','2021-05-31 23:51:01','c931aa20-ddd6-4883-ba22-04b7df849446'),(3,1,'Logotype','logotype','global','',0,'site',NULL,'craft\\fields\\Assets','{\"allowSelfRelations\":false,\"allowUploads\":true,\"allowedKinds\":[\"image\",\"xml\"],\"defaultUploadLocationSource\":\"volume:febc00ea-0cb7-4ada-9e01-ca7a01332cba\",\"defaultUploadLocationSubpath\":\"\",\"limit\":\"1\",\"localizeRelations\":false,\"previewMode\":\"thumbs\",\"restrictFiles\":\"1\",\"selectionLabel\":\"\",\"showSiteMenu\":true,\"showUnpermittedFiles\":false,\"showUnpermittedVolumes\":false,\"singleUploadLocationSource\":\"volume:febc00ea-0cb7-4ada-9e01-ca7a01332cba\",\"singleUploadLocationSubpath\":\"\",\"source\":null,\"sources\":\"*\",\"targetSiteId\":null,\"useSingleFolder\":true,\"validateRelatedElements\":false,\"viewMode\":\"large\"}','2021-05-31 23:52:34','2021-06-01 00:54:49','3df3003d-04c0-45d6-9e45-5d0bf07a0a0f'),(4,1,'Favicons','favicons','global','',0,'site',NULL,'craft\\fields\\Matrix','{\"contentTable\":\"{{%matrixcontent_favicons}}\",\"maxBlocks\":\"6\",\"minBlocks\":\"1\",\"propagationMethod\":\"all\"}','2021-06-01 17:57:52','2021-06-01 17:57:52','11a1dd13-8f78-443a-a489-05e3cd768ac8'),(5,NULL,'Icon','icon','matrixBlockType:7b8590e5-9338-43a3-9d83-d0fb38e21640','',0,'site',NULL,'craft\\fields\\Assets','{\"allowSelfRelations\":false,\"allowUploads\":true,\"allowedKinds\":null,\"defaultUploadLocationSource\":\"volume:febc00ea-0cb7-4ada-9e01-ca7a01332cba\",\"defaultUploadLocationSubpath\":\"\",\"limit\":\"1\",\"localizeRelations\":false,\"previewMode\":\"full\",\"restrictFiles\":\"\",\"selectionLabel\":\"\",\"showSiteMenu\":true,\"showUnpermittedFiles\":false,\"showUnpermittedVolumes\":false,\"singleUploadLocationSource\":\"volume:febc00ea-0cb7-4ada-9e01-ca7a01332cba\",\"singleUploadLocationSubpath\":\"\",\"source\":null,\"sources\":\"*\",\"targetSiteId\":null,\"useSingleFolder\":true,\"validateRelatedElements\":false,\"viewMode\":\"large\"}','2021-06-01 17:57:55','2021-06-01 18:06:58','a715d2fa-4a49-4753-a6a3-f597d773ff31'),(6,NULL,'Size','size','matrixBlockType:7b8590e5-9338-43a3-9d83-d0fb38e21640','',0,'none',NULL,'craft\\fields\\Dropdown','{\"optgroups\":true,\"options\":[{\"label\":\"Android Chrome 512\",\"value\":\"512\",\"default\":\"1\"},{\"label\":\"Android Chrome 192\",\"value\":\"192\",\"default\":\"\"},{\"label\":\"Apple Touch Icon\",\"value\":\"180\",\"default\":\"\"},{\"label\":\"Favicon 32\",\"value\":\"32\",\"default\":\"\"},{\"label\":\"Favicon 16\",\"value\":\"16\",\"default\":\"\"},{\"label\":\"Favicon\",\"value\":\"ico\",\"default\":\"\"}]}','2021-06-01 17:57:57','2021-06-01 17:57:57','cf980bcd-2897-41a6-8710-9e1ba33d8bc7'),(7,1,'Menu','menu','global','',0,'site',NULL,'craft\\fields\\Matrix','{\"contentTable\":\"{{%matrixcontent_menu}}\",\"maxBlocks\":\"7\",\"minBlocks\":\"1\",\"propagationMethod\":\"all\"}','2021-06-02 00:48:22','2021-06-02 00:48:22','abcad323-6d7b-4adf-be0a-6d902ae0a91d'),(8,NULL,'Hyperlink','hyperlink','matrixBlockType:4624d09c-1abb-4565-8874-2b217d94676e','',0,'none',NULL,'craft\\fields\\PlainText','{\"byteLimit\":null,\"charLimit\":null,\"code\":\"\",\"columnType\":null,\"initialRows\":\"4\",\"multiline\":\"\",\"placeholder\":null,\"uiMode\":\"normal\"}','2021-06-02 00:48:25','2021-06-02 01:39:08','142e272e-62fe-4459-80f7-7568b9b54c2e'),(9,NULL,'Caption','caption','matrixBlockType:4624d09c-1abb-4565-8874-2b217d94676e','',0,'none',NULL,'craft\\fields\\PlainText','{\"byteLimit\":null,\"charLimit\":null,\"code\":\"\",\"columnType\":null,\"initialRows\":\"4\",\"multiline\":\"\",\"placeholder\":null,\"uiMode\":\"normal\"}','2021-06-02 00:48:26','2021-06-02 00:48:26','a09f8971-26c8-45a7-9c54-3043d9b007e7'),(10,1,'Office','office','global','',0,'site',NULL,'craft\\fields\\Matrix','{\"contentTable\":\"{{%matrixcontent_office}}\",\"maxBlocks\":\"\",\"minBlocks\":\"\",\"propagationMethod\":\"all\"}','2021-06-02 03:14:42','2021-06-02 03:14:42','7147aec6-4c49-4d7c-be79-3e9e57b5991f'),(11,NULL,'Kind','kind','matrixBlockType:1f54c6f1-2175-484a-a90d-0da70e60cb44','',0,'none',NULL,'craft\\fields\\Dropdown','{\"optgroups\":true,\"options\":[{\"label\":\"City\",\"value\":\"city\",\"default\":\"\"},{\"label\":\"Street\",\"value\":\"street\",\"default\":\"\"},{\"label\":\"Phone\",\"value\":\"phone\",\"default\":\"\"},{\"label\":\"mailbox\",\"value\":\"mailbox\",\"default\":\"\"}]}','2021-06-02 03:14:45','2021-06-02 03:14:45','da3eb716-b972-4921-a6be-046765e50ae5'),(12,NULL,'Property','property','matrixBlockType:1f54c6f1-2175-484a-a90d-0da70e60cb44','',0,'none',NULL,'craft\\fields\\PlainText','{\"byteLimit\":null,\"charLimit\":null,\"code\":\"\",\"columnType\":null,\"initialRows\":\"4\",\"multiline\":\"\",\"placeholder\":null,\"uiMode\":\"normal\"}','2021-06-02 03:14:45','2021-06-02 03:14:45','fe2b0a98-b797-441b-8e3d-5c1177236ca5'),(13,1,'Description','description','global','',0,'none',NULL,'craft\\redactor\\Field','{\"availableTransforms\":\"*\",\"availableVolumes\":\"*\",\"cleanupHtml\":true,\"columnType\":\"text\",\"configSelectionMode\":\"choose\",\"defaultTransform\":\"\",\"manualConfig\":\"\",\"purifierConfig\":\"\",\"purifyHtml\":\"1\",\"redactorConfig\":\"\",\"removeEmptyTags\":\"1\",\"removeInlineStyles\":\"1\",\"removeNbsp\":\"1\",\"showHtmlButtonForNonAdmins\":\"\",\"showUnpermittedFiles\":false,\"showUnpermittedVolumes\":false,\"uiMode\":\"enlarged\"}','2021-06-02 23:03:50','2021-06-02 23:03:50','ae6edc1c-08c3-4c93-bd2e-f015dd0f7a10'),(14,1,'Featured Image','featuredImage','global','',0,'site',NULL,'craft\\fields\\Assets','{\"allowSelfRelations\":false,\"allowUploads\":true,\"allowedKinds\":[\"image\"],\"defaultUploadLocationSource\":\"volume:4d5610a8-c2cd-489b-9b3c-98dc59f9888e\",\"defaultUploadLocationSubpath\":\"\",\"limit\":\"1\",\"localizeRelations\":false,\"previewMode\":\"full\",\"restrictFiles\":\"1\",\"selectionLabel\":\"\",\"showSiteMenu\":true,\"showUnpermittedFiles\":false,\"showUnpermittedVolumes\":false,\"singleUploadLocationSource\":\"volume:4d5610a8-c2cd-489b-9b3c-98dc59f9888e\",\"singleUploadLocationSubpath\":\"\",\"source\":null,\"sources\":\"*\",\"targetSiteId\":null,\"useSingleFolder\":true,\"validateRelatedElements\":false,\"viewMode\":\"large\"}','2021-06-02 23:24:53','2021-06-03 00:27:20','e369312b-a4cf-4113-8a08-3797a3b98319'),(17,NULL,'Icon','icon','matrixBlockType:4624d09c-1abb-4565-8874-2b217d94676e','',0,'none',NULL,'craft\\fields\\PlainText','{\"byteLimit\":null,\"charLimit\":null,\"code\":\"\",\"columnType\":null,\"initialRows\":\"4\",\"multiline\":\"\",\"placeholder\":null,\"uiMode\":\"normal\"}','2021-06-03 03:38:32','2021-06-03 03:38:32','9b60f33c-05a5-485d-bd65-3eb4bb3ab1e4'),(22,1,'Process','process','global','',0,'site',NULL,'craft\\fields\\Matrix','{\"contentTable\":\"{{%matrixcontent_process}}\",\"maxBlocks\":\"\",\"minBlocks\":\"\",\"propagationMethod\":\"all\"}','2021-06-03 13:55:28','2021-06-03 13:55:28','c0197541-100f-48fd-8943-da38e9e12221'),(23,NULL,'Caption','caption','matrixBlockType:9b8542e7-df13-4299-a253-c8066e92f75f','',0,'none',NULL,'craft\\fields\\PlainText','{\"byteLimit\":null,\"charLimit\":null,\"code\":\"\",\"columnType\":null,\"initialRows\":\"4\",\"multiline\":\"\",\"placeholder\":null,\"uiMode\":\"normal\"}','2021-06-03 13:55:31','2021-06-03 13:55:31','1a97a38d-2f2e-4ae4-bb58-892785b8f2c3'),(24,NULL,'Description','description','matrixBlockType:9b8542e7-df13-4299-a253-c8066e92f75f','',0,'none',NULL,'craft\\redactor\\Field','{\"availableTransforms\":\"*\",\"availableVolumes\":\"*\",\"cleanupHtml\":true,\"columnType\":\"text\",\"configSelectionMode\":\"choose\",\"defaultTransform\":\"\",\"manualConfig\":\"\",\"purifierConfig\":\"\",\"purifyHtml\":\"1\",\"redactorConfig\":\"\",\"removeEmptyTags\":\"1\",\"removeInlineStyles\":\"1\",\"removeNbsp\":\"1\",\"showHtmlButtonForNonAdmins\":\"\",\"showUnpermittedFiles\":false,\"showUnpermittedVolumes\":false,\"uiMode\":\"enlarged\"}','2021-06-03 13:55:31','2021-06-03 13:55:31','3d6e0d5b-904d-4dc1-a883-aae147c21e2f'),(25,1,'Services','services','global','',0,'site',NULL,'craft\\fields\\Matrix','{\"contentTable\":\"{{%matrixcontent_services}}\",\"maxBlocks\":\"\",\"minBlocks\":\"\",\"propagationMethod\":\"all\"}','2021-06-03 14:54:33','2021-06-03 14:54:33','1c6fe872-b1b5-4713-9fb6-36bb532706b4'),(26,NULL,'Description','description','matrixBlockType:2b526533-c087-4758-8b62-575ce781cfb6','',0,'none',NULL,'craft\\redactor\\Field','{\"availableTransforms\":\"*\",\"availableVolumes\":\"*\",\"cleanupHtml\":true,\"columnType\":\"text\",\"configSelectionMode\":\"choose\",\"defaultTransform\":\"\",\"manualConfig\":\"\",\"purifierConfig\":\"\",\"purifyHtml\":\"1\",\"redactorConfig\":\"\",\"removeEmptyTags\":\"1\",\"removeInlineStyles\":\"1\",\"removeNbsp\":\"1\",\"showHtmlButtonForNonAdmins\":\"\",\"showUnpermittedFiles\":false,\"showUnpermittedVolumes\":false,\"uiMode\":\"enlarged\"}','2021-06-03 14:54:36','2021-06-03 14:54:36','2a925371-677a-4b65-8d1e-d5b9c4a46511'),(27,NULL,'Caption','caption','matrixBlockType:2b526533-c087-4758-8b62-575ce781cfb6','',0,'none',NULL,'craft\\fields\\PlainText','{\"byteLimit\":null,\"charLimit\":null,\"code\":\"\",\"columnType\":null,\"initialRows\":\"4\",\"multiline\":\"\",\"placeholder\":null,\"uiMode\":\"normal\"}','2021-06-03 14:54:39','2021-06-03 14:54:39','6014bb6a-6e03-4781-90ae-99fdebb755ca'),(28,NULL,'Icon','icon','matrixBlockType:2b526533-c087-4758-8b62-575ce781cfb6','',0,'site',NULL,'craft\\fields\\Assets','{\"allowSelfRelations\":false,\"allowUploads\":true,\"allowedKinds\":[\"image\",\"svg\"],\"defaultUploadLocationSource\":\"volume:ea80c8ea-0e29-471d-8525-89a167607dcb\",\"defaultUploadLocationSubpath\":\"\",\"limit\":\"1\",\"localizeRelations\":false,\"previewMode\":\"full\",\"restrictFiles\":\"1\",\"selectionLabel\":\"\",\"showSiteMenu\":true,\"showUnpermittedFiles\":false,\"showUnpermittedVolumes\":false,\"singleUploadLocationSource\":\"volume:4d5610a8-c2cd-489b-9b3c-98dc59f9888e\",\"singleUploadLocationSubpath\":\"\",\"source\":null,\"sources\":\"*\",\"targetSiteId\":null,\"useSingleFolder\":false,\"validateRelatedElements\":false,\"viewMode\":\"list\"}','2021-06-03 14:54:39','2021-06-03 15:16:07','c9921f88-75bb-4619-a6d8-c95806b75191'),(29,1,'Portfolio','portfolio','global','',0,'site',NULL,'craft\\fields\\Matrix','{\"contentTable\":\"{{%matrixcontent_portfolio}}\",\"maxBlocks\":\"\",\"minBlocks\":\"\",\"propagationMethod\":\"all\"}','2021-06-04 01:24:40','2021-06-04 01:24:40','1ed7075e-13cf-4a7b-9641-3eac2e130ce5'),(30,NULL,'Category','category','matrixBlockType:80b52e80-1034-4322-a2a4-ff790554b9ae','',0,'site',NULL,'craft\\fields\\Categories','{\"allowLimit\":false,\"allowMultipleSources\":false,\"allowSelfRelations\":false,\"branchLimit\":\"1\",\"limit\":null,\"localizeRelations\":false,\"selectionLabel\":\"\",\"showSiteMenu\":true,\"source\":\"group:cd85444c-6f1f-4ef8-be46-b4f3f40cdf21\",\"sources\":\"*\",\"targetSiteId\":null,\"validateRelatedElements\":false,\"viewMode\":null}','2021-06-04 01:24:44','2021-06-04 02:41:15','d831fe25-ce30-4ff5-95d6-61a8ce2ddbf2'),(31,NULL,'Caption','caption','matrixBlockType:80b52e80-1034-4322-a2a4-ff790554b9ae','',0,'none',NULL,'craft\\fields\\PlainText','{\"byteLimit\":null,\"charLimit\":null,\"code\":\"\",\"columnType\":null,\"initialRows\":\"4\",\"multiline\":\"\",\"placeholder\":null,\"uiMode\":\"normal\"}','2021-06-04 01:24:44','2021-06-04 01:24:44','f43f331d-31cd-4b51-8cef-2127c175d3b4'),(32,NULL,'Project','project','matrixBlockType:80b52e80-1034-4322-a2a4-ff790554b9ae','',0,'none',NULL,'craft\\fields\\PlainText','{\"byteLimit\":null,\"charLimit\":null,\"code\":\"\",\"columnType\":null,\"initialRows\":\"4\",\"multiline\":\"\",\"placeholder\":null,\"uiMode\":\"normal\"}','2021-06-04 01:40:29','2021-06-04 01:40:29','916eaaa3-67a6-4502-8db7-0b1c0ef7789d'),(33,NULL,'Description','description','matrixBlockType:80b52e80-1034-4322-a2a4-ff790554b9ae','',0,'none',NULL,'craft\\redactor\\Field','{\"availableTransforms\":\"*\",\"availableVolumes\":\"*\",\"cleanupHtml\":true,\"columnType\":\"text\",\"configSelectionMode\":\"choose\",\"defaultTransform\":\"\",\"manualConfig\":\"\",\"purifierConfig\":\"\",\"purifyHtml\":\"1\",\"redactorConfig\":\"\",\"removeEmptyTags\":\"1\",\"removeInlineStyles\":\"1\",\"removeNbsp\":\"1\",\"showHtmlButtonForNonAdmins\":\"\",\"showUnpermittedFiles\":false,\"showUnpermittedVolumes\":false,\"uiMode\":\"enlarged\"}','2021-06-04 01:40:29','2021-06-04 01:40:29','302676b6-7a8f-4bdd-88d7-87e82a569026'),(34,NULL,'HyperLink','hyperlink','matrixBlockType:80b52e80-1034-4322-a2a4-ff790554b9ae','',0,'none',NULL,'craft\\fields\\Url','{\"maxLength\":\"255\",\"placeholder\":null,\"types\":[\"url\"]}','2021-06-04 01:40:29','2021-06-04 01:40:29','c4e4235e-877b-45a7-89ff-b54e138b2d17'),(38,NULL,'Retina','retina','matrixBlockType:80b52e80-1034-4322-a2a4-ff790554b9ae','',0,'site',NULL,'craft\\fields\\Assets','{\"allowSelfRelations\":false,\"allowUploads\":true,\"allowedKinds\":[\"image\"],\"defaultUploadLocationSource\":\"volume:e57bd544-ae5e-48e4-9e5c-a22ad56d701d\",\"defaultUploadLocationSubpath\":\"\",\"limit\":\"1\",\"localizeRelations\":false,\"previewMode\":\"full\",\"restrictFiles\":\"1\",\"selectionLabel\":\"\",\"showSiteMenu\":true,\"showUnpermittedFiles\":false,\"showUnpermittedVolumes\":false,\"singleUploadLocationSource\":\"volume:4d5610a8-c2cd-489b-9b3c-98dc59f9888e\",\"singleUploadLocationSubpath\":\"\",\"source\":null,\"sources\":\"*\",\"targetSiteId\":null,\"useSingleFolder\":false,\"validateRelatedElements\":false,\"viewMode\":\"large\"}','2021-06-04 02:40:42','2021-06-04 02:41:15','3a2e75a2-4462-43c6-8db6-64d5aef548e8'),(39,NULL,'Full','full','matrixBlockType:80b52e80-1034-4322-a2a4-ff790554b9ae','',0,'site',NULL,'craft\\fields\\Assets','{\"allowSelfRelations\":false,\"allowUploads\":true,\"allowedKinds\":[\"image\"],\"defaultUploadLocationSource\":\"volume:e57bd544-ae5e-48e4-9e5c-a22ad56d701d\",\"defaultUploadLocationSubpath\":\"\",\"limit\":\"1\",\"localizeRelations\":false,\"previewMode\":\"full\",\"restrictFiles\":\"1\",\"selectionLabel\":\"\",\"showSiteMenu\":true,\"showUnpermittedFiles\":false,\"showUnpermittedVolumes\":false,\"singleUploadLocationSource\":\"volume:4d5610a8-c2cd-489b-9b3c-98dc59f9888e\",\"singleUploadLocationSubpath\":\"\",\"source\":null,\"sources\":\"*\",\"targetSiteId\":null,\"useSingleFolder\":false,\"validateRelatedElements\":false,\"viewMode\":\"large\"}','2021-06-04 02:40:42','2021-06-04 02:41:15','701a9b66-586b-4260-bc3b-009a77a6d3d3'),(40,NULL,'Regular','regular','matrixBlockType:80b52e80-1034-4322-a2a4-ff790554b9ae','',0,'site',NULL,'craft\\fields\\Assets','{\"allowSelfRelations\":false,\"allowUploads\":true,\"allowedKinds\":[\"image\"],\"defaultUploadLocationSource\":\"volume:e57bd544-ae5e-48e4-9e5c-a22ad56d701d\",\"defaultUploadLocationSubpath\":\"\",\"limit\":\"1\",\"localizeRelations\":false,\"previewMode\":\"full\",\"restrictFiles\":\"1\",\"selectionLabel\":\"\",\"showSiteMenu\":true,\"showUnpermittedFiles\":false,\"showUnpermittedVolumes\":false,\"singleUploadLocationSource\":\"volume:4d5610a8-c2cd-489b-9b3c-98dc59f9888e\",\"singleUploadLocationSubpath\":\"\",\"source\":null,\"sources\":\"*\",\"targetSiteId\":null,\"useSingleFolder\":false,\"validateRelatedElements\":false,\"viewMode\":\"large\"}','2021-06-04 02:40:42','2021-06-04 02:41:15','53111f06-962f-4c3d-8430-cfefb4d8a4a5'),(41,1,'Testimonials','testimonials','global','',0,'site',NULL,'craft\\fields\\Matrix','{\"contentTable\":\"{{%matrixcontent_testimonials}}\",\"maxBlocks\":\"\",\"minBlocks\":\"\",\"propagationMethod\":\"all\"}','2021-06-04 04:50:17','2021-06-04 04:50:17','779ecba5-f02b-4cf5-b036-af99f83ec426'),(42,NULL,'Company','company','matrixBlockType:71ef5bda-46aa-486a-8884-89725ca1021f','',0,'none',NULL,'craft\\fields\\PlainText','{\"byteLimit\":null,\"charLimit\":null,\"code\":\"\",\"columnType\":null,\"initialRows\":\"4\",\"multiline\":\"\",\"placeholder\":null,\"uiMode\":\"normal\"}','2021-06-04 04:50:20','2021-06-04 04:50:20','0afdc770-a312-481f-9005-4de70c99421b'),(43,NULL,'Avatar','avatar','matrixBlockType:71ef5bda-46aa-486a-8884-89725ca1021f','',0,'site',NULL,'craft\\fields\\Assets','{\"allowSelfRelations\":false,\"allowUploads\":true,\"allowedKinds\":[\"image\"],\"defaultUploadLocationSource\":\"volume:7f377f2b-0a0c-495e-b3bc-c62a6388a0d0\",\"defaultUploadLocationSubpath\":\"\",\"limit\":\"1\",\"localizeRelations\":false,\"previewMode\":\"thumbs\",\"restrictFiles\":\"1\",\"selectionLabel\":\"\",\"showSiteMenu\":true,\"showUnpermittedFiles\":false,\"showUnpermittedVolumes\":false,\"singleUploadLocationSource\":\"volume:4d5610a8-c2cd-489b-9b3c-98dc59f9888e\",\"singleUploadLocationSubpath\":\"\",\"source\":null,\"sources\":\"*\",\"targetSiteId\":null,\"useSingleFolder\":false,\"validateRelatedElements\":false,\"viewMode\":\"list\"}','2021-06-04 04:50:20','2021-06-04 05:13:06','2bbf8a0f-3d22-46bb-95b7-c76ec796dbb1'),(44,NULL,'Cite','cite','matrixBlockType:71ef5bda-46aa-486a-8884-89725ca1021f','',0,'none',NULL,'craft\\redactor\\Field','{\"availableTransforms\":\"*\",\"availableVolumes\":\"*\",\"cleanupHtml\":true,\"columnType\":\"text\",\"configSelectionMode\":\"choose\",\"defaultTransform\":\"\",\"manualConfig\":\"\",\"purifierConfig\":\"\",\"purifyHtml\":\"1\",\"redactorConfig\":\"\",\"removeEmptyTags\":\"1\",\"removeInlineStyles\":\"1\",\"removeNbsp\":\"1\",\"showHtmlButtonForNonAdmins\":\"\",\"showUnpermittedFiles\":false,\"showUnpermittedVolumes\":false,\"uiMode\":\"enlarged\"}','2021-06-04 04:50:20','2021-06-04 04:50:20','459816de-c106-475f-9c6b-7314cf0fd93b'),(45,NULL,'Author','author','matrixBlockType:71ef5bda-46aa-486a-8884-89725ca1021f','',0,'none',NULL,'craft\\fields\\PlainText','{\"byteLimit\":null,\"charLimit\":null,\"code\":\"\",\"columnType\":null,\"initialRows\":\"4\",\"multiline\":\"\",\"placeholder\":null,\"uiMode\":\"normal\"}','2021-06-04 04:50:20','2021-06-04 04:50:20','e6a7f0dd-834b-461b-b550-d3a557df65a0'),(46,1,'Brands','brands','global','',0,'site',NULL,'craft\\fields\\Matrix','{\"contentTable\":\"{{%matrixcontent_brands}}\",\"maxBlocks\":\"\",\"minBlocks\":\"\",\"propagationMethod\":\"all\"}','2021-06-04 05:30:03','2021-06-04 05:30:03','fcf95640-20ba-4747-bb97-d0a18d54944e'),(47,NULL,'Caption','caption','matrixBlockType:9f18f3bf-74c6-4089-ba9e-7dfef6ddf8d6','',0,'none',NULL,'craft\\fields\\PlainText','{\"byteLimit\":null,\"charLimit\":null,\"code\":\"\",\"columnType\":null,\"initialRows\":\"4\",\"multiline\":\"\",\"placeholder\":null,\"uiMode\":\"normal\"}','2021-06-04 05:30:06','2021-06-04 05:30:06','47b82e32-50b6-46fe-83d2-4853d71a1975'),(48,NULL,'Logotype','logotype','matrixBlockType:9f18f3bf-74c6-4089-ba9e-7dfef6ddf8d6','',0,'site',NULL,'craft\\fields\\Assets','{\"allowSelfRelations\":false,\"allowUploads\":true,\"allowedKinds\":[\"image\",\"svg\"],\"defaultUploadLocationSource\":\"volume:069a4290-90de-4c48-a433-ece8bdcee7cd\",\"defaultUploadLocationSubpath\":\"\",\"limit\":\"1\",\"localizeRelations\":false,\"previewMode\":\"full\",\"restrictFiles\":\"1\",\"selectionLabel\":\"\",\"showSiteMenu\":true,\"showUnpermittedFiles\":false,\"showUnpermittedVolumes\":false,\"singleUploadLocationSource\":\"volume:4d5610a8-c2cd-489b-9b3c-98dc59f9888e\",\"singleUploadLocationSubpath\":\"\",\"source\":null,\"sources\":\"*\",\"targetSiteId\":null,\"useSingleFolder\":false,\"validateRelatedElements\":false,\"viewMode\":\"large\"}','2021-06-04 05:30:06','2021-06-04 05:31:55','167dfa2b-0e22-4cc0-806b-304e9304ebf7'),(49,NULL,'Hyperlink','hyperlink','matrixBlockType:9f18f3bf-74c6-4089-ba9e-7dfef6ddf8d6','',0,'none',NULL,'craft\\fields\\Url','{\"maxLength\":\"255\",\"placeholder\":null,\"types\":[\"url\"]}','2021-06-04 05:30:06','2021-06-04 05:30:06','b98c8d5a-c740-42b8-9a7d-4135fd7350a4'),(50,1,'Etiquette','etiquette','global','',0,'site',NULL,'craft\\fields\\Tags','{\"allowLimit\":false,\"allowMultipleSources\":false,\"allowSelfRelations\":false,\"limit\":null,\"localizeRelations\":false,\"selectionLabel\":\"\",\"showSiteMenu\":false,\"source\":\"taggroup:73f18fd1-c9ab-4de2-922a-76b51c6ffd60\",\"sources\":\"*\",\"targetSiteId\":null,\"validateRelatedElements\":false,\"viewMode\":null}','2021-06-04 14:05:22','2021-06-04 14:05:22','6697be4a-8161-4f04-9211-a54645f73722'),(51,NULL,'Caption','caption','matrixBlockType:3ef17c42-1472-419f-95b1-b61e980bf815','',0,'none',NULL,'craft\\fields\\PlainText','{\"byteLimit\":null,\"charLimit\":null,\"code\":\"\",\"columnType\":null,\"initialRows\":\"4\",\"multiline\":\"\",\"placeholder\":null,\"uiMode\":\"normal\"}','2021-06-04 16:47:35','2021-06-04 16:47:35','d0447e58-7964-4909-a7c6-cd0b0700b389'),(52,NULL,'Caption','caption','matrixBlockType:a71a9419-4610-43db-b48b-751cc96b2088','',0,'none',NULL,'craft\\fields\\PlainText','{\"byteLimit\":null,\"charLimit\":null,\"code\":\"\",\"columnType\":null,\"initialRows\":\"4\",\"multiline\":\"\",\"placeholder\":null,\"uiMode\":\"normal\"}','2021-06-04 17:19:37','2021-06-04 17:19:37','320b16b1-359a-4ce8-9f21-859e91a01a3f');
/*!40000 ALTER TABLE `ccsf_fields` ENABLE KEYS */;
UNLOCK TABLES;
commit;

--
-- Dumping data for table `ccsf_globalsets`
--

LOCK TABLES `ccsf_globalsets` WRITE;
/*!40000 ALTER TABLE `ccsf_globalsets` DISABLE KEYS */;
set autocommit=0;
INSERT INTO `ccsf_globalsets` VALUES (2,'Header','header',1,'2021-06-01 00:39:15','2021-06-02 01:28:01','d6d60bb7-e503-4812-ab5f-ea9349c299cb'),(22,'Main Menu','mainMenu',6,'2021-06-02 00:50:14','2021-06-02 00:50:14','1a0a3dd4-48bc-4d00-b82f-79ba84042b54'),(31,'Footer','footer',8,'2021-06-02 03:19:35','2021-06-02 03:19:35','a794e984-f61f-40b6-a464-eefaf93306b8'),(72,'Social Nav','socialNav',13,'2021-06-03 03:36:17','2021-06-03 03:36:17','9a485b58-91c8-46dd-ba4c-cb123b0a7967');
/*!40000 ALTER TABLE `ccsf_globalsets` ENABLE KEYS */;
UNLOCK TABLES;
commit;

--
-- Dumping data for table `ccsf_gqlschemas`
--

LOCK TABLES `ccsf_gqlschemas` WRITE;
/*!40000 ALTER TABLE `ccsf_gqlschemas` DISABLE KEYS */;
set autocommit=0;
/*!40000 ALTER TABLE `ccsf_gqlschemas` ENABLE KEYS */;
UNLOCK TABLES;
commit;

--
-- Dumping data for table `ccsf_gqltokens`
--

LOCK TABLES `ccsf_gqltokens` WRITE;
/*!40000 ALTER TABLE `ccsf_gqltokens` DISABLE KEYS */;
set autocommit=0;
/*!40000 ALTER TABLE `ccsf_gqltokens` ENABLE KEYS */;
UNLOCK TABLES;
commit;

--
-- Dumping data for table `ccsf_info`
--

LOCK TABLES `ccsf_info` WRITE;
/*!40000 ALTER TABLE `ccsf_info` DISABLE KEYS */;
set autocommit=0;
INSERT INTO `ccsf_info` VALUES (1,'3.6.16','3.6.8',0,'lwyfeqcrycgw','ixctpwqxhaup','2021-05-31 13:40:00','2021-06-04 17:19:53','3cd0568a-4641-4285-8122-9a7aebc532ae');
/*!40000 ALTER TABLE `ccsf_info` ENABLE KEYS */;
UNLOCK TABLES;
commit;

--
-- Dumping data for table `ccsf_matrixblocks`
--

LOCK TABLES `ccsf_matrixblocks` WRITE;
/*!40000 ALTER TABLE `ccsf_matrixblocks` DISABLE KEYS */;
set autocommit=0;
INSERT INTO `ccsf_matrixblocks` VALUES (11,2,4,1,1,NULL,'2021-06-01 18:03:06','2021-06-01 18:03:06','66d7cd2e-3a0e-4537-a164-fbc235dd6d6c'),(12,2,4,1,2,NULL,'2021-06-01 18:03:06','2021-06-01 18:03:06','31b18d6c-768a-496e-b1cc-a4c6f70aaa3a'),(13,2,4,1,3,NULL,'2021-06-01 18:03:06','2021-06-01 18:03:06','ac84c153-a308-4b37-9970-90ef9707318a'),(14,2,4,1,4,NULL,'2021-06-01 18:03:06','2021-06-01 18:03:06','f73041c9-27d1-4c13-aa5f-e5e40339dd09'),(15,2,4,1,5,NULL,'2021-06-01 18:03:06','2021-06-01 18:03:06','7ef9e648-468b-4ad2-9852-265ed884319f'),(17,2,4,1,6,NULL,'2021-06-01 18:16:22','2021-06-01 18:16:22','79b9d598-26bc-418e-97dd-cfee765669c2'),(23,22,7,2,1,1,'2021-06-02 00:52:52','2021-06-02 00:52:52','85d0c063-1cae-4ab4-aa1c-ebf4d8cc4495'),(24,22,7,2,2,1,'2021-06-02 00:52:52','2021-06-02 00:52:52','71ee318e-ac92-4f8f-b6cd-5c302b3058d8'),(25,22,7,2,3,1,'2021-06-02 00:52:52','2021-06-02 00:52:52','40bf4fd4-01cd-453c-8a55-ca9a746502db'),(26,22,7,2,4,1,'2021-06-02 00:52:52','2021-06-02 00:52:52','993118d0-3c19-425e-94ec-75018bbe4188'),(27,2,7,2,1,NULL,'2021-06-02 01:33:44','2021-06-02 01:33:44','a7e8e914-637e-4a0f-8d2b-180b810456e7'),(28,2,7,2,2,NULL,'2021-06-02 01:33:44','2021-06-02 01:33:44','a11d8365-ff3c-45b6-b2f7-6c623d30f45b'),(29,2,7,2,3,NULL,'2021-06-02 01:33:44','2021-06-02 01:33:44','c45180d3-b9df-44e3-af6f-b44717a86af2'),(30,2,7,2,4,NULL,'2021-06-02 01:33:44','2021-06-02 01:33:44','7ce67514-9cca-424b-82e5-744520f70b7a'),(32,31,10,3,2,NULL,'2021-06-02 03:24:41','2021-06-04 17:22:04','a6f7e35f-fd05-48fc-bfc6-eb94874b1f72'),(33,31,10,3,3,NULL,'2021-06-02 03:24:41','2021-06-04 17:22:05','0249c51c-174e-4273-ba74-5a439011de1b'),(34,31,10,3,4,NULL,'2021-06-02 03:24:41','2021-06-04 17:22:05','7b5556ee-c31d-47cd-bbb9-3d0be229a9c7'),(35,31,10,3,5,NULL,'2021-06-02 03:24:41','2021-06-04 17:22:05','5afff6fc-fee7-48cf-97b7-7008c9807693'),(36,31,7,2,1,NULL,'2021-06-02 03:24:41','2021-06-02 03:24:41','df065b90-d4cd-4d30-b59f-f0f4c9c7daa1'),(37,31,7,2,2,NULL,'2021-06-02 03:24:41','2021-06-02 03:24:41','10c2d59a-6783-45c0-8406-8870900e5e8f'),(38,31,7,2,3,NULL,'2021-06-02 03:24:41','2021-06-02 03:24:41','a5ff06f9-80bc-4973-9043-e02e54794c13'),(39,31,7,2,4,NULL,'2021-06-02 03:24:41','2021-06-02 03:24:41','29384f4b-ae93-4557-afad-245f82be466d'),(73,72,7,2,2,NULL,'2021-06-03 03:41:11','2021-06-04 16:49:07','de81ec50-020f-4cb4-beb8-f816b418a41e'),(74,72,7,2,3,NULL,'2021-06-03 03:41:11','2021-06-04 16:49:08','344c5e57-1f1e-4ec7-bf62-c7650c3a1d90'),(75,72,7,2,4,NULL,'2021-06-03 03:41:11','2021-06-04 16:49:08','bdda6227-2cd1-49ff-843d-3072143599be'),(76,72,7,2,5,NULL,'2021-06-03 03:41:11','2021-06-04 16:49:08','35790064-ebf7-4fe8-9fbc-b8730e62f482'),(92,67,22,6,1,NULL,'2021-06-03 14:00:38','2021-06-03 14:00:38','8df317f2-44a1-4fa6-936d-3238f70be29d'),(93,67,22,6,2,NULL,'2021-06-03 14:00:38','2021-06-03 14:00:38','3afa9a6a-210e-4343-b5d0-aeb9bed630e9'),(94,67,22,6,3,NULL,'2021-06-03 14:00:38','2021-06-03 14:00:38','bff9d62e-2bbf-4e5a-85af-db0df8612576'),(95,67,22,6,4,NULL,'2021-06-03 14:00:38','2021-06-03 14:00:38','f8fc3eaf-4bf9-4fb5-84d4-9dc3d2483fb5'),(97,96,22,6,1,NULL,'2021-06-03 14:00:38','2021-06-03 14:00:38','5d8f6521-f1da-413b-8371-306573dffbb6'),(98,96,22,6,2,NULL,'2021-06-03 14:00:38','2021-06-03 14:00:38','78583ac1-29f8-41bd-a92a-728cf946528a'),(99,96,22,6,3,NULL,'2021-06-03 14:00:38','2021-06-03 14:00:38','d64b06fa-24c1-4db3-9a62-f97be553964d'),(100,96,22,6,4,NULL,'2021-06-03 14:00:38','2021-06-03 14:00:38','41d5ab04-fefd-481d-a5a5-3008a666c79a'),(102,101,22,6,1,NULL,'2021-06-03 14:55:44','2021-06-03 14:55:44','dbc5b886-0712-465a-af4b-45b5b3768674'),(103,101,22,6,2,NULL,'2021-06-03 14:55:44','2021-06-03 14:55:44','35fb5ddf-e76b-4b09-b735-751b6e8e5f4a'),(104,101,22,6,3,NULL,'2021-06-03 14:55:44','2021-06-03 14:55:44','03bc2389-ccde-4855-8cf5-ddaf47a7b458'),(105,101,22,6,4,NULL,'2021-06-03 14:55:44','2021-06-03 14:55:44','51a0672e-cd19-4cac-95f7-464a86e16472'),(112,67,25,7,1,NULL,'2021-06-03 15:07:57','2021-06-03 15:07:57','d3f9f28b-b0bb-45d5-802f-f4c94d0be438'),(113,67,25,7,2,NULL,'2021-06-03 15:07:57','2021-06-03 15:07:57','1f3e0ca2-140e-4c23-849e-98553a9850aa'),(114,67,25,7,3,NULL,'2021-06-03 15:07:57','2021-06-03 15:07:57','0894be01-988e-4529-b0d1-1202474e7317'),(115,67,25,7,4,NULL,'2021-06-03 15:07:57','2021-06-03 15:07:57','03f7d271-c189-42b9-ad90-836c43653553'),(116,67,25,7,5,NULL,'2021-06-03 15:07:57','2021-06-03 15:07:57','1a2e7ee7-cdab-4d64-b272-358c1f14d546'),(117,67,25,7,6,NULL,'2021-06-03 15:07:57','2021-06-03 15:07:57','d39979d5-317e-481a-a081-1ed50caf0684'),(119,118,22,6,1,NULL,'2021-06-03 15:08:01','2021-06-03 15:08:01','91025e39-510a-4ee6-95b4-483d9b6d95f9'),(120,118,22,6,2,NULL,'2021-06-03 15:08:01','2021-06-03 15:08:01','540acfa6-7935-4b39-8742-593bf9ea503e'),(121,118,22,6,3,NULL,'2021-06-03 15:08:01','2021-06-03 15:08:01','244731da-6f92-425a-894d-49d28414161b'),(122,118,22,6,4,NULL,'2021-06-03 15:08:01','2021-06-03 15:08:01','9ebde948-8407-4bcb-a036-ddcf27657adc'),(123,118,25,7,1,NULL,'2021-06-03 15:08:01','2021-06-03 15:08:01','ead9c834-9add-43be-893a-86ba7519d0c7'),(124,118,25,7,2,NULL,'2021-06-03 15:08:01','2021-06-03 15:08:01','88176774-c8cd-4e8a-8730-25f236c9ef12'),(125,118,25,7,3,NULL,'2021-06-03 15:08:01','2021-06-03 15:08:01','6be6d692-b552-4fa7-8fbc-bc7d00e63d06'),(126,118,25,7,4,NULL,'2021-06-03 15:08:01','2021-06-03 15:08:01','53f33590-3dd2-4df0-b4c0-dc9d0f79f6e9'),(127,118,25,7,5,NULL,'2021-06-03 15:08:01','2021-06-03 15:08:01','415f1b88-f14c-415b-9ecc-dfeb5e9353db'),(128,118,25,7,6,NULL,'2021-06-03 15:08:01','2021-06-03 15:08:01','50933602-e715-446e-bd8f-2b14625944d7'),(130,129,22,6,1,NULL,'2021-06-03 15:08:53','2021-06-03 15:08:53','d78d0385-8179-466e-9ba5-4ad6269880ed'),(131,129,22,6,2,NULL,'2021-06-03 15:08:53','2021-06-03 15:08:53','96e33e79-b0ea-46a2-b5f8-36c9bc4ac22c'),(132,129,22,6,3,NULL,'2021-06-03 15:08:54','2021-06-03 15:08:54','5714b2d5-043f-4296-bba6-5142a40f8875'),(133,129,22,6,4,NULL,'2021-06-03 15:08:54','2021-06-03 15:08:54','3e538f82-ec5c-4e76-a897-7f47ad84e9a2'),(134,129,25,7,1,NULL,'2021-06-03 15:08:54','2021-06-03 15:08:54','a18ccc50-dc1e-4f85-a053-c0a63ab390c9'),(135,129,25,7,2,NULL,'2021-06-03 15:08:54','2021-06-03 15:08:54','2ae15b49-83c7-406b-8df5-cd3ed01682d8'),(136,129,25,7,3,NULL,'2021-06-03 15:08:54','2021-06-03 15:08:54','e2fcda64-56a9-429f-ad82-8fd4d5f82494'),(137,129,25,7,4,NULL,'2021-06-03 15:08:54','2021-06-03 15:08:54','491f2341-22f0-4d67-b66b-1818132c0ad4'),(138,129,25,7,5,NULL,'2021-06-03 15:08:54','2021-06-03 15:08:54','69364003-1dbe-40f9-8af1-3576ff2bcae6'),(139,129,25,7,6,NULL,'2021-06-03 15:08:54','2021-06-03 15:08:54','f616b31a-b519-4644-b8c4-bc6480d191b8'),(147,146,22,6,1,NULL,'2021-06-03 15:17:58','2021-06-03 15:17:58','8135b2f3-0493-4569-af95-dc134918127a'),(148,146,22,6,2,NULL,'2021-06-03 15:17:58','2021-06-03 15:17:58','fe2125da-f5e8-4060-b2b3-9810ce3ae651'),(149,146,22,6,3,NULL,'2021-06-03 15:17:59','2021-06-03 15:17:59','741b869e-3035-4790-993f-3365e3340407'),(150,146,22,6,4,NULL,'2021-06-03 15:17:59','2021-06-03 15:17:59','2232fd40-fee5-44d9-8009-59e9e845f9c1'),(151,146,25,7,1,NULL,'2021-06-03 15:17:59','2021-06-03 15:17:59','902d682e-1836-4a8e-8a41-902fea3cd47f'),(152,146,25,7,2,NULL,'2021-06-03 15:17:59','2021-06-03 15:17:59','862b1a93-4291-4e64-9683-1f1700a1e2f4'),(153,146,25,7,3,NULL,'2021-06-03 15:17:59','2021-06-03 15:17:59','96cec65c-b7c0-4149-8562-4277573e589b'),(154,146,25,7,4,NULL,'2021-06-03 15:17:59','2021-06-03 15:17:59','3a7db61b-6399-48dc-9a50-9905a6de4e4c'),(155,146,25,7,5,NULL,'2021-06-03 15:17:59','2021-06-03 15:17:59','5dc8c637-4072-4389-ac99-e1a5b6844f09'),(156,146,25,7,6,NULL,'2021-06-03 15:17:59','2021-06-03 15:17:59','8a39619c-8243-4e77-ac8d-1b8942b971db'),(160,159,25,7,1,NULL,'2021-06-04 01:41:54','2021-06-04 01:41:54','5fef4c97-cab5-458d-b114-f560aee97a4b'),(161,159,25,7,2,NULL,'2021-06-04 01:41:54','2021-06-04 01:41:54','7704e8db-80f0-4164-8b5b-4ebb3f8d68fb'),(162,159,25,7,3,NULL,'2021-06-04 01:41:54','2021-06-04 01:41:54','9599436f-b58d-4a6d-81e6-0b5e498e025a'),(163,159,25,7,4,NULL,'2021-06-04 01:41:56','2021-06-04 01:41:56','b9e1247d-2978-4bac-8a37-1953b4f06d5f'),(164,159,25,7,5,NULL,'2021-06-04 01:41:56','2021-06-04 01:41:56','96ee508e-5e1d-4b95-bd7d-68fd933adb28'),(165,159,25,7,6,NULL,'2021-06-04 01:41:56','2021-06-04 01:41:56','45a85355-41b4-4fa9-9e2f-b5d42a45d1af'),(166,159,22,6,1,NULL,'2021-06-04 01:41:56','2021-06-04 01:41:56','0567666b-f22d-4102-9ff4-061e7e8719bf'),(167,159,22,6,2,NULL,'2021-06-04 01:41:56','2021-06-04 01:41:56','51a6e1b2-d50d-4a98-8191-ad99ae5c1a5e'),(168,159,22,6,3,NULL,'2021-06-04 01:41:56','2021-06-04 01:41:56','f4a88e84-dfb8-442c-aee2-b05c17fa3b25'),(169,159,22,6,4,NULL,'2021-06-04 01:41:56','2021-06-04 01:41:56','b1587489-ce8c-4d54-9f54-0d103fbebb43'),(170,67,29,8,1,NULL,'2021-06-04 02:24:17','2021-06-04 02:24:17','b0788c6a-013b-41b5-9d16-6e5db75f930b'),(172,171,29,8,1,NULL,'2021-06-04 02:24:25','2021-06-04 02:24:25','17da2790-d6c3-4988-9221-049c7cabd5e0'),(173,171,25,7,1,NULL,'2021-06-04 02:24:25','2021-06-04 02:24:25','a7870a42-17bc-4d46-bbde-2c1e602d44bc'),(174,171,25,7,2,NULL,'2021-06-04 02:24:25','2021-06-04 02:24:25','67e0ea21-c34a-4e6f-b719-6e13d23ad517'),(175,171,25,7,3,NULL,'2021-06-04 02:24:25','2021-06-04 02:24:25','3a2fbd14-2838-4fa6-9afe-e18509037007'),(176,171,25,7,4,NULL,'2021-06-04 02:24:25','2021-06-04 02:24:25','98e0fd51-89c8-4008-9c46-52c43266683f'),(177,171,25,7,5,NULL,'2021-06-04 02:24:25','2021-06-04 02:24:25','02053879-d2f4-4c26-b364-5f610bbfb73e'),(178,171,25,7,6,NULL,'2021-06-04 02:24:25','2021-06-04 02:24:25','b0c45520-66c2-425b-8a3c-b75cc1138eb5'),(179,171,22,6,1,NULL,'2021-06-04 02:24:25','2021-06-04 02:24:25','411ba0f0-efca-4d56-b7dc-f7c9af253622'),(180,171,22,6,2,NULL,'2021-06-04 02:24:25','2021-06-04 02:24:25','38b2a81e-e33f-426b-ba3b-4bd0c326bda0'),(181,171,22,6,3,NULL,'2021-06-04 02:24:25','2021-06-04 02:24:25','273b0dbb-217f-483b-a68f-8107ee88b5c8'),(182,171,22,6,4,NULL,'2021-06-04 02:24:25','2021-06-04 02:24:25','84ad2ac9-9b05-409d-9a05-08419202bb0a'),(202,67,29,8,2,NULL,'2021-06-04 02:49:13','2021-06-04 02:49:13','07b3ad56-b6f4-4ad4-8514-08ac219907ed'),(203,67,29,8,3,NULL,'2021-06-04 02:49:13','2021-06-04 02:49:13','2185c4fe-e3a9-4623-94af-98bdb91cf8d0'),(204,67,29,8,4,NULL,'2021-06-04 02:49:14','2021-06-04 02:49:14','9f0b8b80-d5b9-4a01-afb4-053a373bde5b'),(205,67,29,8,5,NULL,'2021-06-04 02:49:14','2021-06-04 02:49:14','0a7e6c39-c227-4026-ba00-0302a1bca8b0'),(206,67,29,8,6,NULL,'2021-06-04 02:49:14','2021-06-04 02:49:14','943009b3-b8fc-4dec-80ec-4baf474014b9'),(208,207,29,8,1,NULL,'2021-06-04 02:49:16','2021-06-04 02:49:16','1e0ecd90-cb91-4f4d-824e-765efcd76aef'),(209,207,29,8,2,NULL,'2021-06-04 02:49:16','2021-06-04 02:49:16','36888892-63e8-4123-84f1-4e64d77cb41a'),(210,207,29,8,3,NULL,'2021-06-04 02:49:16','2021-06-04 02:49:16','de508067-63b8-47be-90dd-5330adec984c'),(211,207,29,8,4,NULL,'2021-06-04 02:49:16','2021-06-04 02:49:16','cae42031-3fcc-43c2-bbf0-5f3588526c1c'),(212,207,29,8,5,NULL,'2021-06-04 02:49:16','2021-06-04 02:49:16','dc04bbfd-47a8-4319-8a78-8f77c6d8cb28'),(213,207,29,8,6,NULL,'2021-06-04 02:49:16','2021-06-04 02:49:16','8f4c4efd-b640-4897-9e87-4312906f68ae'),(214,207,25,7,1,NULL,'2021-06-04 02:49:16','2021-06-04 02:49:16','749b0524-1ce5-4ba7-9dbe-8df41cc2c880'),(215,207,25,7,2,NULL,'2021-06-04 02:49:16','2021-06-04 02:49:16','2698d941-5263-4c68-8980-b7faccb8d7f8'),(216,207,25,7,3,NULL,'2021-06-04 02:49:16','2021-06-04 02:49:16','421781a5-1da7-4cf6-aca5-37587bb035f1'),(217,207,25,7,4,NULL,'2021-06-04 02:49:16','2021-06-04 02:49:16','a776aa17-bb37-4433-bdc7-1442eaaff6e2'),(218,207,25,7,5,NULL,'2021-06-04 02:49:16','2021-06-04 02:49:16','b46a7d2e-af8b-41ed-baf3-bf5d651fc50b'),(219,207,25,7,6,NULL,'2021-06-04 02:49:16','2021-06-04 02:49:16','71e1d397-2acd-47bb-aa9d-e949ec945e2e'),(220,207,22,6,1,NULL,'2021-06-04 02:49:16','2021-06-04 02:49:16','60b15767-83c6-4491-8970-b7d8835e9149'),(221,207,22,6,2,NULL,'2021-06-04 02:49:17','2021-06-04 02:49:17','134de385-3fec-4390-b1b3-f03a6b37fc3f'),(222,207,22,6,3,NULL,'2021-06-04 02:49:17','2021-06-04 02:49:17','ddd66230-e29b-4bf7-9b59-38c1bb0e741a'),(223,207,22,6,4,NULL,'2021-06-04 02:49:17','2021-06-04 02:49:17','8d4b2cce-3a1c-4a79-ac96-9f5898ef57ac'),(225,224,29,8,1,NULL,'2021-06-04 04:54:16','2021-06-04 04:54:16','14eb0bb7-4887-4d33-93c0-479b42086e8a'),(226,224,29,8,2,NULL,'2021-06-04 04:54:16','2021-06-04 04:54:16','acdef88e-1de7-4b80-8b26-96d46388c877'),(227,224,29,8,3,NULL,'2021-06-04 04:54:20','2021-06-04 04:54:20','b359b4bd-86e0-4666-89ed-f4f1780538c2'),(228,224,29,8,4,NULL,'2021-06-04 04:54:20','2021-06-04 04:54:20','3f917ba6-b6cb-4717-ac21-afe2e9231ed8'),(229,224,29,8,5,NULL,'2021-06-04 04:54:20','2021-06-04 04:54:20','4fc94659-8eca-476f-a115-d38f6a043330'),(230,224,29,8,6,NULL,'2021-06-04 04:54:20','2021-06-04 04:54:20','b997b552-7b51-4063-8625-92c6becc7959'),(231,224,25,7,1,NULL,'2021-06-04 04:54:20','2021-06-04 04:54:20','6616c328-20b9-4d17-bbf8-62c37e6dc281'),(232,224,25,7,2,NULL,'2021-06-04 04:54:20','2021-06-04 04:54:20','8f35b394-3ca5-4e2e-bfe8-b54e9eb11609'),(233,224,25,7,3,NULL,'2021-06-04 04:54:20','2021-06-04 04:54:20','4029437b-a7e6-4051-911a-a38c0f9397e6'),(234,224,25,7,4,NULL,'2021-06-04 04:54:20','2021-06-04 04:54:20','cf587d6a-a7ab-4348-85f7-86a192b1a583'),(235,224,25,7,5,NULL,'2021-06-04 04:54:20','2021-06-04 04:54:20','f5f387a6-49e4-462b-895a-b5dfdd294e7c'),(236,224,25,7,6,NULL,'2021-06-04 04:54:20','2021-06-04 04:54:20','c5e6baa3-1bf5-4061-ae60-2dacda51b19b'),(237,224,22,6,1,NULL,'2021-06-04 04:54:20','2021-06-04 04:54:20','0ba7d3e0-622f-40a5-bfe1-348f95e57b81'),(238,224,22,6,2,NULL,'2021-06-04 04:54:20','2021-06-04 04:54:20','217963a8-303a-48f7-b316-da19d3c854ec'),(239,224,22,6,3,NULL,'2021-06-04 04:54:20','2021-06-04 04:54:20','ffa0d704-b547-46a9-9f66-254730ce3ceb'),(240,224,22,6,4,NULL,'2021-06-04 04:54:22','2021-06-04 04:54:22','5bcc8ff7-8974-45a8-93f5-b4156c586c50'),(245,67,41,10,1,NULL,'2021-06-04 05:03:15','2021-06-04 05:03:15','1583d5be-b8f9-400b-be5b-84b86c860dfc'),(246,67,41,10,2,NULL,'2021-06-04 05:03:17','2021-06-04 05:03:17','be55ae04-03f3-4f32-a52e-42b74a256180'),(247,67,41,10,3,NULL,'2021-06-04 05:03:17','2021-06-04 05:03:17','ca368b68-17e6-45ae-ab57-adf707510866'),(248,67,41,10,4,NULL,'2021-06-04 05:03:17','2021-06-04 05:03:17','a823303e-eb8e-419b-b3e7-3f538e8c2a5f'),(250,249,41,10,1,NULL,'2021-06-04 05:03:21','2021-06-04 05:03:21','328c82d7-61c6-4d6b-bf40-7b36f9ce126c'),(251,249,41,10,2,NULL,'2021-06-04 05:03:21','2021-06-04 05:03:21','467619b8-7fbd-48b1-8c2c-980fddc00e84'),(252,249,41,10,3,NULL,'2021-06-04 05:03:21','2021-06-04 05:03:21','ebb203c6-b715-4d9b-a8d7-32d192ca60f9'),(253,249,41,10,4,NULL,'2021-06-04 05:03:21','2021-06-04 05:03:21','ac354d23-205c-4efa-93f8-23a4bc04c1bc'),(254,249,29,8,1,NULL,'2021-06-04 05:03:21','2021-06-04 05:03:21','a23f79b4-5e2e-444d-80a2-152a4b05554b'),(255,249,29,8,2,NULL,'2021-06-04 05:03:21','2021-06-04 05:03:21','a804fce0-f5ec-49be-820c-66c03311082a'),(256,249,29,8,3,NULL,'2021-06-04 05:03:21','2021-06-04 05:03:21','a109c4cd-9005-471b-91fd-2ad6ac2a2ab5'),(257,249,29,8,4,NULL,'2021-06-04 05:03:21','2021-06-04 05:03:21','01e2ad82-ec89-4cde-9b8e-110772e702d2'),(258,249,29,8,5,NULL,'2021-06-04 05:03:21','2021-06-04 05:03:21','9bdd440b-c491-4bfd-9290-8dd9dd3c148d'),(259,249,29,8,6,NULL,'2021-06-04 05:03:21','2021-06-04 05:03:21','7282a373-0a5b-4269-a5f8-238e2d2f394e'),(260,249,25,7,1,NULL,'2021-06-04 05:03:21','2021-06-04 05:03:21','f3cfa9d2-bf5b-42e8-b760-8b4d20796fb4'),(261,249,25,7,2,NULL,'2021-06-04 05:03:22','2021-06-04 05:03:22','638756b7-e31a-45a0-840e-401f6fb82ac2'),(262,249,25,7,3,NULL,'2021-06-04 05:03:22','2021-06-04 05:03:22','e68aafc4-a01f-4705-a38e-6d53c633fee1'),(263,249,25,7,4,NULL,'2021-06-04 05:03:23','2021-06-04 05:03:23','6ed01f05-1e41-4524-a883-78f4192e979b'),(264,249,25,7,5,NULL,'2021-06-04 05:03:23','2021-06-04 05:03:23','79740c69-7472-46c3-9fb8-8997d099f237'),(265,249,25,7,6,NULL,'2021-06-04 05:03:24','2021-06-04 05:03:24','af20a24b-9fd2-48f5-af2a-faba6aa55128'),(266,249,22,6,1,NULL,'2021-06-04 05:03:24','2021-06-04 05:03:24','c9925f71-022b-4425-bcf5-144de1cdd7ff'),(267,249,22,6,2,NULL,'2021-06-04 05:03:24','2021-06-04 05:03:24','7176b4e5-a255-449d-b3ce-da35d1cd10c8'),(268,249,22,6,3,NULL,'2021-06-04 05:03:24','2021-06-04 05:03:24','f253747b-87c6-4d17-8206-a2ff074a73d8'),(269,249,22,6,4,NULL,'2021-06-04 05:03:24','2021-06-04 05:03:24','1176ed22-e738-4f50-ba0b-fc1aab57f135'),(276,275,41,10,1,NULL,'2021-06-04 05:33:58','2021-06-04 05:33:58','2608e413-ddb0-48fe-9b5f-f90f60140526'),(277,275,41,10,2,NULL,'2021-06-04 05:33:58','2021-06-04 05:33:58','3b884d18-ca61-425b-a782-5943477e18f7'),(278,275,41,10,3,NULL,'2021-06-04 05:33:58','2021-06-04 05:33:58','4b46c0b3-eb72-4c71-8a13-2208983d2d36'),(279,275,41,10,4,NULL,'2021-06-04 05:33:58','2021-06-04 05:33:58','81092bb8-7835-423b-bf9f-ea91d482ece6'),(280,275,29,8,1,NULL,'2021-06-04 05:33:58','2021-06-04 05:33:58','ded5c825-bb48-4f77-a4f3-ab6d95c25942'),(281,275,29,8,2,NULL,'2021-06-04 05:33:58','2021-06-04 05:33:58','d8672cb5-67cb-4806-bb78-9f3f88471245'),(282,275,29,8,3,NULL,'2021-06-04 05:33:58','2021-06-04 05:33:58','6f13d032-1934-47ca-bcc5-94217da84fe0'),(283,275,29,8,4,NULL,'2021-06-04 05:33:58','2021-06-04 05:33:58','5ffbc1cb-4756-4c62-a3ad-610d03525a85'),(284,275,29,8,5,NULL,'2021-06-04 05:33:58','2021-06-04 05:33:58','96d2fca0-8918-4e2e-85a5-3c227bba4117'),(285,275,29,8,6,NULL,'2021-06-04 05:33:58','2021-06-04 05:33:58','7d0f78f9-a26b-47d4-9bff-6bb4e713e70b'),(286,275,25,7,1,NULL,'2021-06-04 05:33:59','2021-06-04 05:33:59','b18671d3-a483-45c0-970f-05524052f854'),(287,275,25,7,2,NULL,'2021-06-04 05:33:59','2021-06-04 05:33:59','22a310b6-200b-4c8e-b130-0a5501e7001f'),(288,275,25,7,3,NULL,'2021-06-04 05:33:59','2021-06-04 05:33:59','e34faeab-af03-4457-be8b-761dafa09449'),(289,275,25,7,4,NULL,'2021-06-04 05:33:59','2021-06-04 05:33:59','f3893f7a-2f00-440e-9a2d-0702ef05b351'),(290,275,25,7,5,NULL,'2021-06-04 05:33:59','2021-06-04 05:33:59','7137cc63-4222-4c59-8fe1-ca87b1ae5fe2'),(291,275,25,7,6,NULL,'2021-06-04 05:34:01','2021-06-04 05:34:01','2cc62434-c1a8-4a14-b82d-9418d254b161'),(292,275,22,6,1,NULL,'2021-06-04 05:34:01','2021-06-04 05:34:01','6132bf78-da97-4772-951e-c34e8892b69f'),(293,275,22,6,2,NULL,'2021-06-04 05:34:01','2021-06-04 05:34:01','64d7a5fd-a45e-45c2-b160-36fdc98bfa14'),(294,275,22,6,3,NULL,'2021-06-04 05:34:01','2021-06-04 05:34:01','7a5c7f31-7bb9-422b-a9c4-3a86c5d72b4f'),(295,275,22,6,4,NULL,'2021-06-04 05:34:01','2021-06-04 05:34:01','8c1da593-5fa6-46a2-a8c9-262d32ffe958'),(304,67,46,11,1,NULL,'2021-06-04 05:39:36','2021-06-04 05:39:36','ba06ae60-60f4-471a-a988-b685b5d17e9d'),(305,67,46,11,2,NULL,'2021-06-04 05:39:36','2021-06-04 05:39:36','f0414419-7f50-41d7-8b8e-af08245ead24'),(306,67,46,11,3,NULL,'2021-06-04 05:39:36','2021-06-04 05:39:36','1e518e42-45c3-409a-a9d6-d7bb5438b353'),(307,67,46,11,4,NULL,'2021-06-04 05:39:36','2021-06-04 05:39:36','ea9b8343-5eb0-46b0-b4cf-8db27bd456b6'),(308,67,46,11,5,NULL,'2021-06-04 05:39:36','2021-06-04 05:39:36','98e66840-c8a1-41e4-b093-68da3887683d'),(309,67,46,11,6,NULL,'2021-06-04 05:39:36','2021-06-04 05:39:36','42a7eccc-5ebf-4e6e-8afe-725ed0ad1cbb'),(310,67,46,11,7,NULL,'2021-06-04 05:39:36','2021-06-04 05:39:36','d6c92153-7285-4b42-b6da-c07fbd284e95'),(311,67,46,11,8,NULL,'2021-06-04 05:39:37','2021-06-04 05:39:37','89ad66d9-724f-4fc2-8c79-0c404d5fdff9'),(313,312,41,10,1,NULL,'2021-06-04 05:39:38','2021-06-04 05:39:38','184a89ac-6157-4f41-bf2b-f200b436ad20'),(314,312,41,10,2,NULL,'2021-06-04 05:39:38','2021-06-04 05:39:38','a2c4ff40-d170-4c09-bd9c-e018da7b6032'),(315,312,41,10,3,NULL,'2021-06-04 05:39:39','2021-06-04 05:39:39','22f354e4-ded1-40d6-94ad-38601b613a73'),(316,312,41,10,4,NULL,'2021-06-04 05:39:39','2021-06-04 05:39:39','13839061-0b8d-4cc3-a24f-2b207afc9f00'),(317,312,29,8,1,NULL,'2021-06-04 05:39:39','2021-06-04 05:39:39','bb99deec-f13b-4f55-a733-5f1e84636780'),(318,312,29,8,2,NULL,'2021-06-04 05:39:39','2021-06-04 05:39:39','012b5961-24ca-48bc-8fa6-e94f33d9aabe'),(319,312,29,8,3,NULL,'2021-06-04 05:39:39','2021-06-04 05:39:39','3c3b2533-8194-47eb-88cd-44c769460454'),(320,312,29,8,4,NULL,'2021-06-04 05:39:39','2021-06-04 05:39:39','8e1f9a4f-5087-48b2-b03c-305b1f415586'),(321,312,29,8,5,NULL,'2021-06-04 05:39:39','2021-06-04 05:39:39','9bb1c52b-f55e-4fe5-baea-ad316be0a4bb'),(322,312,29,8,6,NULL,'2021-06-04 05:39:39','2021-06-04 05:39:39','a761da45-51eb-4bad-8b40-64a0264de2ec'),(323,312,25,7,1,NULL,'2021-06-04 05:39:39','2021-06-04 05:39:39','8abcaa02-2365-416e-8d44-1a7eec4d0224'),(324,312,25,7,2,NULL,'2021-06-04 05:39:39','2021-06-04 05:39:39','63b5b579-11e2-403c-ad03-e909c5ea583d'),(325,312,25,7,3,NULL,'2021-06-04 05:39:40','2021-06-04 05:39:40','0e47419c-9498-4f28-9cb9-4c301465424f'),(326,312,25,7,4,NULL,'2021-06-04 05:39:40','2021-06-04 05:39:40','1368e8a6-949c-4d78-a11d-4b750610b67c'),(327,312,25,7,5,NULL,'2021-06-04 05:39:40','2021-06-04 05:39:40','7ee0c93c-0c54-475d-99e7-0f5ac8df55b2'),(328,312,25,7,6,NULL,'2021-06-04 05:39:40','2021-06-04 05:39:40','b2d3dfa4-736e-49dc-b65d-80c44b433538'),(329,312,22,6,1,NULL,'2021-06-04 05:39:40','2021-06-04 05:39:40','4a3f16ec-a4e3-40d1-8b8e-8f15ca0b5b7d'),(330,312,22,6,2,NULL,'2021-06-04 05:39:40','2021-06-04 05:39:40','80b96d0d-27f2-470c-a5e0-728f53254c07'),(331,312,22,6,3,NULL,'2021-06-04 05:39:40','2021-06-04 05:39:40','4367ada4-7651-42fb-9e77-fc28175f80f7'),(332,312,22,6,4,NULL,'2021-06-04 05:39:40','2021-06-04 05:39:40','bd08a573-c6c3-4f3c-839d-4572981695bc'),(333,312,46,11,1,NULL,'2021-06-04 05:39:40','2021-06-04 05:39:40','9f2de0a3-08eb-4e45-a9af-5a03fe716591'),(334,312,46,11,2,NULL,'2021-06-04 05:39:40','2021-06-04 05:39:40','6ad55ee7-8f61-42fe-a130-0abc865d06cc'),(335,312,46,11,3,NULL,'2021-06-04 05:39:40','2021-06-04 05:39:40','77e1b034-81a6-4708-a2d6-01107e0ff4e6'),(336,312,46,11,4,NULL,'2021-06-04 05:39:40','2021-06-04 05:39:40','f522af6d-dc3a-4f1e-81af-e3abf4568e33'),(337,312,46,11,5,NULL,'2021-06-04 05:39:40','2021-06-04 05:39:40','6fe130bf-0b38-4391-88c5-ade11f217739'),(338,312,46,11,6,NULL,'2021-06-04 05:39:40','2021-06-04 05:39:40','f7ed32ce-be4a-46b3-ae0e-88e14f8581cd'),(339,312,46,11,7,NULL,'2021-06-04 05:39:40','2021-06-04 05:39:40','3473ee16-f019-4427-91ad-b142f8db8919'),(340,312,46,11,8,NULL,'2021-06-04 05:39:40','2021-06-04 05:39:40','f6728c14-c655-4160-a1af-d85154275f6e'),(356,72,7,12,1,NULL,'2021-06-04 16:48:45','2021-06-04 16:49:07','699e8825-7175-4736-b288-cc2c294194af'),(357,31,10,13,1,NULL,'2021-06-04 17:22:04','2021-06-04 17:22:04','e87bcc91-a5b7-42a9-82b6-052017d61efe');
/*!40000 ALTER TABLE `ccsf_matrixblocks` ENABLE KEYS */;
UNLOCK TABLES;
commit;

--
-- Dumping data for table `ccsf_matrixblocktypes`
--

LOCK TABLES `ccsf_matrixblocktypes` WRITE;
/*!40000 ALTER TABLE `ccsf_matrixblocktypes` DISABLE KEYS */;
set autocommit=0;
INSERT INTO `ccsf_matrixblocktypes` VALUES (1,4,3,'favicon','favicon',1,'2021-06-01 17:57:57','2021-06-01 17:57:57','7b8590e5-9338-43a3-9d83-d0fb38e21640'),(2,7,5,'Item','item',2,'2021-06-02 00:48:26','2021-06-04 17:19:53','4624d09c-1abb-4565-8874-2b217d94676e'),(3,10,7,'Address','address',2,'2021-06-02 03:14:45','2021-06-04 17:19:37','1f54c6f1-2175-484a-a90d-0da70e60cb44'),(6,22,15,'Step','step',1,'2021-06-03 13:55:32','2021-06-03 14:08:57','9b8542e7-df13-4299-a253-c8066e92f75f'),(7,25,17,'Feature','feature',1,'2021-06-03 14:54:39','2021-06-03 14:54:39','2b526533-c087-4758-8b62-575ce781cfb6'),(8,29,19,'Folio','folio',1,'2021-06-04 01:24:44','2021-06-04 01:24:44','80b52e80-1034-4322-a2a4-ff790554b9ae'),(10,41,22,'Testimonial','testimonial',1,'2021-06-04 04:50:22','2021-06-04 04:50:22','71ef5bda-46aa-486a-8884-89725ca1021f'),(11,46,24,'Company','company',1,'2021-06-04 05:30:07','2021-06-04 05:30:07','9f18f3bf-74c6-4089-ba9e-7dfef6ddf8d6'),(12,7,26,'header','header',1,'2021-06-04 16:47:35','2021-06-04 17:19:50','3ef17c42-1472-419f-95b1-b61e980bf815'),(13,10,27,'Header','header',1,'2021-06-04 17:19:37','2021-06-04 17:19:37','a71a9419-4610-43db-b48b-751cc96b2088');
/*!40000 ALTER TABLE `ccsf_matrixblocktypes` ENABLE KEYS */;
UNLOCK TABLES;
commit;

--
-- Dumping data for table `ccsf_matrixcontent_brands`
--

LOCK TABLES `ccsf_matrixcontent_brands` WRITE;
/*!40000 ALTER TABLE `ccsf_matrixcontent_brands` DISABLE KEYS */;
set autocommit=0;
INSERT INTO `ccsf_matrixcontent_brands` VALUES (1,304,1,'2021-06-04 05:39:36','2021-06-04 05:39:36','ec329a5a-edb3-4173-b52a-1008f16eb9ad','Dropbox','https://www.page.com/'),(2,305,1,'2021-06-04 05:39:36','2021-06-04 05:39:36','ece2a635-6fc2-4f70-8236-0829d3679daa','Atom','https://www.page.com/'),(3,306,1,'2021-06-04 05:39:36','2021-06-04 05:39:36','2d5091b4-1075-47cc-b058-243052480597','Github','https://www.page.com/'),(4,307,1,'2021-06-04 05:39:36','2021-06-04 05:39:36','41b2f890-bd16-4f06-900f-1f18775dfd31','Redhat','https://www.page.com/'),(5,308,1,'2021-06-04 05:39:36','2021-06-04 05:39:36','0fd0d850-e04a-45ab-8af3-e51a82c18ce8','Medium','https://www.page.com/'),(6,309,1,'2021-06-04 05:39:36','2021-06-04 05:39:36','72e0aecc-5a68-4fb8-83c1-512bf6a914c3','Messenger','https://www.page.com/'),(7,310,1,'2021-06-04 05:39:36','2021-06-04 05:39:36','33aa8e62-71f4-4f3d-857f-46a3da4ead50','Steam','https://www.page.com/'),(8,311,1,'2021-06-04 05:39:37','2021-06-04 05:39:37','6dd5e8ec-9b80-438f-ae23-d23d04b49195','Spotify','https://www.page.com/'),(9,333,1,'2021-06-04 05:39:40','2021-06-04 05:39:40','1632aa7e-e083-4628-94d2-7b49a1f98df9','Dropbox','https://www.page.com/'),(10,334,1,'2021-06-04 05:39:40','2021-06-04 05:39:40','06a73f9c-f353-4160-b126-70fa4b7dc570','Atom','https://www.page.com/'),(11,335,1,'2021-06-04 05:39:40','2021-06-04 05:39:40','2a0ad8b1-5de7-435e-8ecf-533c3d4ffc3b','Github','https://www.page.com/'),(12,336,1,'2021-06-04 05:39:40','2021-06-04 05:39:40','19796674-1a8d-4260-84ab-b83d74d98278','Redhat','https://www.page.com/'),(13,337,1,'2021-06-04 05:39:40','2021-06-04 05:39:40','ed637a4e-87ff-48c8-9379-7d4e68fbc69b','Medium','https://www.page.com/'),(14,338,1,'2021-06-04 05:39:40','2021-06-04 05:39:40','51b7d64b-0207-458e-b853-d5ed5e0c886c','Messenger','https://www.page.com/'),(15,339,1,'2021-06-04 05:39:40','2021-06-04 05:39:40','4e73c3bf-0ddf-4ad6-bd86-805c0ed40334','Steam','https://www.page.com/'),(16,340,1,'2021-06-04 05:39:40','2021-06-04 05:39:40','bfee8f30-0601-402e-972a-4e01b6b3c7ca','Spotify','https://www.page.com/');
/*!40000 ALTER TABLE `ccsf_matrixcontent_brands` ENABLE KEYS */;
UNLOCK TABLES;
commit;

--
-- Dumping data for table `ccsf_matrixcontent_favicons`
--

LOCK TABLES `ccsf_matrixcontent_favicons` WRITE;
/*!40000 ALTER TABLE `ccsf_matrixcontent_favicons` DISABLE KEYS */;
set autocommit=0;
INSERT INTO `ccsf_matrixcontent_favicons` VALUES (1,11,1,'2021-06-01 18:03:06','2021-06-02 01:33:43','9dba7c33-9432-466b-8465-04264bd0898f','512'),(2,12,1,'2021-06-01 18:03:06','2021-06-02 01:33:43','5b33ea3e-f919-47d7-8dd9-09ea0ce3f0ae','192'),(3,13,1,'2021-06-01 18:03:06','2021-06-02 01:33:43','e09161e8-559b-4201-b4fb-f7200f4e7388','180'),(4,14,1,'2021-06-01 18:03:06','2021-06-02 01:33:43','f6a3a3ac-2ac9-4407-8b4c-63c8962cdecc','32'),(5,15,1,'2021-06-01 18:03:06','2021-06-02 01:33:43','0d9056a1-245a-4943-9e3a-9ebf8b00ff75','16'),(6,17,1,'2021-06-01 18:16:22','2021-06-02 01:33:43','79696ea0-a9d6-43dd-9689-d664669f3056','ico');
/*!40000 ALTER TABLE `ccsf_matrixcontent_favicons` ENABLE KEYS */;
UNLOCK TABLES;
commit;

--
-- Dumping data for table `ccsf_matrixcontent_menu`
--

LOCK TABLES `ccsf_matrixcontent_menu` WRITE;
/*!40000 ALTER TABLE `ccsf_matrixcontent_menu` DISABLE KEYS */;
set autocommit=0;
INSERT INTO `ccsf_matrixcontent_menu` VALUES (1,23,1,'2021-06-02 00:52:52','2021-06-02 00:57:57','87d3afdd-a2fb-4f08-8cd3-92aa163c0ed1','#hero','Home',NULL,NULL),(2,24,1,'2021-06-02 00:52:52','2021-06-02 00:57:57','596b94c8-ee0b-4728-98fa-6dd659a2c97f','#about','About',NULL,NULL),(3,25,1,'2021-06-02 00:52:52','2021-06-02 00:57:57','18f5f0a3-b399-4baf-929e-3fce7d7bc11e','#services','Services',NULL,NULL),(4,26,1,'2021-06-02 00:52:52','2021-06-02 00:57:57','28eada34-1a60-43c3-8fb6-a8e4047d9768','#portfolio','Works',NULL,NULL),(5,27,1,'2021-06-02 01:33:44','2021-06-02 01:33:44','abcaeae0-7055-4375-b74c-bdc0d85fd2e3','#hero','Home',NULL,NULL),(6,28,1,'2021-06-02 01:33:44','2021-06-02 01:33:44','7af3873a-1482-45a0-a03b-8c1720dce830','#about','About',NULL,NULL),(7,29,1,'2021-06-02 01:33:44','2021-06-02 01:33:44','f4dcd3bb-833d-4159-9284-8b09c13fd770','#services','Services',NULL,NULL),(8,30,1,'2021-06-02 01:33:44','2021-06-02 01:33:44','b3d4c3da-b51c-4aca-8f12-d4c4aff4005a','#portfolio','Works',NULL,NULL),(9,36,1,'2021-06-02 03:24:41','2021-06-02 03:24:41','f98fb3aa-0560-4028-ac45-0889de1896fa','#0','Facebook',NULL,NULL),(10,37,1,'2021-06-02 03:24:41','2021-06-02 03:24:41','fdd71838-b4d5-4ed3-a5af-08bb7d1acd6e','#0','Twitter',NULL,NULL),(11,38,1,'2021-06-02 03:24:41','2021-06-02 03:24:41','42e23cbf-fee9-4830-ae9c-823d5e5d2836','#0','Instagram',NULL,NULL),(12,39,1,'2021-06-02 03:24:41','2021-06-02 03:24:41','33dc7164-0e79-4cd5-87ab-fda282c93d1d','#0','Dribbble',NULL,NULL),(13,73,1,'2021-06-03 03:41:11','2021-06-04 16:49:07','128bfdb1-871d-4361-9c80-1be35eb76ad9','#0','Facebook','fa-facebook-f',NULL),(14,74,1,'2021-06-03 03:41:11','2021-06-04 16:49:08','9559280a-414f-409c-81f1-2666a9ccb7aa','#0','Twitter','fa-twitter',NULL),(15,75,1,'2021-06-03 03:41:11','2021-06-04 16:49:08','2a47b105-640f-4b13-804e-3ac518bb5fb9','#0','Instagram','fa-instagram',NULL),(16,76,1,'2021-06-03 03:41:11','2021-06-04 16:49:08','04c5eeda-32d5-4a52-b053-2e20c88d093f','#0','Dribbble','fa-dribbble',NULL),(17,356,1,'2021-06-04 16:48:45','2021-06-04 16:49:07','bce4b1e0-bcbc-4067-949f-efa02678dd55',NULL,NULL,NULL,'Follow Us');
/*!40000 ALTER TABLE `ccsf_matrixcontent_menu` ENABLE KEYS */;
UNLOCK TABLES;
commit;

--
-- Dumping data for table `ccsf_matrixcontent_office`
--

LOCK TABLES `ccsf_matrixcontent_office` WRITE;
/*!40000 ALTER TABLE `ccsf_matrixcontent_office` DISABLE KEYS */;
set autocommit=0;
INSERT INTO `ccsf_matrixcontent_office` VALUES (1,32,1,'2021-06-02 03:24:41','2021-06-04 17:22:04','ac7fc6f4-defa-4220-bfb4-ee73ce19f645','street','1600 Amphitheatre Parkway',NULL),(2,33,1,'2021-06-02 03:24:41','2021-06-04 17:22:05','15323485-a29b-4e94-9a13-62ac177e73bd','city','Mountain View, California',NULL),(3,34,1,'2021-06-02 03:24:41','2021-06-04 17:22:05','d7ea6500-eee0-4956-87a3-ad60b85fab5b','mailbox','94043  US',NULL),(4,35,1,'2021-06-02 03:24:41','2021-06-04 17:22:05','1fc94601-8d42-48d3-a2bc-74eb3188355b','phone','+197 543 2345',NULL),(5,357,1,'2021-06-04 17:22:04','2021-06-04 17:22:04','6a2040d1-eb66-43d0-9032-7fa15e4e5b60',NULL,NULL,'Where to Find Us');
/*!40000 ALTER TABLE `ccsf_matrixcontent_office` ENABLE KEYS */;
UNLOCK TABLES;
commit;

--
-- Dumping data for table `ccsf_matrixcontent_portfolio`
--

LOCK TABLES `ccsf_matrixcontent_portfolio` WRITE;
/*!40000 ALTER TABLE `ccsf_matrixcontent_portfolio` DISABLE KEYS */;
set autocommit=0;
INSERT INTO `ccsf_matrixcontent_portfolio` VALUES (1,170,1,'2021-06-04 02:24:17','2021-06-04 02:49:13','c280973f-7aee-4865-8e6b-c95e6abe504e','The Red Wheel','Project Link','<p>Vero molestiae sed aut natus excepturi. Et tempora numquam. Temporibus iusto quo.Unde dolorem corrupti neque nisi.</p>','https://www.behance.net/'),(2,172,1,'2021-06-04 02:24:25','2021-06-04 02:24:25','54d16513-b8ed-46d9-b235-cc22f5c59833','The Red Wheel','Project Link',NULL,'https://www.behance.net/'),(3,202,1,'2021-06-04 02:49:13','2021-06-04 02:49:13','dbe33fdf-1057-4647-aed5-e48a3ec8a35e','Music Life','Project Link','<p>Vero molestiae sed aut natus excepturi. Et tempora numquam. Temporibus iusto quo.Unde dolorem corrupti neque nisi.</p>','https://www.behance.net/'),(4,203,1,'2021-06-04 02:49:13','2021-06-04 02:49:13','c6944f07-33e8-4966-b948-c5d9b7986f6e','OI Logo','Project Link','<p>Vero molestiae sed aut natus excepturi. Et tempora numquam. Temporibus iusto quo.Unde dolorem corrupti neque nisi.</p>','https://www.behance.net/'),(5,204,1,'2021-06-04 02:49:14','2021-06-04 02:49:14','c39ee284-50b9-422f-b3b5-683a01fc3573','Corrugated Sheets','Project Link','<p>Vero molestiae sed aut natus excepturi. Et tempora numquam. Temporibus iusto quo.Unde dolorem corrupti neque nisi.</p>','https://www.behance.net/'),(6,205,1,'2021-06-04 02:49:14','2021-06-04 02:49:14','f25a4a0f-4d55-448b-9d68-91d993bc690f','Wooocraft','Project Link','<p>Vero molestiae sed aut natus excepturi. Et tempora numquam. Temporibus iusto quo.Unde dolorem corrupti neque nisi.</p>','https://www.behance.net/'),(7,206,1,'2021-06-04 02:49:14','2021-06-04 02:49:14','76ef7ed8-c433-4575-8c4f-bca807543cd8','The Lamp','Project Link','<p>Vero molestiae sed aut natus excepturi. Et tempora numquam. Temporibus iusto quo.Unde dolorem corrupti neque nisi.</p>','https://www.behance.net/'),(8,208,1,'2021-06-04 02:49:16','2021-06-04 02:49:16','649a92bd-8365-4d94-8e44-017b9e13d861','The Red Wheel','Project Link','<p>Vero molestiae sed aut natus excepturi. Et tempora numquam. Temporibus iusto quo.Unde dolorem corrupti neque nisi.</p>','https://www.behance.net/'),(9,209,1,'2021-06-04 02:49:16','2021-06-04 02:49:16','440a27ba-e32c-4db7-aae6-6b0803ef9b5a','Music Life','Project Link','<p>Vero molestiae sed aut natus excepturi. Et tempora numquam. Temporibus iusto quo.Unde dolorem corrupti neque nisi.</p>','https://www.behance.net/'),(10,210,1,'2021-06-04 02:49:16','2021-06-04 02:49:16','2dd99e36-2dd8-42cd-8b2f-a4c4d45fd100','OI Logo','Project Link','<p>Vero molestiae sed aut natus excepturi. Et tempora numquam. Temporibus iusto quo.Unde dolorem corrupti neque nisi.</p>','https://www.behance.net/'),(11,211,1,'2021-06-04 02:49:16','2021-06-04 02:49:16','0da5cdd0-9df2-478b-8f3d-905578809a8a','Corrugated Sheets','Project Link','<p>Vero molestiae sed aut natus excepturi. Et tempora numquam. Temporibus iusto quo.Unde dolorem corrupti neque nisi.</p>','https://www.behance.net/'),(12,212,1,'2021-06-04 02:49:16','2021-06-04 02:49:16','c009f421-7366-4c53-b688-abc3cd108cc7','Wooocraft','Project Link','<p>Vero molestiae sed aut natus excepturi. Et tempora numquam. Temporibus iusto quo.Unde dolorem corrupti neque nisi.</p>','https://www.behance.net/'),(13,213,1,'2021-06-04 02:49:16','2021-06-04 02:49:16','de023c67-63e3-4d4a-bac7-5a230b7d9fa7','The Lamp','Project Link','<p>Vero molestiae sed aut natus excepturi. Et tempora numquam. Temporibus iusto quo.Unde dolorem corrupti neque nisi.</p>','https://www.behance.net/'),(14,225,1,'2021-06-04 04:54:16','2021-06-04 04:54:16','3b622c2a-8408-4184-8b27-20cc28da6341','The Red Wheel','Project Link','<p>Vero molestiae sed aut natus excepturi. Et tempora numquam. Temporibus iusto quo.Unde dolorem corrupti neque nisi.</p>','https://www.behance.net/'),(15,226,1,'2021-06-04 04:54:16','2021-06-04 04:54:16','361ddaa4-38e7-492e-94d1-f231aab11234','Music Life','Project Link','<p>Vero molestiae sed aut natus excepturi. Et tempora numquam. Temporibus iusto quo.Unde dolorem corrupti neque nisi.</p>','https://www.behance.net/'),(16,227,1,'2021-06-04 04:54:20','2021-06-04 04:54:20','2e4348bf-3700-4c8b-a530-8c3dc4038c67','OI Logo','Project Link','<p>Vero molestiae sed aut natus excepturi. Et tempora numquam. Temporibus iusto quo.Unde dolorem corrupti neque nisi.</p>','https://www.behance.net/'),(17,228,1,'2021-06-04 04:54:20','2021-06-04 04:54:20','d7e30e5f-f6de-42d0-b21b-6d8e2ceed770','Corrugated Sheets','Project Link','<p>Vero molestiae sed aut natus excepturi. Et tempora numquam. Temporibus iusto quo.Unde dolorem corrupti neque nisi.</p>','https://www.behance.net/'),(18,229,1,'2021-06-04 04:54:20','2021-06-04 04:54:20','e8d71e3b-ba14-4f12-b055-d0c374d4431f','Wooocraft','Project Link','<p>Vero molestiae sed aut natus excepturi. Et tempora numquam. Temporibus iusto quo.Unde dolorem corrupti neque nisi.</p>','https://www.behance.net/'),(19,230,1,'2021-06-04 04:54:20','2021-06-04 04:54:20','bd6ebbc3-5dca-4e27-b1ce-96d30d23e7a9','The Lamp','Project Link','<p>Vero molestiae sed aut natus excepturi. Et tempora numquam. Temporibus iusto quo.Unde dolorem corrupti neque nisi.</p>','https://www.behance.net/'),(20,254,1,'2021-06-04 05:03:21','2021-06-04 05:03:21','2a345717-0138-4b62-b107-019213f490e3','The Red Wheel','Project Link','<p>Vero molestiae sed aut natus excepturi. Et tempora numquam. Temporibus iusto quo.Unde dolorem corrupti neque nisi.</p>','https://www.behance.net/'),(21,255,1,'2021-06-04 05:03:21','2021-06-04 05:03:21','459aabae-3889-4aea-a4af-8a219a24e7e8','Music Life','Project Link','<p>Vero molestiae sed aut natus excepturi. Et tempora numquam. Temporibus iusto quo.Unde dolorem corrupti neque nisi.</p>','https://www.behance.net/'),(22,256,1,'2021-06-04 05:03:21','2021-06-04 05:03:21','d06cab21-9626-4a68-9cfe-547a88c8cedd','OI Logo','Project Link','<p>Vero molestiae sed aut natus excepturi. Et tempora numquam. Temporibus iusto quo.Unde dolorem corrupti neque nisi.</p>','https://www.behance.net/'),(23,257,1,'2021-06-04 05:03:21','2021-06-04 05:03:21','fb5bd570-3c2d-4d63-9cd9-2b6bdc6111ff','Corrugated Sheets','Project Link','<p>Vero molestiae sed aut natus excepturi. Et tempora numquam. Temporibus iusto quo.Unde dolorem corrupti neque nisi.</p>','https://www.behance.net/'),(24,258,1,'2021-06-04 05:03:21','2021-06-04 05:03:21','0b1d15bc-1fbe-499a-8b26-325456cdadea','Wooocraft','Project Link','<p>Vero molestiae sed aut natus excepturi. Et tempora numquam. Temporibus iusto quo.Unde dolorem corrupti neque nisi.</p>','https://www.behance.net/'),(25,259,1,'2021-06-04 05:03:21','2021-06-04 05:03:21','dcd8e1dd-b0fc-42ab-a505-4348b25d4180','The Lamp','Project Link','<p>Vero molestiae sed aut natus excepturi. Et tempora numquam. Temporibus iusto quo.Unde dolorem corrupti neque nisi.</p>','https://www.behance.net/'),(26,280,1,'2021-06-04 05:33:58','2021-06-04 05:33:58','a8b6256b-e341-40e8-b9e4-212b481b7d9a','The Red Wheel','Project Link','<p>Vero molestiae sed aut natus excepturi. Et tempora numquam. Temporibus iusto quo.Unde dolorem corrupti neque nisi.</p>','https://www.behance.net/'),(27,281,1,'2021-06-04 05:33:58','2021-06-04 05:33:58','e2071934-b426-4576-840b-ff73a3cb76a8','Music Life','Project Link','<p>Vero molestiae sed aut natus excepturi. Et tempora numquam. Temporibus iusto quo.Unde dolorem corrupti neque nisi.</p>','https://www.behance.net/'),(28,282,1,'2021-06-04 05:33:58','2021-06-04 05:33:58','1f7e9a9a-0d0f-426b-a367-1a0c297d90af','OI Logo','Project Link','<p>Vero molestiae sed aut natus excepturi. Et tempora numquam. Temporibus iusto quo.Unde dolorem corrupti neque nisi.</p>','https://www.behance.net/'),(29,283,1,'2021-06-04 05:33:58','2021-06-04 05:33:58','9327c197-24a5-4bc7-b643-a0af1b21d4d8','Corrugated Sheets','Project Link','<p>Vero molestiae sed aut natus excepturi. Et tempora numquam. Temporibus iusto quo.Unde dolorem corrupti neque nisi.</p>','https://www.behance.net/'),(30,284,1,'2021-06-04 05:33:58','2021-06-04 05:33:58','d9bf18ef-875d-4a7a-b072-b780185c2313','Wooocraft','Project Link','<p>Vero molestiae sed aut natus excepturi. Et tempora numquam. Temporibus iusto quo.Unde dolorem corrupti neque nisi.</p>','https://www.behance.net/'),(31,285,1,'2021-06-04 05:33:58','2021-06-04 05:33:58','77b957b9-7fd1-4197-b458-5d2ef87877bc','The Lamp','Project Link','<p>Vero molestiae sed aut natus excepturi. Et tempora numquam. Temporibus iusto quo.Unde dolorem corrupti neque nisi.</p>','https://www.behance.net/'),(32,317,1,'2021-06-04 05:39:39','2021-06-04 05:39:39','d25141b6-07a7-4477-90c9-d7dde2a7687a','The Red Wheel','Project Link','<p>Vero molestiae sed aut natus excepturi. Et tempora numquam. Temporibus iusto quo.Unde dolorem corrupti neque nisi.</p>','https://www.behance.net/'),(33,318,1,'2021-06-04 05:39:39','2021-06-04 05:39:39','daade4cd-95b0-4f3c-b79a-958f1e97f670','Music Life','Project Link','<p>Vero molestiae sed aut natus excepturi. Et tempora numquam. Temporibus iusto quo.Unde dolorem corrupti neque nisi.</p>','https://www.behance.net/'),(34,319,1,'2021-06-04 05:39:39','2021-06-04 05:39:39','5ab56d33-6626-4017-ab4d-d532e6a3b500','OI Logo','Project Link','<p>Vero molestiae sed aut natus excepturi. Et tempora numquam. Temporibus iusto quo.Unde dolorem corrupti neque nisi.</p>','https://www.behance.net/'),(35,320,1,'2021-06-04 05:39:39','2021-06-04 05:39:39','6327d68e-a35a-4f8c-a71b-ccd4959bdd81','Corrugated Sheets','Project Link','<p>Vero molestiae sed aut natus excepturi. Et tempora numquam. Temporibus iusto quo.Unde dolorem corrupti neque nisi.</p>','https://www.behance.net/'),(36,321,1,'2021-06-04 05:39:39','2021-06-04 05:39:39','297fe0e4-94b3-4075-8643-211dea3c3a0d','Wooocraft','Project Link','<p>Vero molestiae sed aut natus excepturi. Et tempora numquam. Temporibus iusto quo.Unde dolorem corrupti neque nisi.</p>','https://www.behance.net/'),(37,322,1,'2021-06-04 05:39:39','2021-06-04 05:39:39','7ed36a9c-4de2-4b8f-b7a4-e3f3f16e734b','The Lamp','Project Link','<p>Vero molestiae sed aut natus excepturi. Et tempora numquam. Temporibus iusto quo.Unde dolorem corrupti neque nisi.</p>','https://www.behance.net/');
/*!40000 ALTER TABLE `ccsf_matrixcontent_portfolio` ENABLE KEYS */;
UNLOCK TABLES;
commit;

--
-- Dumping data for table `ccsf_matrixcontent_process`
--

LOCK TABLES `ccsf_matrixcontent_process` WRITE;
/*!40000 ALTER TABLE `ccsf_matrixcontent_process` DISABLE KEYS */;
set autocommit=0;
INSERT INTO `ccsf_matrixcontent_process` VALUES (1,92,1,'2021-06-03 14:00:38','2021-06-03 14:00:38','c9f20891-fe9b-429c-86a2-b7159c2550b9','Define','<p>Deserunt rerum perspiciatis quaerat quam numquam assumenda neque. Quis dolores totam voluptatibus molestiae non. Quae exercitationem cum numquam repudiandae. Beatae eum quae. Ut ex unde rem quod ipsum consequatur. blanditiis temporibus pariatur voluptatibus molestiae.</p>'),(2,93,1,'2021-06-03 14:00:38','2021-06-03 14:00:38','3038cbc9-52cf-43a6-b2cf-a727273ec89f','Design','<p>Deserunt rerum perspiciatis quaerat quam numquam assumenda neque. Quis dolores totam voluptatibus molestiae non. Quae exercitationem cum numquam repudiandae. Beatae eum quae. Ut ex unde rem quod ipsum consequatur. blanditiis temporibus pariatur voluptatibus molestiae.</p>'),(3,94,1,'2021-06-03 14:00:38','2021-06-03 14:00:38','392d92db-275c-4800-8368-d65fc16f30ef','Build','Deserunt rerum perspiciatis quaerat quam numquam assumenda neque. Quis dolores totam voluptatibus molestiae non. Quae exercitationem cum numquam repudiandae. Beatae eum quae. Ut ex unde rem quod ipsum consequatur. blanditiis temporibus pariatur voluptatibus molestiae.'),(4,95,1,'2021-06-03 14:00:38','2021-06-03 14:00:38','649a6556-d677-4bf4-80f6-657577a47ef2','Launch','Deserunt rerum perspiciatis quaerat quam numquam assumenda neque. Quis dolores totam voluptatibus molestiae non. Quae exercitationem cum numquam repudiandae. Beatae eum quae. Ut ex unde rem quod ipsum consequatur. blanditiis temporibus pariatur voluptatibus molestiae.'),(5,97,1,'2021-06-03 14:00:38','2021-06-03 14:00:38','f8a75abc-b761-47e0-865c-6097ea5fe633','Define','<p>Deserunt rerum perspiciatis quaerat quam numquam assumenda neque. Quis dolores totam voluptatibus molestiae non. Quae exercitationem cum numquam repudiandae. Beatae eum quae. Ut ex unde rem quod ipsum consequatur. blanditiis temporibus pariatur voluptatibus molestiae.</p>'),(6,98,1,'2021-06-03 14:00:38','2021-06-03 14:00:38','d3b6e8ee-3c2f-42f1-b96c-9be17c614b37','Design','<p>Deserunt rerum perspiciatis quaerat quam numquam assumenda neque. Quis dolores totam voluptatibus molestiae non. Quae exercitationem cum numquam repudiandae. Beatae eum quae. Ut ex unde rem quod ipsum consequatur. blanditiis temporibus pariatur voluptatibus molestiae.</p>'),(7,99,1,'2021-06-03 14:00:38','2021-06-03 14:00:38','f41a998f-e0a8-40c7-b6b8-31f3e032c8d7','Build','Deserunt rerum perspiciatis quaerat quam numquam assumenda neque. Quis dolores totam voluptatibus molestiae non. Quae exercitationem cum numquam repudiandae. Beatae eum quae. Ut ex unde rem quod ipsum consequatur. blanditiis temporibus pariatur voluptatibus molestiae.'),(8,100,1,'2021-06-03 14:00:38','2021-06-03 14:00:38','c744091b-5d0c-47f9-9627-e31b21c90a34','Launch','Deserunt rerum perspiciatis quaerat quam numquam assumenda neque. Quis dolores totam voluptatibus molestiae non. Quae exercitationem cum numquam repudiandae. Beatae eum quae. Ut ex unde rem quod ipsum consequatur. blanditiis temporibus pariatur voluptatibus molestiae.'),(9,102,1,'2021-06-03 14:55:44','2021-06-03 14:55:44','2fb9cc92-1318-48ba-baba-4436a6e88fc9','Define','<p>Deserunt rerum perspiciatis quaerat quam numquam assumenda neque. Quis dolores totam voluptatibus molestiae non. Quae exercitationem cum numquam repudiandae. Beatae eum quae. Ut ex unde rem quod ipsum consequatur. blanditiis temporibus pariatur voluptatibus molestiae.</p>'),(10,103,1,'2021-06-03 14:55:44','2021-06-03 14:55:44','0ecd0e46-f16d-4e2c-ac9c-78a22c201e9a','Design','<p>Deserunt rerum perspiciatis quaerat quam numquam assumenda neque. Quis dolores totam voluptatibus molestiae non. Quae exercitationem cum numquam repudiandae. Beatae eum quae. Ut ex unde rem quod ipsum consequatur. blanditiis temporibus pariatur voluptatibus molestiae.</p>'),(11,104,1,'2021-06-03 14:55:44','2021-06-03 14:55:44','8b02b005-1403-4d93-a844-348cdffb261d','Build','Deserunt rerum perspiciatis quaerat quam numquam assumenda neque. Quis dolores totam voluptatibus molestiae non. Quae exercitationem cum numquam repudiandae. Beatae eum quae. Ut ex unde rem quod ipsum consequatur. blanditiis temporibus pariatur voluptatibus molestiae.'),(12,105,1,'2021-06-03 14:55:44','2021-06-03 14:55:44','450cc1e6-da5e-41f1-99ee-cb7e62f7d2e6','Launch','Deserunt rerum perspiciatis quaerat quam numquam assumenda neque. Quis dolores totam voluptatibus molestiae non. Quae exercitationem cum numquam repudiandae. Beatae eum quae. Ut ex unde rem quod ipsum consequatur. blanditiis temporibus pariatur voluptatibus molestiae.'),(13,119,1,'2021-06-03 15:08:01','2021-06-03 15:08:01','8cf7cda3-70d4-4856-ab31-f385423c6aa6','Define','<p>Deserunt rerum perspiciatis quaerat quam numquam assumenda neque. Quis dolores totam voluptatibus molestiae non. Quae exercitationem cum numquam repudiandae. Beatae eum quae. Ut ex unde rem quod ipsum consequatur. blanditiis temporibus pariatur voluptatibus molestiae.</p>'),(14,120,1,'2021-06-03 15:08:01','2021-06-03 15:08:01','575453bb-d625-4feb-ad18-bb8393855614','Design','<p>Deserunt rerum perspiciatis quaerat quam numquam assumenda neque. Quis dolores totam voluptatibus molestiae non. Quae exercitationem cum numquam repudiandae. Beatae eum quae. Ut ex unde rem quod ipsum consequatur. blanditiis temporibus pariatur voluptatibus molestiae.</p>'),(15,121,1,'2021-06-03 15:08:01','2021-06-03 15:08:01','2674209b-cbe3-4700-861f-f3c24c57e15a','Build','Deserunt rerum perspiciatis quaerat quam numquam assumenda neque. Quis dolores totam voluptatibus molestiae non. Quae exercitationem cum numquam repudiandae. Beatae eum quae. Ut ex unde rem quod ipsum consequatur. blanditiis temporibus pariatur voluptatibus molestiae.'),(16,122,1,'2021-06-03 15:08:01','2021-06-03 15:08:01','8457e8c6-5803-496f-98c3-415e15e8be2c','Launch','Deserunt rerum perspiciatis quaerat quam numquam assumenda neque. Quis dolores totam voluptatibus molestiae non. Quae exercitationem cum numquam repudiandae. Beatae eum quae. Ut ex unde rem quod ipsum consequatur. blanditiis temporibus pariatur voluptatibus molestiae.'),(17,130,1,'2021-06-03 15:08:51','2021-06-03 15:08:51','6decf44b-9522-4299-a9c7-12291cd9237a','Define','<p>Deserunt rerum perspiciatis quaerat quam numquam assumenda neque. Quis dolores totam voluptatibus molestiae non. Quae exercitationem cum numquam repudiandae. Beatae eum quae. Ut ex unde rem quod ipsum consequatur. blanditiis temporibus pariatur voluptatibus molestiae.</p>'),(18,131,1,'2021-06-03 15:08:53','2021-06-03 15:08:53','1e4b0397-1bf2-4cf2-a900-dff9892d6dc0','Design','<p>Deserunt rerum perspiciatis quaerat quam numquam assumenda neque. Quis dolores totam voluptatibus molestiae non. Quae exercitationem cum numquam repudiandae. Beatae eum quae. Ut ex unde rem quod ipsum consequatur. blanditiis temporibus pariatur voluptatibus molestiae.</p>'),(19,132,1,'2021-06-03 15:08:54','2021-06-03 15:08:54','78994fbe-5228-4927-8768-ef358bd239f2','Build','Deserunt rerum perspiciatis quaerat quam numquam assumenda neque. Quis dolores totam voluptatibus molestiae non. Quae exercitationem cum numquam repudiandae. Beatae eum quae. Ut ex unde rem quod ipsum consequatur. blanditiis temporibus pariatur voluptatibus molestiae.'),(20,133,1,'2021-06-03 15:08:54','2021-06-03 15:08:54','a9236207-0d1b-49a5-9d0d-6caf366b3150','Launch','Deserunt rerum perspiciatis quaerat quam numquam assumenda neque. Quis dolores totam voluptatibus molestiae non. Quae exercitationem cum numquam repudiandae. Beatae eum quae. Ut ex unde rem quod ipsum consequatur. blanditiis temporibus pariatur voluptatibus molestiae.'),(21,147,1,'2021-06-03 15:17:58','2021-06-03 15:17:58','10f1e46f-c6e5-4214-a886-6904d318e3e0','Define','<p>Deserunt rerum perspiciatis quaerat quam numquam assumenda neque. Quis dolores totam voluptatibus molestiae non. Quae exercitationem cum numquam repudiandae. Beatae eum quae. Ut ex unde rem quod ipsum consequatur. blanditiis temporibus pariatur voluptatibus molestiae.</p>'),(22,148,1,'2021-06-03 15:17:58','2021-06-03 15:17:58','f033b5e6-902d-4e6a-adb0-d6c55cb1fb05','Design','<p>Deserunt rerum perspiciatis quaerat quam numquam assumenda neque. Quis dolores totam voluptatibus molestiae non. Quae exercitationem cum numquam repudiandae. Beatae eum quae. Ut ex unde rem quod ipsum consequatur. blanditiis temporibus pariatur voluptatibus molestiae.</p>'),(23,149,1,'2021-06-03 15:17:59','2021-06-03 15:17:59','cfcf4fa9-de97-4be9-8842-e0e2f74e5cac','Build','Deserunt rerum perspiciatis quaerat quam numquam assumenda neque. Quis dolores totam voluptatibus molestiae non. Quae exercitationem cum numquam repudiandae. Beatae eum quae. Ut ex unde rem quod ipsum consequatur. blanditiis temporibus pariatur voluptatibus molestiae.'),(24,150,1,'2021-06-03 15:17:59','2021-06-03 15:17:59','03fbe14a-a64c-4d41-babb-dc7503916d0e','Launch','Deserunt rerum perspiciatis quaerat quam numquam assumenda neque. Quis dolores totam voluptatibus molestiae non. Quae exercitationem cum numquam repudiandae. Beatae eum quae. Ut ex unde rem quod ipsum consequatur. blanditiis temporibus pariatur voluptatibus molestiae.'),(25,166,1,'2021-06-04 01:41:56','2021-06-04 01:41:56','2a3cc4d3-67ca-425d-9e42-bd7733c21650','Define','<p>Deserunt rerum perspiciatis quaerat quam numquam assumenda neque. Quis dolores totam voluptatibus molestiae non. Quae exercitationem cum numquam repudiandae. Beatae eum quae. Ut ex unde rem quod ipsum consequatur. blanditiis temporibus pariatur voluptatibus molestiae.</p>'),(26,167,1,'2021-06-04 01:41:56','2021-06-04 01:41:56','8a74a729-21ea-4c14-89f5-6a1f8bfd0ab2','Design','<p>Deserunt rerum perspiciatis quaerat quam numquam assumenda neque. Quis dolores totam voluptatibus molestiae non. Quae exercitationem cum numquam repudiandae. Beatae eum quae. Ut ex unde rem quod ipsum consequatur. blanditiis temporibus pariatur voluptatibus molestiae.</p>'),(27,168,1,'2021-06-04 01:41:56','2021-06-04 01:41:56','45fe0345-b1bb-4579-9377-ca255679bc84','Build','Deserunt rerum perspiciatis quaerat quam numquam assumenda neque. Quis dolores totam voluptatibus molestiae non. Quae exercitationem cum numquam repudiandae. Beatae eum quae. Ut ex unde rem quod ipsum consequatur. blanditiis temporibus pariatur voluptatibus molestiae.'),(28,169,1,'2021-06-04 01:41:56','2021-06-04 01:41:56','97a94772-f665-4869-a083-799dc40aefbc','Launch','Deserunt rerum perspiciatis quaerat quam numquam assumenda neque. Quis dolores totam voluptatibus molestiae non. Quae exercitationem cum numquam repudiandae. Beatae eum quae. Ut ex unde rem quod ipsum consequatur. blanditiis temporibus pariatur voluptatibus molestiae.'),(29,179,1,'2021-06-04 02:24:25','2021-06-04 02:24:25','d1a73c44-5b9c-425c-9b84-cdde5c288b3a','Define','<p>Deserunt rerum perspiciatis quaerat quam numquam assumenda neque. Quis dolores totam voluptatibus molestiae non. Quae exercitationem cum numquam repudiandae. Beatae eum quae. Ut ex unde rem quod ipsum consequatur. blanditiis temporibus pariatur voluptatibus molestiae.</p>'),(30,180,1,'2021-06-04 02:24:25','2021-06-04 02:24:25','a6fed38f-7f11-4026-859f-ede66a051cd6','Design','<p>Deserunt rerum perspiciatis quaerat quam numquam assumenda neque. Quis dolores totam voluptatibus molestiae non. Quae exercitationem cum numquam repudiandae. Beatae eum quae. Ut ex unde rem quod ipsum consequatur. blanditiis temporibus pariatur voluptatibus molestiae.</p>'),(31,181,1,'2021-06-04 02:24:25','2021-06-04 02:24:25','371641fe-b8df-469a-b22c-4d59d7e76df8','Build','Deserunt rerum perspiciatis quaerat quam numquam assumenda neque. Quis dolores totam voluptatibus molestiae non. Quae exercitationem cum numquam repudiandae. Beatae eum quae. Ut ex unde rem quod ipsum consequatur. blanditiis temporibus pariatur voluptatibus molestiae.'),(32,182,1,'2021-06-04 02:24:25','2021-06-04 02:24:25','ce903e5b-dc76-4b42-b3d2-5e083bf75815','Launch','Deserunt rerum perspiciatis quaerat quam numquam assumenda neque. Quis dolores totam voluptatibus molestiae non. Quae exercitationem cum numquam repudiandae. Beatae eum quae. Ut ex unde rem quod ipsum consequatur. blanditiis temporibus pariatur voluptatibus molestiae.'),(33,220,1,'2021-06-04 02:49:16','2021-06-04 02:49:16','8bf6f4cf-5ddc-4c8d-baa9-adbd9dfa9de1','Define','<p>Deserunt rerum perspiciatis quaerat quam numquam assumenda neque. Quis dolores totam voluptatibus molestiae non. Quae exercitationem cum numquam repudiandae. Beatae eum quae. Ut ex unde rem quod ipsum consequatur. blanditiis temporibus pariatur voluptatibus molestiae.</p>'),(34,221,1,'2021-06-04 02:49:17','2021-06-04 02:49:17','207ab214-4610-4560-a6c5-32e17dc50981','Design','<p>Deserunt rerum perspiciatis quaerat quam numquam assumenda neque. Quis dolores totam voluptatibus molestiae non. Quae exercitationem cum numquam repudiandae. Beatae eum quae. Ut ex unde rem quod ipsum consequatur. blanditiis temporibus pariatur voluptatibus molestiae.</p>'),(35,222,1,'2021-06-04 02:49:17','2021-06-04 02:49:17','ac2b12bf-5edc-4f5b-b8bf-2732d99a7e56','Build','Deserunt rerum perspiciatis quaerat quam numquam assumenda neque. Quis dolores totam voluptatibus molestiae non. Quae exercitationem cum numquam repudiandae. Beatae eum quae. Ut ex unde rem quod ipsum consequatur. blanditiis temporibus pariatur voluptatibus molestiae.'),(36,223,1,'2021-06-04 02:49:17','2021-06-04 02:49:17','c81025a2-1d1e-4494-bdc8-f53dc202c8eb','Launch','Deserunt rerum perspiciatis quaerat quam numquam assumenda neque. Quis dolores totam voluptatibus molestiae non. Quae exercitationem cum numquam repudiandae. Beatae eum quae. Ut ex unde rem quod ipsum consequatur. blanditiis temporibus pariatur voluptatibus molestiae.'),(37,237,1,'2021-06-04 04:54:20','2021-06-04 04:54:20','dfb12e1f-cca5-4ea2-af68-02e9c1961467','Define','<p>Deserunt rerum perspiciatis quaerat quam numquam assumenda neque. Quis dolores totam voluptatibus molestiae non. Quae exercitationem cum numquam repudiandae. Beatae eum quae. Ut ex unde rem quod ipsum consequatur. blanditiis temporibus pariatur voluptatibus molestiae.</p>'),(38,238,1,'2021-06-04 04:54:20','2021-06-04 04:54:20','ef0e0c40-1f92-458f-ad1f-913ca1c1859a','Design','<p>Deserunt rerum perspiciatis quaerat quam numquam assumenda neque. Quis dolores totam voluptatibus molestiae non. Quae exercitationem cum numquam repudiandae. Beatae eum quae. Ut ex unde rem quod ipsum consequatur. blanditiis temporibus pariatur voluptatibus molestiae.</p>'),(39,239,1,'2021-06-04 04:54:20','2021-06-04 04:54:20','55360aad-91aa-4a83-a2c3-9968347ea477','Build','Deserunt rerum perspiciatis quaerat quam numquam assumenda neque. Quis dolores totam voluptatibus molestiae non. Quae exercitationem cum numquam repudiandae. Beatae eum quae. Ut ex unde rem quod ipsum consequatur. blanditiis temporibus pariatur voluptatibus molestiae.'),(40,240,1,'2021-06-04 04:54:22','2021-06-04 04:54:22','20b59752-0b21-44cd-8da7-321d73af1878','Launch','Deserunt rerum perspiciatis quaerat quam numquam assumenda neque. Quis dolores totam voluptatibus molestiae non. Quae exercitationem cum numquam repudiandae. Beatae eum quae. Ut ex unde rem quod ipsum consequatur. blanditiis temporibus pariatur voluptatibus molestiae.'),(41,266,1,'2021-06-04 05:03:24','2021-06-04 05:03:24','478d0781-c329-4de1-9043-157d95a9d2bc','Define','<p>Deserunt rerum perspiciatis quaerat quam numquam assumenda neque. Quis dolores totam voluptatibus molestiae non. Quae exercitationem cum numquam repudiandae. Beatae eum quae. Ut ex unde rem quod ipsum consequatur. blanditiis temporibus pariatur voluptatibus molestiae.</p>'),(42,267,1,'2021-06-04 05:03:24','2021-06-04 05:03:24','2855ede8-38b3-4f9b-a32a-d0ed92913359','Design','<p>Deserunt rerum perspiciatis quaerat quam numquam assumenda neque. Quis dolores totam voluptatibus molestiae non. Quae exercitationem cum numquam repudiandae. Beatae eum quae. Ut ex unde rem quod ipsum consequatur. blanditiis temporibus pariatur voluptatibus molestiae.</p>'),(43,268,1,'2021-06-04 05:03:24','2021-06-04 05:03:24','d8e16929-c377-4fd1-a837-32363a0e64b0','Build','Deserunt rerum perspiciatis quaerat quam numquam assumenda neque. Quis dolores totam voluptatibus molestiae non. Quae exercitationem cum numquam repudiandae. Beatae eum quae. Ut ex unde rem quod ipsum consequatur. blanditiis temporibus pariatur voluptatibus molestiae.'),(44,269,1,'2021-06-04 05:03:24','2021-06-04 05:03:24','b0396fca-b8da-4092-bd56-c4fb0f4418c3','Launch','Deserunt rerum perspiciatis quaerat quam numquam assumenda neque. Quis dolores totam voluptatibus molestiae non. Quae exercitationem cum numquam repudiandae. Beatae eum quae. Ut ex unde rem quod ipsum consequatur. blanditiis temporibus pariatur voluptatibus molestiae.'),(45,292,1,'2021-06-04 05:34:01','2021-06-04 05:34:01','ef9a22c1-b09b-4e0f-a4c0-a1ecebb3fa2e','Define','<p>Deserunt rerum perspiciatis quaerat quam numquam assumenda neque. Quis dolores totam voluptatibus molestiae non. Quae exercitationem cum numquam repudiandae. Beatae eum quae. Ut ex unde rem quod ipsum consequatur. blanditiis temporibus pariatur voluptatibus molestiae.</p>'),(46,293,1,'2021-06-04 05:34:01','2021-06-04 05:34:01','fc4510f5-ce99-4e7c-a84c-fc18911af486','Design','<p>Deserunt rerum perspiciatis quaerat quam numquam assumenda neque. Quis dolores totam voluptatibus molestiae non. Quae exercitationem cum numquam repudiandae. Beatae eum quae. Ut ex unde rem quod ipsum consequatur. blanditiis temporibus pariatur voluptatibus molestiae.</p>'),(47,294,1,'2021-06-04 05:34:01','2021-06-04 05:34:01','44ee06de-1226-41ee-aaab-d21d5d57b24d','Build','Deserunt rerum perspiciatis quaerat quam numquam assumenda neque. Quis dolores totam voluptatibus molestiae non. Quae exercitationem cum numquam repudiandae. Beatae eum quae. Ut ex unde rem quod ipsum consequatur. blanditiis temporibus pariatur voluptatibus molestiae.'),(48,295,1,'2021-06-04 05:34:01','2021-06-04 05:34:01','76010dc0-e221-42e9-81a4-9f78c03287b2','Launch','Deserunt rerum perspiciatis quaerat quam numquam assumenda neque. Quis dolores totam voluptatibus molestiae non. Quae exercitationem cum numquam repudiandae. Beatae eum quae. Ut ex unde rem quod ipsum consequatur. blanditiis temporibus pariatur voluptatibus molestiae.'),(49,329,1,'2021-06-04 05:39:40','2021-06-04 05:39:40','45056010-672c-40dc-ae06-039e91bcba3f','Define','<p>Deserunt rerum perspiciatis quaerat quam numquam assumenda neque. Quis dolores totam voluptatibus molestiae non. Quae exercitationem cum numquam repudiandae. Beatae eum quae. Ut ex unde rem quod ipsum consequatur. blanditiis temporibus pariatur voluptatibus molestiae.</p>'),(50,330,1,'2021-06-04 05:39:40','2021-06-04 05:39:40','b1f9e92c-50c3-46b1-80a8-b8cda38333f5','Design','<p>Deserunt rerum perspiciatis quaerat quam numquam assumenda neque. Quis dolores totam voluptatibus molestiae non. Quae exercitationem cum numquam repudiandae. Beatae eum quae. Ut ex unde rem quod ipsum consequatur. blanditiis temporibus pariatur voluptatibus molestiae.</p>'),(51,331,1,'2021-06-04 05:39:40','2021-06-04 05:39:40','18f72a2c-b7d6-4993-af5d-94689f744936','Build','Deserunt rerum perspiciatis quaerat quam numquam assumenda neque. Quis dolores totam voluptatibus molestiae non. Quae exercitationem cum numquam repudiandae. Beatae eum quae. Ut ex unde rem quod ipsum consequatur. blanditiis temporibus pariatur voluptatibus molestiae.'),(52,332,1,'2021-06-04 05:39:40','2021-06-04 05:39:40','52c7e9e9-b7c3-4231-b0e3-28ed3e6ee733','Launch','Deserunt rerum perspiciatis quaerat quam numquam assumenda neque. Quis dolores totam voluptatibus molestiae non. Quae exercitationem cum numquam repudiandae. Beatae eum quae. Ut ex unde rem quod ipsum consequatur. blanditiis temporibus pariatur voluptatibus molestiae.');
/*!40000 ALTER TABLE `ccsf_matrixcontent_process` ENABLE KEYS */;
UNLOCK TABLES;
commit;

--
-- Dumping data for table `ccsf_matrixcontent_services`
--

LOCK TABLES `ccsf_matrixcontent_services` WRITE;
/*!40000 ALTER TABLE `ccsf_matrixcontent_services` DISABLE KEYS */;
set autocommit=0;
INSERT INTO `ccsf_matrixcontent_services` VALUES (1,112,1,'2021-06-03 15:07:57','2021-06-03 15:17:58','c5d1b42f-b983-4c0c-bbf6-d6c85ad35246','<p>Deserunt rerum perspiciatis quaerat quam numquam assumenda neque. Quis dolores totam voluptatibus molestiae non. Quae exercitationem cum numquam repudiandae. Beatae eum quae. Ut ex unde rem quod ipsum consequatur. blanditiis temporibus pariatur voluptatibus molestiae.</p>','Product Design'),(2,113,1,'2021-06-03 15:07:57','2021-06-03 15:17:58','6e9afe46-e130-46d5-86c9-3779a1f8a801','Deserunt rerum perspiciatis quaerat quam numquam assumenda neque. Quis dolores totam voluptatibus molestiae non. Quae exercitationem cum numquam repudiandae. Beatae eum quae. Ut ex unde rem quod ipsum consequatur. blanditiis temporibus pariatur voluptatibus molestiae.','Branding'),(3,114,1,'2021-06-03 15:07:57','2021-06-03 15:17:58','20040d82-7f5a-4b11-8c90-b4fb444a5a9d','<p>Deserunt rerum perspiciatis quaerat quam numquam assumenda neque. Quis dolores totam voluptatibus molestiae non. Quae exercitationem cum numquam repudiandae. Beatae eum quae. Ut ex unde rem quod ipsum consequatur. blanditiis temporibus pariatur voluptatibus molestiae.</p>','Frontend Development'),(4,115,1,'2021-06-03 15:07:57','2021-06-03 15:17:58','c2dd14a9-111f-4cbd-b299-86352348bac0','<p>Deserunt rerum perspiciatis quaerat quam numquam assumenda neque. Quis dolores totam voluptatibus molestiae non. Quae exercitationem cum numquam repudiandae. Beatae eum quae. Ut ex unde rem quod ipsum consequatur. blanditiis temporibus pariatur voluptatibus molestiae.</p>','UX Research'),(5,116,1,'2021-06-03 15:07:57','2021-06-03 15:17:58','adbf8f47-583f-4d5b-a3cc-42e66d6a674e','<p>Deserunt rerum perspiciatis quaerat quam numquam assumenda neque. Quis dolores totam voluptatibus molestiae non. Quae exercitationem cum numquam repudiandae. Beatae eum quae. Ut ex unde rem quod ipsum consequatur. blanditiis temporibus pariatur voluptatibus molestiae.</p>','Illustration'),(6,117,1,'2021-06-03 15:07:57','2021-06-03 15:17:58','9922a630-3bfb-4fd9-a170-f8c372331a88','<p>Deserunt rerum perspiciatis quaerat quam numquam assumenda neque. Quis dolores totam voluptatibus molestiae non. Quae exercitationem cum numquam repudiandae. Beatae eum quae. Ut ex unde rem quod ipsum consequatur. blanditiis temporibus pariatur voluptatibus molestiae.</p>','E-Commerce'),(7,123,1,'2021-06-03 15:08:01','2021-06-03 15:08:01','4e9a06f3-82f2-4f72-848c-4861f61847a7','<p>Deserunt rerum perspiciatis quaerat quam numquam assumenda neque. Quis dolores totam voluptatibus molestiae non. Quae exercitationem cum numquam repudiandae. Beatae eum quae. Ut ex unde rem quod ipsum consequatur. blanditiis temporibus pariatur voluptatibus molestiae.</p>','Product Design'),(8,124,1,'2021-06-03 15:08:01','2021-06-03 15:08:01','f483ef9e-cd5d-434b-9336-973c6c523459','Deserunt rerum perspiciatis quaerat quam numquam assumenda neque. Quis dolores totam voluptatibus molestiae non. Quae exercitationem cum numquam repudiandae. Beatae eum quae. Ut ex unde rem quod ipsum consequatur. blanditiis temporibus pariatur voluptatibus molestiae.','Branding'),(9,125,1,'2021-06-03 15:08:01','2021-06-03 15:08:01','0db92b0f-daa9-40ec-8e3c-f59dc2c17461','<p>Deserunt rerum perspiciatis quaerat quam numquam assumenda neque. Quis dolores totam voluptatibus molestiae non. Quae exercitationem cum numquam repudiandae. Beatae eum quae. Ut ex unde rem quod ipsum consequatur. blanditiis temporibus pariatur voluptatibus molestiae.</p>','Frontend Development'),(10,126,1,'2021-06-03 15:08:01','2021-06-03 15:08:01','e0b323a7-1711-4c56-b863-e6268d9729a5','<p>Deserunt rerum perspiciatis quaerat quam numquam assumenda neque. Quis dolores totam voluptatibus molestiae non. Quae exercitationem cum numquam repudiandae. Beatae eum quae. Ut ex unde rem quod ipsum consequatur. blanditiis temporibus pariatur voluptatibus molestiae.</p>','UX Research'),(11,127,1,'2021-06-03 15:08:01','2021-06-03 15:08:01','e2eec44d-e328-4765-97f2-551ac70af3be','<p>Deserunt rerum perspiciatis quaerat quam numquam assumenda neque. Quis dolores totam voluptatibus molestiae non. Quae exercitationem cum numquam repudiandae. Beatae eum quae. Ut ex unde rem quod ipsum consequatur. blanditiis temporibus pariatur voluptatibus molestiae.</p>','Illustration'),(12,128,1,'2021-06-03 15:08:01','2021-06-03 15:08:01','6098259d-c6ae-4ecd-bf54-be83eeaf5d32','<p>Deserunt rerum perspiciatis quaerat quam numquam assumenda neque. Quis dolores totam voluptatibus molestiae non. Quae exercitationem cum numquam repudiandae. Beatae eum quae. Ut ex unde rem quod ipsum consequatur. blanditiis temporibus pariatur voluptatibus molestiae.</p>','E-Commerce'),(13,134,1,'2021-06-03 15:08:54','2021-06-03 15:08:54','67b082c7-1187-4315-96f7-2c2d38f01f51','<p>Deserunt rerum perspiciatis quaerat quam numquam assumenda neque. Quis dolores totam voluptatibus molestiae non. Quae exercitationem cum numquam repudiandae. Beatae eum quae. Ut ex unde rem quod ipsum consequatur. blanditiis temporibus pariatur voluptatibus molestiae.</p>','Product Design'),(14,135,1,'2021-06-03 15:08:54','2021-06-03 15:08:54','c9af333d-4b11-4e4f-bef4-30e08cb18f4d','Deserunt rerum perspiciatis quaerat quam numquam assumenda neque. Quis dolores totam voluptatibus molestiae non. Quae exercitationem cum numquam repudiandae. Beatae eum quae. Ut ex unde rem quod ipsum consequatur. blanditiis temporibus pariatur voluptatibus molestiae.','Branding'),(15,136,1,'2021-06-03 15:08:54','2021-06-03 15:08:54','7d069ba8-660e-4652-8d8c-15e78604cbd3','<p>Deserunt rerum perspiciatis quaerat quam numquam assumenda neque. Quis dolores totam voluptatibus molestiae non. Quae exercitationem cum numquam repudiandae. Beatae eum quae. Ut ex unde rem quod ipsum consequatur. blanditiis temporibus pariatur voluptatibus molestiae.</p>','Frontend Development'),(16,137,1,'2021-06-03 15:08:54','2021-06-03 15:08:54','1d7c4963-8671-43e4-be0a-07b3ee8d3c8a','<p>Deserunt rerum perspiciatis quaerat quam numquam assumenda neque. Quis dolores totam voluptatibus molestiae non. Quae exercitationem cum numquam repudiandae. Beatae eum quae. Ut ex unde rem quod ipsum consequatur. blanditiis temporibus pariatur voluptatibus molestiae.</p>','UX Research'),(17,138,1,'2021-06-03 15:08:54','2021-06-03 15:08:54','2176b0fb-37fc-4fd3-87c2-8b0c3cc00b76','<p>Deserunt rerum perspiciatis quaerat quam numquam assumenda neque. Quis dolores totam voluptatibus molestiae non. Quae exercitationem cum numquam repudiandae. Beatae eum quae. Ut ex unde rem quod ipsum consequatur. blanditiis temporibus pariatur voluptatibus molestiae.</p>','Illustration'),(18,139,1,'2021-06-03 15:08:54','2021-06-03 15:08:54','69add124-00e9-40a6-ad8e-504eabd8811a','<p>Deserunt rerum perspiciatis quaerat quam numquam assumenda neque. Quis dolores totam voluptatibus molestiae non. Quae exercitationem cum numquam repudiandae. Beatae eum quae. Ut ex unde rem quod ipsum consequatur. blanditiis temporibus pariatur voluptatibus molestiae.</p>','E-Commerce'),(19,151,1,'2021-06-03 15:17:59','2021-06-03 15:17:59','facba648-b187-4bd8-9883-b8fb26d5ad4e','<p>Deserunt rerum perspiciatis quaerat quam numquam assumenda neque. Quis dolores totam voluptatibus molestiae non. Quae exercitationem cum numquam repudiandae. Beatae eum quae. Ut ex unde rem quod ipsum consequatur. blanditiis temporibus pariatur voluptatibus molestiae.</p>','Product Design'),(20,152,1,'2021-06-03 15:17:59','2021-06-03 15:17:59','d9f65c55-88a2-4b54-9897-95422d0b70fa','Deserunt rerum perspiciatis quaerat quam numquam assumenda neque. Quis dolores totam voluptatibus molestiae non. Quae exercitationem cum numquam repudiandae. Beatae eum quae. Ut ex unde rem quod ipsum consequatur. blanditiis temporibus pariatur voluptatibus molestiae.','Branding'),(21,153,1,'2021-06-03 15:17:59','2021-06-03 15:17:59','d8ef032f-0010-4615-9645-f96afd61e3e2','<p>Deserunt rerum perspiciatis quaerat quam numquam assumenda neque. Quis dolores totam voluptatibus molestiae non. Quae exercitationem cum numquam repudiandae. Beatae eum quae. Ut ex unde rem quod ipsum consequatur. blanditiis temporibus pariatur voluptatibus molestiae.</p>','Frontend Development'),(22,154,1,'2021-06-03 15:17:59','2021-06-03 15:17:59','1dfbe013-9872-4a8b-afab-c2eb124bf46d','<p>Deserunt rerum perspiciatis quaerat quam numquam assumenda neque. Quis dolores totam voluptatibus molestiae non. Quae exercitationem cum numquam repudiandae. Beatae eum quae. Ut ex unde rem quod ipsum consequatur. blanditiis temporibus pariatur voluptatibus molestiae.</p>','UX Research'),(23,155,1,'2021-06-03 15:17:59','2021-06-03 15:17:59','f2f00b03-6211-4e55-a5be-26b440c454e2','<p>Deserunt rerum perspiciatis quaerat quam numquam assumenda neque. Quis dolores totam voluptatibus molestiae non. Quae exercitationem cum numquam repudiandae. Beatae eum quae. Ut ex unde rem quod ipsum consequatur. blanditiis temporibus pariatur voluptatibus molestiae.</p>','Illustration'),(24,156,1,'2021-06-03 15:17:59','2021-06-03 15:17:59','ebd03aea-386a-4469-95a7-2d6c8e9f3d74','<p>Deserunt rerum perspiciatis quaerat quam numquam assumenda neque. Quis dolores totam voluptatibus molestiae non. Quae exercitationem cum numquam repudiandae. Beatae eum quae. Ut ex unde rem quod ipsum consequatur. blanditiis temporibus pariatur voluptatibus molestiae.</p>','E-Commerce'),(25,160,1,'2021-06-04 01:41:54','2021-06-04 01:41:54','900fbfed-ba5b-47c9-ac2b-1703ae701286','<p>Deserunt rerum perspiciatis quaerat quam numquam assumenda neque. Quis dolores totam voluptatibus molestiae non. Quae exercitationem cum numquam repudiandae. Beatae eum quae. Ut ex unde rem quod ipsum consequatur. blanditiis temporibus pariatur voluptatibus molestiae.</p>','Product Design'),(26,161,1,'2021-06-04 01:41:54','2021-06-04 01:41:54','2b280902-b164-4aff-9f5b-07b2219f3222','Deserunt rerum perspiciatis quaerat quam numquam assumenda neque. Quis dolores totam voluptatibus molestiae non. Quae exercitationem cum numquam repudiandae. Beatae eum quae. Ut ex unde rem quod ipsum consequatur. blanditiis temporibus pariatur voluptatibus molestiae.','Branding'),(27,162,1,'2021-06-04 01:41:54','2021-06-04 01:41:54','378fc48a-aec4-4c51-b4ad-5056e9aa42fa','<p>Deserunt rerum perspiciatis quaerat quam numquam assumenda neque. Quis dolores totam voluptatibus molestiae non. Quae exercitationem cum numquam repudiandae. Beatae eum quae. Ut ex unde rem quod ipsum consequatur. blanditiis temporibus pariatur voluptatibus molestiae.</p>','Frontend Development'),(28,163,1,'2021-06-04 01:41:56','2021-06-04 01:41:56','6f1f978a-2746-4057-bfab-d8698a082a3d','<p>Deserunt rerum perspiciatis quaerat quam numquam assumenda neque. Quis dolores totam voluptatibus molestiae non. Quae exercitationem cum numquam repudiandae. Beatae eum quae. Ut ex unde rem quod ipsum consequatur. blanditiis temporibus pariatur voluptatibus molestiae.</p>','UX Research'),(29,164,1,'2021-06-04 01:41:56','2021-06-04 01:41:56','8ac50fe2-c0b8-49eb-bd84-f6fcc1dce760','<p>Deserunt rerum perspiciatis quaerat quam numquam assumenda neque. Quis dolores totam voluptatibus molestiae non. Quae exercitationem cum numquam repudiandae. Beatae eum quae. Ut ex unde rem quod ipsum consequatur. blanditiis temporibus pariatur voluptatibus molestiae.</p>','Illustration'),(30,165,1,'2021-06-04 01:41:56','2021-06-04 01:41:56','9b18df7e-e7af-4062-af1a-5f8476959262','<p>Deserunt rerum perspiciatis quaerat quam numquam assumenda neque. Quis dolores totam voluptatibus molestiae non. Quae exercitationem cum numquam repudiandae. Beatae eum quae. Ut ex unde rem quod ipsum consequatur. blanditiis temporibus pariatur voluptatibus molestiae.</p>','E-Commerce'),(31,173,1,'2021-06-04 02:24:25','2021-06-04 02:24:25','a378adc5-668b-440b-9628-a6a9d095e937','<p>Deserunt rerum perspiciatis quaerat quam numquam assumenda neque. Quis dolores totam voluptatibus molestiae non. Quae exercitationem cum numquam repudiandae. Beatae eum quae. Ut ex unde rem quod ipsum consequatur. blanditiis temporibus pariatur voluptatibus molestiae.</p>','Product Design'),(32,174,1,'2021-06-04 02:24:25','2021-06-04 02:24:25','9bb730f6-7b2a-404f-99ea-46c5c27b85c3','Deserunt rerum perspiciatis quaerat quam numquam assumenda neque. Quis dolores totam voluptatibus molestiae non. Quae exercitationem cum numquam repudiandae. Beatae eum quae. Ut ex unde rem quod ipsum consequatur. blanditiis temporibus pariatur voluptatibus molestiae.','Branding'),(33,175,1,'2021-06-04 02:24:25','2021-06-04 02:24:25','8a8c6d3b-a65a-4c81-bb28-2e4092d84fb8','<p>Deserunt rerum perspiciatis quaerat quam numquam assumenda neque. Quis dolores totam voluptatibus molestiae non. Quae exercitationem cum numquam repudiandae. Beatae eum quae. Ut ex unde rem quod ipsum consequatur. blanditiis temporibus pariatur voluptatibus molestiae.</p>','Frontend Development'),(34,176,1,'2021-06-04 02:24:25','2021-06-04 02:24:25','c5e49102-8fb5-47cc-bbfb-ad294d2c5cc7','<p>Deserunt rerum perspiciatis quaerat quam numquam assumenda neque. Quis dolores totam voluptatibus molestiae non. Quae exercitationem cum numquam repudiandae. Beatae eum quae. Ut ex unde rem quod ipsum consequatur. blanditiis temporibus pariatur voluptatibus molestiae.</p>','UX Research'),(35,177,1,'2021-06-04 02:24:25','2021-06-04 02:24:25','0cd1bdad-f4bb-4c23-a2fc-fefad29cf6a5','<p>Deserunt rerum perspiciatis quaerat quam numquam assumenda neque. Quis dolores totam voluptatibus molestiae non. Quae exercitationem cum numquam repudiandae. Beatae eum quae. Ut ex unde rem quod ipsum consequatur. blanditiis temporibus pariatur voluptatibus molestiae.</p>','Illustration'),(36,178,1,'2021-06-04 02:24:25','2021-06-04 02:24:25','1b7d04e9-646b-43e7-910c-665be3c5f212','<p>Deserunt rerum perspiciatis quaerat quam numquam assumenda neque. Quis dolores totam voluptatibus molestiae non. Quae exercitationem cum numquam repudiandae. Beatae eum quae. Ut ex unde rem quod ipsum consequatur. blanditiis temporibus pariatur voluptatibus molestiae.</p>','E-Commerce'),(37,214,1,'2021-06-04 02:49:16','2021-06-04 02:49:16','78c93878-0501-4d20-b1c8-a5194a1f8b72','<p>Deserunt rerum perspiciatis quaerat quam numquam assumenda neque. Quis dolores totam voluptatibus molestiae non. Quae exercitationem cum numquam repudiandae. Beatae eum quae. Ut ex unde rem quod ipsum consequatur. blanditiis temporibus pariatur voluptatibus molestiae.</p>','Product Design'),(38,215,1,'2021-06-04 02:49:16','2021-06-04 02:49:16','b17d5c79-a4ce-46f6-b900-2f269ab73048','Deserunt rerum perspiciatis quaerat quam numquam assumenda neque. Quis dolores totam voluptatibus molestiae non. Quae exercitationem cum numquam repudiandae. Beatae eum quae. Ut ex unde rem quod ipsum consequatur. blanditiis temporibus pariatur voluptatibus molestiae.','Branding'),(39,216,1,'2021-06-04 02:49:16','2021-06-04 02:49:16','77d67a0e-7260-4cbe-9717-20e91a465809','<p>Deserunt rerum perspiciatis quaerat quam numquam assumenda neque. Quis dolores totam voluptatibus molestiae non. Quae exercitationem cum numquam repudiandae. Beatae eum quae. Ut ex unde rem quod ipsum consequatur. blanditiis temporibus pariatur voluptatibus molestiae.</p>','Frontend Development'),(40,217,1,'2021-06-04 02:49:16','2021-06-04 02:49:16','9adaea6a-6cc5-4744-89e2-d367a33c8225','<p>Deserunt rerum perspiciatis quaerat quam numquam assumenda neque. Quis dolores totam voluptatibus molestiae non. Quae exercitationem cum numquam repudiandae. Beatae eum quae. Ut ex unde rem quod ipsum consequatur. blanditiis temporibus pariatur voluptatibus molestiae.</p>','UX Research'),(41,218,1,'2021-06-04 02:49:16','2021-06-04 02:49:16','507c6028-15af-4cb6-8134-b8f3b0d08782','<p>Deserunt rerum perspiciatis quaerat quam numquam assumenda neque. Quis dolores totam voluptatibus molestiae non. Quae exercitationem cum numquam repudiandae. Beatae eum quae. Ut ex unde rem quod ipsum consequatur. blanditiis temporibus pariatur voluptatibus molestiae.</p>','Illustration'),(42,219,1,'2021-06-04 02:49:16','2021-06-04 02:49:16','b452c6c0-7909-4d4b-a18d-3a756cb19ee7','<p>Deserunt rerum perspiciatis quaerat quam numquam assumenda neque. Quis dolores totam voluptatibus molestiae non. Quae exercitationem cum numquam repudiandae. Beatae eum quae. Ut ex unde rem quod ipsum consequatur. blanditiis temporibus pariatur voluptatibus molestiae.</p>','E-Commerce'),(43,231,1,'2021-06-04 04:54:20','2021-06-04 04:54:20','1d8112f0-0b74-46c4-b1b9-77fc5f85d47b','<p>Deserunt rerum perspiciatis quaerat quam numquam assumenda neque. Quis dolores totam voluptatibus molestiae non. Quae exercitationem cum numquam repudiandae. Beatae eum quae. Ut ex unde rem quod ipsum consequatur. blanditiis temporibus pariatur voluptatibus molestiae.</p>','Product Design'),(44,232,1,'2021-06-04 04:54:20','2021-06-04 04:54:20','b3615e10-6000-4c26-b391-7767664b6bf1','Deserunt rerum perspiciatis quaerat quam numquam assumenda neque. Quis dolores totam voluptatibus molestiae non. Quae exercitationem cum numquam repudiandae. Beatae eum quae. Ut ex unde rem quod ipsum consequatur. blanditiis temporibus pariatur voluptatibus molestiae.','Branding'),(45,233,1,'2021-06-04 04:54:20','2021-06-04 04:54:20','2e9c22eb-8375-41d3-bb0a-0b7556d8486f','<p>Deserunt rerum perspiciatis quaerat quam numquam assumenda neque. Quis dolores totam voluptatibus molestiae non. Quae exercitationem cum numquam repudiandae. Beatae eum quae. Ut ex unde rem quod ipsum consequatur. blanditiis temporibus pariatur voluptatibus molestiae.</p>','Frontend Development'),(46,234,1,'2021-06-04 04:54:20','2021-06-04 04:54:20','eda2d9a9-d679-443c-9c00-7dc452625fe9','<p>Deserunt rerum perspiciatis quaerat quam numquam assumenda neque. Quis dolores totam voluptatibus molestiae non. Quae exercitationem cum numquam repudiandae. Beatae eum quae. Ut ex unde rem quod ipsum consequatur. blanditiis temporibus pariatur voluptatibus molestiae.</p>','UX Research'),(47,235,1,'2021-06-04 04:54:20','2021-06-04 04:54:20','1713a1f9-a4f0-4f93-bab6-ced52e299a66','<p>Deserunt rerum perspiciatis quaerat quam numquam assumenda neque. Quis dolores totam voluptatibus molestiae non. Quae exercitationem cum numquam repudiandae. Beatae eum quae. Ut ex unde rem quod ipsum consequatur. blanditiis temporibus pariatur voluptatibus molestiae.</p>','Illustration'),(48,236,1,'2021-06-04 04:54:20','2021-06-04 04:54:20','7693d917-3832-460e-a129-fa7fb933008f','<p>Deserunt rerum perspiciatis quaerat quam numquam assumenda neque. Quis dolores totam voluptatibus molestiae non. Quae exercitationem cum numquam repudiandae. Beatae eum quae. Ut ex unde rem quod ipsum consequatur. blanditiis temporibus pariatur voluptatibus molestiae.</p>','E-Commerce'),(49,260,1,'2021-06-04 05:03:21','2021-06-04 05:03:21','98f19a63-32ac-4945-8412-73f6cb7b86ae','<p>Deserunt rerum perspiciatis quaerat quam numquam assumenda neque. Quis dolores totam voluptatibus molestiae non. Quae exercitationem cum numquam repudiandae. Beatae eum quae. Ut ex unde rem quod ipsum consequatur. blanditiis temporibus pariatur voluptatibus molestiae.</p>','Product Design'),(50,261,1,'2021-06-04 05:03:22','2021-06-04 05:03:22','88aa9896-17ae-4178-aa83-c652c9126f8c','Deserunt rerum perspiciatis quaerat quam numquam assumenda neque. Quis dolores totam voluptatibus molestiae non. Quae exercitationem cum numquam repudiandae. Beatae eum quae. Ut ex unde rem quod ipsum consequatur. blanditiis temporibus pariatur voluptatibus molestiae.','Branding'),(51,262,1,'2021-06-04 05:03:22','2021-06-04 05:03:22','17168257-7e95-450a-91b3-b082f20f7580','<p>Deserunt rerum perspiciatis quaerat quam numquam assumenda neque. Quis dolores totam voluptatibus molestiae non. Quae exercitationem cum numquam repudiandae. Beatae eum quae. Ut ex unde rem quod ipsum consequatur. blanditiis temporibus pariatur voluptatibus molestiae.</p>','Frontend Development'),(52,263,1,'2021-06-04 05:03:23','2021-06-04 05:03:23','9bf81610-a85f-4d3d-a952-d50452d042d4','<p>Deserunt rerum perspiciatis quaerat quam numquam assumenda neque. Quis dolores totam voluptatibus molestiae non. Quae exercitationem cum numquam repudiandae. Beatae eum quae. Ut ex unde rem quod ipsum consequatur. blanditiis temporibus pariatur voluptatibus molestiae.</p>','UX Research'),(53,264,1,'2021-06-04 05:03:23','2021-06-04 05:03:23','e623da9c-d2aa-48df-9f97-779ca80959b8','<p>Deserunt rerum perspiciatis quaerat quam numquam assumenda neque. Quis dolores totam voluptatibus molestiae non. Quae exercitationem cum numquam repudiandae. Beatae eum quae. Ut ex unde rem quod ipsum consequatur. blanditiis temporibus pariatur voluptatibus molestiae.</p>','Illustration'),(54,265,1,'2021-06-04 05:03:24','2021-06-04 05:03:24','4ede6110-843a-41a5-ab43-1fb20efb7a63','<p>Deserunt rerum perspiciatis quaerat quam numquam assumenda neque. Quis dolores totam voluptatibus molestiae non. Quae exercitationem cum numquam repudiandae. Beatae eum quae. Ut ex unde rem quod ipsum consequatur. blanditiis temporibus pariatur voluptatibus molestiae.</p>','E-Commerce'),(55,286,1,'2021-06-04 05:33:59','2021-06-04 05:33:59','77b93cee-22fb-4444-aaa6-6c0bc4768e6b','<p>Deserunt rerum perspiciatis quaerat quam numquam assumenda neque. Quis dolores totam voluptatibus molestiae non. Quae exercitationem cum numquam repudiandae. Beatae eum quae. Ut ex unde rem quod ipsum consequatur. blanditiis temporibus pariatur voluptatibus molestiae.</p>','Product Design'),(56,287,1,'2021-06-04 05:33:59','2021-06-04 05:33:59','92db4a25-dfd1-44ce-8240-e42107b2ca47','Deserunt rerum perspiciatis quaerat quam numquam assumenda neque. Quis dolores totam voluptatibus molestiae non. Quae exercitationem cum numquam repudiandae. Beatae eum quae. Ut ex unde rem quod ipsum consequatur. blanditiis temporibus pariatur voluptatibus molestiae.','Branding'),(57,288,1,'2021-06-04 05:33:59','2021-06-04 05:33:59','56204ac3-ca15-4b1c-9e34-f33c61be8463','<p>Deserunt rerum perspiciatis quaerat quam numquam assumenda neque. Quis dolores totam voluptatibus molestiae non. Quae exercitationem cum numquam repudiandae. Beatae eum quae. Ut ex unde rem quod ipsum consequatur. blanditiis temporibus pariatur voluptatibus molestiae.</p>','Frontend Development'),(58,289,1,'2021-06-04 05:33:59','2021-06-04 05:33:59','bbf1141d-1e1f-4dce-898f-6e5b5fa3c221','<p>Deserunt rerum perspiciatis quaerat quam numquam assumenda neque. Quis dolores totam voluptatibus molestiae non. Quae exercitationem cum numquam repudiandae. Beatae eum quae. Ut ex unde rem quod ipsum consequatur. blanditiis temporibus pariatur voluptatibus molestiae.</p>','UX Research'),(59,290,1,'2021-06-04 05:33:59','2021-06-04 05:33:59','ca64b401-aef5-4886-87f5-4d4b7bea48b0','<p>Deserunt rerum perspiciatis quaerat quam numquam assumenda neque. Quis dolores totam voluptatibus molestiae non. Quae exercitationem cum numquam repudiandae. Beatae eum quae. Ut ex unde rem quod ipsum consequatur. blanditiis temporibus pariatur voluptatibus molestiae.</p>','Illustration'),(60,291,1,'2021-06-04 05:34:01','2021-06-04 05:34:01','3cfe2885-6189-4223-a631-e7a10811ba7b','<p>Deserunt rerum perspiciatis quaerat quam numquam assumenda neque. Quis dolores totam voluptatibus molestiae non. Quae exercitationem cum numquam repudiandae. Beatae eum quae. Ut ex unde rem quod ipsum consequatur. blanditiis temporibus pariatur voluptatibus molestiae.</p>','E-Commerce'),(61,323,1,'2021-06-04 05:39:39','2021-06-04 05:39:39','cedebf17-a1e5-43a7-a8d7-7b96147e508b','<p>Deserunt rerum perspiciatis quaerat quam numquam assumenda neque. Quis dolores totam voluptatibus molestiae non. Quae exercitationem cum numquam repudiandae. Beatae eum quae. Ut ex unde rem quod ipsum consequatur. blanditiis temporibus pariatur voluptatibus molestiae.</p>','Product Design'),(62,324,1,'2021-06-04 05:39:39','2021-06-04 05:39:39','d794457e-7bdd-4fbc-a06e-5b599df22200','Deserunt rerum perspiciatis quaerat quam numquam assumenda neque. Quis dolores totam voluptatibus molestiae non. Quae exercitationem cum numquam repudiandae. Beatae eum quae. Ut ex unde rem quod ipsum consequatur. blanditiis temporibus pariatur voluptatibus molestiae.','Branding'),(63,325,1,'2021-06-04 05:39:40','2021-06-04 05:39:40','1b0b3cc5-c855-47b4-ba98-28c72932f858','<p>Deserunt rerum perspiciatis quaerat quam numquam assumenda neque. Quis dolores totam voluptatibus molestiae non. Quae exercitationem cum numquam repudiandae. Beatae eum quae. Ut ex unde rem quod ipsum consequatur. blanditiis temporibus pariatur voluptatibus molestiae.</p>','Frontend Development'),(64,326,1,'2021-06-04 05:39:40','2021-06-04 05:39:40','3afb9392-826b-48c7-ac87-48b52876ed86','<p>Deserunt rerum perspiciatis quaerat quam numquam assumenda neque. Quis dolores totam voluptatibus molestiae non. Quae exercitationem cum numquam repudiandae. Beatae eum quae. Ut ex unde rem quod ipsum consequatur. blanditiis temporibus pariatur voluptatibus molestiae.</p>','UX Research'),(65,327,1,'2021-06-04 05:39:40','2021-06-04 05:39:40','0b0d94a5-fef7-4050-b062-6f4ea9e49468','<p>Deserunt rerum perspiciatis quaerat quam numquam assumenda neque. Quis dolores totam voluptatibus molestiae non. Quae exercitationem cum numquam repudiandae. Beatae eum quae. Ut ex unde rem quod ipsum consequatur. blanditiis temporibus pariatur voluptatibus molestiae.</p>','Illustration'),(66,328,1,'2021-06-04 05:39:40','2021-06-04 05:39:40','498a5e9f-2806-4334-83ab-3df7b3d17cb4','<p>Deserunt rerum perspiciatis quaerat quam numquam assumenda neque. Quis dolores totam voluptatibus molestiae non. Quae exercitationem cum numquam repudiandae. Beatae eum quae. Ut ex unde rem quod ipsum consequatur. blanditiis temporibus pariatur voluptatibus molestiae.</p>','E-Commerce');
/*!40000 ALTER TABLE `ccsf_matrixcontent_services` ENABLE KEYS */;
UNLOCK TABLES;
commit;

--
-- Dumping data for table `ccsf_matrixcontent_testimonials`
--

LOCK TABLES `ccsf_matrixcontent_testimonials` WRITE;
/*!40000 ALTER TABLE `ccsf_matrixcontent_testimonials` DISABLE KEYS */;
set autocommit=0;
INSERT INTO `ccsf_matrixcontent_testimonials` VALUES (1,245,1,'2021-06-04 05:03:15','2021-06-04 05:03:15','eb39a85c-37c6-43e3-9e0c-1cb8d78d604a','CEO, Apple','<p>Molestiae incidunt consequatur quis ipsa autem nam sit enim magni. Voluptas tempore rem. Explicabo a quaerat sint autem dolore ducimus ut consequatur neque. Nisi dolores quaerat fuga rem nihil nostrum. Laudantium quia consequatur molestias delectus culpa.</p>','Tim Cook'),(2,246,1,'2021-06-04 05:03:17','2021-06-04 05:03:17','ff0b5042-4219-4258-9a07-30ca92fc0b62','CEO, Google','<p>Excepturi nam cupiditate culpa doloremque deleniti repellat. Veniam quos repellat voluptas animi adipisci. Nisi eaque consequatur. Voluptatem dignissimos ut ducimus accusantium perspiciatis. Quasi voluptas eius distinctio. Atque eos maxime.</p>','Sundar Pichai'),(3,247,1,'2021-06-04 05:03:17','2021-06-04 05:03:17','a5180a5c-f58a-40c8-b674-99beb31c9c9f','CEO, Microsoft','<p>Repellat dignissimos libero. Qui sed at corrupti expedita voluptas odit. Nihil ea quia nesciunt. Ducimus aut sed ipsam. Autem eaque officia cum exercitationem sunt voluptatum accusamus. Quasi voluptas eius distinctio. Voluptatem dignissimos ut.</p>','Satya Nadella'),(4,248,1,'2021-06-04 05:03:17','2021-06-04 05:03:17','0a8a04ba-84b0-4b46-8d15-59ff228b1b5a','CEO, Amazon','Nunc interdum lacus sit amet orci. Vestibulum dapibus nunc ac augue. Fusce vel dui. In ac felis quis tortor malesuada pretium. Curabitur vestibulum aliquam leo. Qui sed at corrupti expedita voluptas odit. Nihil ea quia nesciunt. Ducimus aut sed ipsam.','Jeff Bezos'),(5,250,1,'2021-06-04 05:03:21','2021-06-04 05:03:21','2e9918a6-c6d1-4842-821b-e55a02fe1517','CEO, Apple','<p>Molestiae incidunt consequatur quis ipsa autem nam sit enim magni. Voluptas tempore rem. Explicabo a quaerat sint autem dolore ducimus ut consequatur neque. Nisi dolores quaerat fuga rem nihil nostrum. Laudantium quia consequatur molestias delectus culpa.</p>','Tim Cook'),(6,251,1,'2021-06-04 05:03:21','2021-06-04 05:03:21','7a230d49-13e5-4889-a7c5-68508e08b9f7','CEO, Google','<p>Excepturi nam cupiditate culpa doloremque deleniti repellat. Veniam quos repellat voluptas animi adipisci. Nisi eaque consequatur. Voluptatem dignissimos ut ducimus accusantium perspiciatis. Quasi voluptas eius distinctio. Atque eos maxime.</p>','Sundar Pichai'),(7,252,1,'2021-06-04 05:03:21','2021-06-04 05:03:21','cafe11f8-cc63-4c86-9137-badf38fd0bc2','CEO, Microsoft','<p>Repellat dignissimos libero. Qui sed at corrupti expedita voluptas odit. Nihil ea quia nesciunt. Ducimus aut sed ipsam. Autem eaque officia cum exercitationem sunt voluptatum accusamus. Quasi voluptas eius distinctio. Voluptatem dignissimos ut.</p>','Satya Nadella'),(8,253,1,'2021-06-04 05:03:21','2021-06-04 05:03:21','a5384526-8832-478f-acf3-71e496e7a9b3','CEO, Amazon','Nunc interdum lacus sit amet orci. Vestibulum dapibus nunc ac augue. Fusce vel dui. In ac felis quis tortor malesuada pretium. Curabitur vestibulum aliquam leo. Qui sed at corrupti expedita voluptas odit. Nihil ea quia nesciunt. Ducimus aut sed ipsam.','Jeff Bezos'),(9,276,1,'2021-06-04 05:33:58','2021-06-04 05:33:58','9eaacfed-f1f9-43af-bf23-42b5faaac16c','CEO, Apple','<p>Molestiae incidunt consequatur quis ipsa autem nam sit enim magni. Voluptas tempore rem. Explicabo a quaerat sint autem dolore ducimus ut consequatur neque. Nisi dolores quaerat fuga rem nihil nostrum. Laudantium quia consequatur molestias delectus culpa.</p>','Tim Cook'),(10,277,1,'2021-06-04 05:33:58','2021-06-04 05:33:58','81efcdb0-7845-4bfd-a7b9-5acc8a537c7d','CEO, Google','<p>Excepturi nam cupiditate culpa doloremque deleniti repellat. Veniam quos repellat voluptas animi adipisci. Nisi eaque consequatur. Voluptatem dignissimos ut ducimus accusantium perspiciatis. Quasi voluptas eius distinctio. Atque eos maxime.</p>','Sundar Pichai'),(11,278,1,'2021-06-04 05:33:58','2021-06-04 05:33:58','812e8178-a9d6-4d07-9f0b-c386cedadfa6','CEO, Microsoft','<p>Repellat dignissimos libero. Qui sed at corrupti expedita voluptas odit. Nihil ea quia nesciunt. Ducimus aut sed ipsam. Autem eaque officia cum exercitationem sunt voluptatum accusamus. Quasi voluptas eius distinctio. Voluptatem dignissimos ut.</p>','Satya Nadella'),(12,279,1,'2021-06-04 05:33:58','2021-06-04 05:33:58','58229fff-a03e-41b7-8a65-e9fbc37b9984','CEO, Amazon','Nunc interdum lacus sit amet orci. Vestibulum dapibus nunc ac augue. Fusce vel dui. In ac felis quis tortor malesuada pretium. Curabitur vestibulum aliquam leo. Qui sed at corrupti expedita voluptas odit. Nihil ea quia nesciunt. Ducimus aut sed ipsam.','Jeff Bezos'),(13,313,1,'2021-06-04 05:39:38','2021-06-04 05:39:38','4dbf72c0-82b6-4f57-8eae-0b3608878bd3','CEO, Apple','<p>Molestiae incidunt consequatur quis ipsa autem nam sit enim magni. Voluptas tempore rem. Explicabo a quaerat sint autem dolore ducimus ut consequatur neque. Nisi dolores quaerat fuga rem nihil nostrum. Laudantium quia consequatur molestias delectus culpa.</p>','Tim Cook'),(14,314,1,'2021-06-04 05:39:38','2021-06-04 05:39:38','bdbcecf2-6683-4db7-be18-c6ee774edf97','CEO, Google','<p>Excepturi nam cupiditate culpa doloremque deleniti repellat. Veniam quos repellat voluptas animi adipisci. Nisi eaque consequatur. Voluptatem dignissimos ut ducimus accusantium perspiciatis. Quasi voluptas eius distinctio. Atque eos maxime.</p>','Sundar Pichai'),(15,315,1,'2021-06-04 05:39:39','2021-06-04 05:39:39','1063ad20-4c8f-42c9-a118-2e7d9e76da17','CEO, Microsoft','<p>Repellat dignissimos libero. Qui sed at corrupti expedita voluptas odit. Nihil ea quia nesciunt. Ducimus aut sed ipsam. Autem eaque officia cum exercitationem sunt voluptatum accusamus. Quasi voluptas eius distinctio. Voluptatem dignissimos ut.</p>','Satya Nadella'),(16,316,1,'2021-06-04 05:39:39','2021-06-04 05:39:39','65d83bad-fe21-47ce-b790-a14cb2713442','CEO, Amazon','Nunc interdum lacus sit amet orci. Vestibulum dapibus nunc ac augue. Fusce vel dui. In ac felis quis tortor malesuada pretium. Curabitur vestibulum aliquam leo. Qui sed at corrupti expedita voluptas odit. Nihil ea quia nesciunt. Ducimus aut sed ipsam.','Jeff Bezos');
/*!40000 ALTER TABLE `ccsf_matrixcontent_testimonials` ENABLE KEYS */;
UNLOCK TABLES;
commit;

--
-- Dumping data for table `ccsf_migrations`
--

LOCK TABLES `ccsf_migrations` WRITE;
/*!40000 ALTER TABLE `ccsf_migrations` DISABLE KEYS */;
set autocommit=0;
INSERT INTO `ccsf_migrations` VALUES (1,'craft','Install','2021-05-31 13:40:03','2021-05-31 13:40:03','2021-05-31 13:40:03','fd743e2a-0097-4b5c-8ec6-8893f8bc57a6'),(2,'craft','m150403_183908_migrations_table_changes','2021-05-31 13:40:05','2021-05-31 13:40:05','2021-05-31 13:40:05','f6641c98-011d-448a-b851-766eb75413c1'),(3,'craft','m150403_184247_plugins_table_changes','2021-05-31 13:40:06','2021-05-31 13:40:06','2021-05-31 13:40:06','66d3b214-d190-4bc7-a5ee-bb4e7a64052c'),(4,'craft','m150403_184533_field_version','2021-05-31 13:40:06','2021-05-31 13:40:06','2021-05-31 13:40:06','d8b29595-6362-4bf2-9083-d98cc490d43c'),(5,'craft','m150403_184729_type_columns','2021-05-31 13:40:06','2021-05-31 13:40:06','2021-05-31 13:40:06','b136a33d-dcb6-4d63-acaf-0288329540d5'),(6,'craft','m150403_185142_volumes','2021-05-31 13:40:06','2021-05-31 13:40:06','2021-05-31 13:40:06','fff7dfe2-6a37-4740-bb25-26e9877ab429'),(7,'craft','m150428_231346_userpreferences','2021-05-31 13:40:06','2021-05-31 13:40:06','2021-05-31 13:40:06','7fd5f45d-5ba4-4f44-b1e9-d335a3ad4fb0'),(8,'craft','m150519_150900_fieldversion_conversion','2021-05-31 13:40:06','2021-05-31 13:40:06','2021-05-31 13:40:06','c996b40c-b7bc-4286-8762-317c8c3890af'),(9,'craft','m150617_213829_update_email_settings','2021-05-31 13:40:06','2021-05-31 13:40:06','2021-05-31 13:40:06','39a00d52-7259-4a9f-9010-77a16ab2d433'),(10,'craft','m150721_124739_templatecachequeries','2021-05-31 13:40:06','2021-05-31 13:40:06','2021-05-31 13:40:06','a7b8a8f5-b7c0-4e79-b85a-8e2cbb69e22e'),(11,'craft','m150724_140822_adjust_quality_settings','2021-05-31 13:40:06','2021-05-31 13:40:06','2021-05-31 13:40:06','c4c18c28-03aa-4c7d-a9c5-0ff13e36a274'),(12,'craft','m150815_133521_last_login_attempt_ip','2021-05-31 13:40:06','2021-05-31 13:40:06','2021-05-31 13:40:06','07a0b473-f9e6-45c5-a502-cddbe66bdf4c'),(13,'craft','m151002_095935_volume_cache_settings','2021-05-31 13:40:08','2021-05-31 13:40:08','2021-05-31 13:40:08','20f300fd-47f8-42b2-ba35-ae7f2d991da7'),(14,'craft','m151005_142750_volume_s3_storage_settings','2021-05-31 13:40:08','2021-05-31 13:40:08','2021-05-31 13:40:08','c4857131-4646-40af-850c-0ce781c4740f'),(15,'craft','m151016_133600_delete_asset_thumbnails','2021-05-31 13:40:08','2021-05-31 13:40:08','2021-05-31 13:40:08','826b96ae-0249-42b3-8e32-de8b51775f3a'),(16,'craft','m151209_000000_move_logo','2021-05-31 13:40:08','2021-05-31 13:40:08','2021-05-31 13:40:08','573e9118-4b51-4ce9-afa7-4d7f2f5c8594'),(17,'craft','m151211_000000_rename_fileId_to_assetId','2021-05-31 13:40:08','2021-05-31 13:40:08','2021-05-31 13:40:08','b17c7cbb-a9bc-4d0a-9724-7c6c90445778'),(18,'craft','m151215_000000_rename_asset_permissions','2021-05-31 13:40:08','2021-05-31 13:40:08','2021-05-31 13:40:08','facb0bc8-e6f8-4492-a45d-1d1d88f722fd'),(19,'craft','m160707_000001_rename_richtext_assetsource_setting','2021-05-31 13:40:08','2021-05-31 13:40:08','2021-05-31 13:40:08','3d8c26c9-be34-4d80-9376-be2625f57f97'),(20,'craft','m160708_185142_volume_hasUrls_setting','2021-05-31 13:40:08','2021-05-31 13:40:08','2021-05-31 13:40:08','ac5ff450-df0d-4dff-850f-45efd2b16f8f'),(21,'craft','m160714_000000_increase_max_asset_filesize','2021-05-31 13:40:08','2021-05-31 13:40:08','2021-05-31 13:40:08','70fecb76-5e6f-4ae8-a9d1-423c182b3316'),(22,'craft','m160727_194637_column_cleanup','2021-05-31 13:40:08','2021-05-31 13:40:08','2021-05-31 13:40:08','fd43dacb-866c-4214-96f6-04d06a21d469'),(23,'craft','m160804_110002_userphotos_to_assets','2021-05-31 13:40:08','2021-05-31 13:40:08','2021-05-31 13:40:08','edea96d4-7f9f-4806-9f01-b20d2baf2d0c'),(24,'craft','m160807_144858_sites','2021-05-31 13:40:08','2021-05-31 13:40:08','2021-05-31 13:40:08','5714bf05-7675-4c85-88d3-68e84a3ed8d2'),(25,'craft','m160829_000000_pending_user_content_cleanup','2021-05-31 13:40:08','2021-05-31 13:40:08','2021-05-31 13:40:08','f4156ec3-beb7-47db-ad96-8d254ab2caf1'),(26,'craft','m160830_000000_asset_index_uri_increase','2021-05-31 13:40:08','2021-05-31 13:40:08','2021-05-31 13:40:08','5d683ac9-3662-48d8-85f7-6b33ce98aacb'),(27,'craft','m160912_230520_require_entry_type_id','2021-05-31 13:40:08','2021-05-31 13:40:08','2021-05-31 13:40:08','fe612b47-61b7-454a-ba2f-ff12d6d60d79'),(28,'craft','m160913_134730_require_matrix_block_type_id','2021-05-31 13:40:08','2021-05-31 13:40:08','2021-05-31 13:40:08','3ee3d989-39a9-42a2-8ee0-d0e7ab31af21'),(29,'craft','m160920_174553_matrixblocks_owner_site_id_nullable','2021-05-31 13:40:08','2021-05-31 13:40:08','2021-05-31 13:40:08','829f124f-4f4b-452b-b5f1-7df03f81e9b4'),(30,'craft','m160920_231045_usergroup_handle_title_unique','2021-05-31 13:40:08','2021-05-31 13:40:08','2021-05-31 13:40:08','ef7975a6-bd85-49a0-87ff-cde033d15099'),(31,'craft','m160925_113941_route_uri_parts','2021-05-31 13:40:08','2021-05-31 13:40:08','2021-05-31 13:40:08','0705b4bb-5522-40a8-a1a4-85aa0d746717'),(32,'craft','m161006_205918_schemaVersion_not_null','2021-05-31 13:40:08','2021-05-31 13:40:08','2021-05-31 13:40:08','9862aac4-48f7-4c2d-a9ce-dda5be1430fd'),(33,'craft','m161007_130653_update_email_settings','2021-05-31 13:40:09','2021-05-31 13:40:09','2021-05-31 13:40:09','9399b3a6-258f-428b-9a1f-f5c3f54ce584'),(34,'craft','m161013_175052_newParentId','2021-05-31 13:40:09','2021-05-31 13:40:09','2021-05-31 13:40:09','f71e3771-7b75-4e5e-b5d7-1badd6782748'),(35,'craft','m161021_102916_fix_recent_entries_widgets','2021-05-31 13:40:09','2021-05-31 13:40:09','2021-05-31 13:40:09','3ff58bfc-4409-4d16-aa50-2b3e833c8ed6'),(36,'craft','m161021_182140_rename_get_help_widget','2021-05-31 13:40:09','2021-05-31 13:40:09','2021-05-31 13:40:09','3f2427e2-e4b4-4541-baa7-323b42cec08c'),(37,'craft','m161025_000000_fix_char_columns','2021-05-31 13:40:09','2021-05-31 13:40:09','2021-05-31 13:40:09','e537b5d5-593d-446b-90ed-59e69efa74d3'),(38,'craft','m161029_124145_email_message_languages','2021-05-31 13:40:09','2021-05-31 13:40:09','2021-05-31 13:40:09','62bc820d-de5c-43ba-a251-7507ff57351f'),(39,'craft','m161108_000000_new_version_format','2021-05-31 13:40:09','2021-05-31 13:40:09','2021-05-31 13:40:09','b93e6585-b48c-47c0-a6cc-cf217f865bc4'),(40,'craft','m161109_000000_index_shuffle','2021-05-31 13:40:09','2021-05-31 13:40:09','2021-05-31 13:40:09','56f07e06-fe71-4a38-9f7e-8b84e96a669e'),(41,'craft','m161122_185500_no_craft_app','2021-05-31 13:40:09','2021-05-31 13:40:09','2021-05-31 13:40:09','70166427-b680-43bd-9c18-3deb140c5501'),(42,'craft','m161125_150752_clear_urlmanager_cache','2021-05-31 13:40:09','2021-05-31 13:40:09','2021-05-31 13:40:09','e8fc05da-c231-47b9-a06c-a180c8dc7177'),(43,'craft','m161220_000000_volumes_hasurl_notnull','2021-05-31 13:40:09','2021-05-31 13:40:09','2021-05-31 13:40:09','8554786c-59a2-448b-8fa6-c5a53dc99f6c'),(44,'craft','m170114_161144_udates_permission','2021-05-31 13:40:09','2021-05-31 13:40:09','2021-05-31 13:40:09','5f2f0cfd-3563-4b4f-9be3-a52d02c54834'),(45,'craft','m170120_000000_schema_cleanup','2021-05-31 13:40:09','2021-05-31 13:40:09','2021-05-31 13:40:09','86658fae-b372-4555-8ef7-7c31cff10b09'),(46,'craft','m170126_000000_assets_focal_point','2021-05-31 13:40:09','2021-05-31 13:40:09','2021-05-31 13:40:09','0b330f4b-57e1-44f6-af4f-4195b3fb5bba'),(47,'craft','m170206_142126_system_name','2021-05-31 13:40:09','2021-05-31 13:40:09','2021-05-31 13:40:09','dc188845-ffca-4c29-b295-c019b2bfee48'),(48,'craft','m170217_044740_category_branch_limits','2021-05-31 13:40:09','2021-05-31 13:40:09','2021-05-31 13:40:09','ceab2c87-18f3-468f-b98d-ca6b9efe8647'),(49,'craft','m170217_120224_asset_indexing_columns','2021-05-31 13:40:09','2021-05-31 13:40:09','2021-05-31 13:40:09','bab22957-a12f-403f-bd99-ce10d017df4b'),(50,'craft','m170223_224012_plain_text_settings','2021-05-31 13:40:11','2021-05-31 13:40:11','2021-05-31 13:40:11','a995d1b6-0288-46a1-81df-ac2fa5a5f17c'),(51,'craft','m170227_120814_focal_point_percentage','2021-05-31 13:40:11','2021-05-31 13:40:11','2021-05-31 13:40:11','60812058-746b-4827-9791-27d0d791b67f'),(52,'craft','m170228_171113_system_messages','2021-05-31 13:40:11','2021-05-31 13:40:11','2021-05-31 13:40:11','681aa04d-c953-429e-8d88-602b33e67999'),(53,'craft','m170303_140500_asset_field_source_settings','2021-05-31 13:40:11','2021-05-31 13:40:11','2021-05-31 13:40:11','d14f2ea0-b743-4a06-827f-0b2f175cb28c'),(54,'craft','m170306_150500_asset_temporary_uploads','2021-05-31 13:40:11','2021-05-31 13:40:11','2021-05-31 13:40:11','027d92cf-f6dd-41aa-a314-9bb49f8a4d9d'),(55,'craft','m170523_190652_element_field_layout_ids','2021-05-31 13:40:11','2021-05-31 13:40:11','2021-05-31 13:40:11','70db631f-f897-472d-8f60-556c425fb229'),(56,'craft','m170621_195237_format_plugin_handles','2021-05-31 13:40:11','2021-05-31 13:40:11','2021-05-31 13:40:11','d21257b4-4c24-468e-9324-ab6b8e93e2ac'),(57,'craft','m170630_161027_deprecation_line_nullable','2021-05-31 13:40:11','2021-05-31 13:40:11','2021-05-31 13:40:11','ce5c9c99-921f-4bae-ac7b-ecc461355174'),(58,'craft','m170630_161028_deprecation_changes','2021-05-31 13:40:11','2021-05-31 13:40:11','2021-05-31 13:40:11','e2fb9122-5b2e-4cc5-94d7-c85b035c19a8'),(59,'craft','m170703_181539_plugins_table_tweaks','2021-05-31 13:40:11','2021-05-31 13:40:11','2021-05-31 13:40:11','4825994d-f2a2-4a22-9f60-4456d1d49b2a'),(60,'craft','m170704_134916_sites_tables','2021-05-31 13:40:12','2021-05-31 13:40:12','2021-05-31 13:40:12','d5226e3c-e209-4ac9-a203-d192341f28b5'),(61,'craft','m170706_183216_rename_sequences','2021-05-31 13:40:12','2021-05-31 13:40:12','2021-05-31 13:40:12','a9b5d0e3-35c3-47da-8139-721f1be02d60'),(62,'craft','m170707_094758_delete_compiled_traits','2021-05-31 13:40:12','2021-05-31 13:40:12','2021-05-31 13:40:12','50a885e3-8af9-4eb5-a020-e9c8b0cdab87'),(63,'craft','m170731_190138_drop_asset_packagist','2021-05-31 13:40:14','2021-05-31 13:40:14','2021-05-31 13:40:14','ad56b13b-5a43-4fd7-b4ef-70f26d3c20ca'),(64,'craft','m170810_201318_create_queue_table','2021-05-31 13:40:14','2021-05-31 13:40:14','2021-05-31 13:40:14','2064ca28-1c47-45b4-b3e8-12a29bc9f264'),(65,'craft','m170903_192801_longblob_for_queue_jobs','2021-05-31 13:40:14','2021-05-31 13:40:14','2021-05-31 13:40:14','e7a1ba0d-97d9-45e4-9dbf-6f0a895703ac'),(66,'craft','m170914_204621_asset_cache_shuffle','2021-05-31 13:40:14','2021-05-31 13:40:14','2021-05-31 13:40:14','65576c20-b7c9-489d-af71-300b6f66da6e'),(67,'craft','m171011_214115_site_groups','2021-05-31 13:40:14','2021-05-31 13:40:14','2021-05-31 13:40:14','36e28698-41ae-42cd-a996-caea03676bf0'),(68,'craft','m171012_151440_primary_site','2021-05-31 13:40:14','2021-05-31 13:40:14','2021-05-31 13:40:14','2879f74a-640f-4349-ab98-8ee068c49e55'),(69,'craft','m171013_142500_transform_interlace','2021-05-31 13:40:14','2021-05-31 13:40:14','2021-05-31 13:40:14','40c657ff-cba2-414f-b69a-fbe19d9b6cee'),(70,'craft','m171016_092553_drop_position_select','2021-05-31 13:40:14','2021-05-31 13:40:14','2021-05-31 13:40:14','5acdd745-e713-4e93-bcb1-999674087411'),(71,'craft','m171016_221244_less_strict_translation_method','2021-05-31 13:40:14','2021-05-31 13:40:14','2021-05-31 13:40:14','c6303fb4-4321-493c-969a-53a829af0d53'),(72,'craft','m171107_000000_assign_group_permissions','2021-05-31 13:40:14','2021-05-31 13:40:14','2021-05-31 13:40:14','8b21dc8d-2aa7-479b-bca4-fd48eb335434'),(73,'craft','m171117_000001_templatecache_index_tune','2021-05-31 13:40:14','2021-05-31 13:40:14','2021-05-31 13:40:14','8070167b-b726-48d6-8a09-ac40d38e2860'),(74,'craft','m171126_105927_disabled_plugins','2021-05-31 13:40:14','2021-05-31 13:40:14','2021-05-31 13:40:14','c1aa8763-ab53-4b35-ba5c-8cc676903b1d'),(75,'craft','m171130_214407_craftidtokens_table','2021-05-31 13:40:14','2021-05-31 13:40:14','2021-05-31 13:40:14','b749d4ec-24b1-4737-a6f1-909551b51be1'),(76,'craft','m171202_004225_update_email_settings','2021-05-31 13:40:14','2021-05-31 13:40:14','2021-05-31 13:40:14','00d80723-d025-4864-b64f-4971c2fddbd5'),(77,'craft','m171204_000001_templatecache_index_tune_deux','2021-05-31 13:40:14','2021-05-31 13:40:14','2021-05-31 13:40:14','7ed3e460-c44d-426b-aea1-0cf34f97db2e'),(78,'craft','m171205_130908_remove_craftidtokens_refreshtoken_column','2021-05-31 13:40:16','2021-05-31 13:40:16','2021-05-31 13:40:16','d157c2e1-bf3b-4c46-9410-9b8a036a0b2a'),(79,'craft','m171218_143135_longtext_query_column','2021-05-31 13:40:16','2021-05-31 13:40:16','2021-05-31 13:40:16','2f06eef7-5a30-46cc-b394-98e8d87697e5'),(80,'craft','m171231_055546_environment_variables_to_aliases','2021-05-31 13:40:17','2021-05-31 13:40:17','2021-05-31 13:40:17','589f9322-ea68-486c-93c2-68d7eebf52c6'),(81,'craft','m180113_153740_drop_users_archived_column','2021-05-31 13:40:17','2021-05-31 13:40:17','2021-05-31 13:40:17','9e03d35d-4a04-44f3-bcf9-6d56aac07667'),(82,'craft','m180122_213433_propagate_entries_setting','2021-05-31 13:40:17','2021-05-31 13:40:17','2021-05-31 13:40:17','fc0702b9-50c5-4009-bec8-a2156e342e1e'),(83,'craft','m180124_230459_fix_propagate_entries_values','2021-05-31 13:40:17','2021-05-31 13:40:17','2021-05-31 13:40:17','48eb806b-e35b-4b6f-adc9-f94fd9c0c8d7'),(84,'craft','m180128_235202_set_tag_slugs','2021-05-31 13:40:17','2021-05-31 13:40:17','2021-05-31 13:40:17','ee465292-c877-46a5-b33f-9e604bdee081'),(85,'craft','m180202_185551_fix_focal_points','2021-05-31 13:40:17','2021-05-31 13:40:17','2021-05-31 13:40:17','a8daeb58-8a27-4638-b118-f273fa5180c2'),(86,'craft','m180217_172123_tiny_ints','2021-05-31 13:40:17','2021-05-31 13:40:17','2021-05-31 13:40:17','5363bc93-c2f1-4448-93af-24f616543178'),(87,'craft','m180321_233505_small_ints','2021-05-31 13:40:17','2021-05-31 13:40:17','2021-05-31 13:40:17','4d8b8f62-adcc-42a4-97d1-fc610a2577e2'),(88,'craft','m180404_182320_edition_changes','2021-05-31 13:40:17','2021-05-31 13:40:17','2021-05-31 13:40:17','b118aa6d-29e8-46b9-bc0e-a8521f4208a4'),(89,'craft','m180411_102218_fix_db_routes','2021-05-31 13:40:17','2021-05-31 13:40:17','2021-05-31 13:40:17','28330fbe-d442-4b2b-b744-ac264a1878cf'),(90,'craft','m180416_205628_resourcepaths_table','2021-05-31 13:40:17','2021-05-31 13:40:17','2021-05-31 13:40:17','69e57c98-3573-4ad1-827d-cc9fe059dc2b'),(91,'craft','m180418_205713_widget_cleanup','2021-05-31 13:40:17','2021-05-31 13:40:17','2021-05-31 13:40:17','c39da0d5-4f2c-40c8-bf74-74d5734f72bc'),(92,'craft','m180425_203349_searchable_fields','2021-05-31 13:40:17','2021-05-31 13:40:17','2021-05-31 13:40:17','01290b77-4d5b-46db-b1e7-682f3ae8eeb4'),(93,'craft','m180516_153000_uids_in_field_settings','2021-05-31 13:40:17','2021-05-31 13:40:17','2021-05-31 13:40:17','71deb804-b6a0-446e-9769-70017fa35cf9'),(94,'craft','m180517_173000_user_photo_volume_to_uid','2021-05-31 13:40:17','2021-05-31 13:40:17','2021-05-31 13:40:17','df1c333a-a15b-497a-a6f1-f9eb528124da'),(95,'craft','m180518_173000_permissions_to_uid','2021-05-31 13:40:17','2021-05-31 13:40:17','2021-05-31 13:40:17','a4f883a4-e927-43a9-91e7-e54e26983d15'),(96,'craft','m180520_173000_matrix_context_to_uids','2021-05-31 13:40:17','2021-05-31 13:40:17','2021-05-31 13:40:17','0d79bdc5-7716-4045-8e5e-0979abc23ab3'),(97,'craft','m180521_172900_project_config_table','2021-05-31 13:40:17','2021-05-31 13:40:17','2021-05-31 13:40:17','675c29ba-874c-4ec7-841b-61c0d8f1e8e5'),(98,'craft','m180521_173000_initial_yml_and_snapshot','2021-05-31 13:40:17','2021-05-31 13:40:17','2021-05-31 13:40:17','2635457c-4c8c-484e-8008-e3c1cb03819f'),(99,'craft','m180731_162030_soft_delete_sites','2021-05-31 13:40:19','2021-05-31 13:40:19','2021-05-31 13:40:19','f90ecfa5-f40a-447f-88d0-247f623c46f3'),(100,'craft','m180810_214427_soft_delete_field_layouts','2021-05-31 13:40:19','2021-05-31 13:40:19','2021-05-31 13:40:19','c5c2dc24-e82b-454c-8c1f-2cba2e527efe'),(101,'craft','m180810_214439_soft_delete_elements','2021-05-31 13:40:19','2021-05-31 13:40:19','2021-05-31 13:40:19','77504819-bd82-43a0-9cfa-b106bab55380'),(102,'craft','m180824_193422_case_sensitivity_fixes','2021-05-31 13:40:19','2021-05-31 13:40:19','2021-05-31 13:40:19','0896310d-2061-41d2-9c05-dfe92f678cad'),(103,'craft','m180901_151639_fix_matrixcontent_tables','2021-05-31 13:40:19','2021-05-31 13:40:19','2021-05-31 13:40:19','91765958-60f2-4dd8-89ca-464695bfce4e'),(104,'craft','m180904_112109_permission_changes','2021-05-31 13:40:19','2021-05-31 13:40:19','2021-05-31 13:40:19','9c4c654a-4ee6-4522-b28a-cf3580337050'),(105,'craft','m180910_142030_soft_delete_sitegroups','2021-05-31 13:40:19','2021-05-31 13:40:19','2021-05-31 13:40:19','87fb4cfb-ef8d-4ed9-95c9-5f9ada68cc85'),(106,'craft','m181011_160000_soft_delete_asset_support','2021-05-31 13:40:19','2021-05-31 13:40:19','2021-05-31 13:40:19','b0336da6-2435-47e2-bffe-c05ded845cb9'),(107,'craft','m181016_183648_set_default_user_settings','2021-05-31 13:40:19','2021-05-31 13:40:19','2021-05-31 13:40:19','a21bee67-3f42-4797-8736-22ac58812972'),(108,'craft','m181017_225222_system_config_settings','2021-05-31 13:40:19','2021-05-31 13:40:19','2021-05-31 13:40:19','b75f501a-7f42-4f59-a09a-2d0374eeb05b'),(109,'craft','m181018_222343_drop_userpermissions_from_config','2021-05-31 13:40:19','2021-05-31 13:40:19','2021-05-31 13:40:19','2ea2c551-2740-4ce6-bd96-4770234046f6'),(110,'craft','m181029_130000_add_transforms_routes_to_config','2021-05-31 13:40:19','2021-05-31 13:40:19','2021-05-31 13:40:19','541fef7c-23bb-444a-b9f9-43f7aa0ed043'),(111,'craft','m181112_203955_sequences_table','2021-05-31 13:40:19','2021-05-31 13:40:19','2021-05-31 13:40:19','5efeb2a8-f6b8-433f-b527-895986e5979b'),(112,'craft','m181121_001712_cleanup_field_configs','2021-05-31 13:40:19','2021-05-31 13:40:19','2021-05-31 13:40:19','e84b02a8-6d20-4d32-b395-2227a95d7b18'),(113,'craft','m181128_193942_fix_project_config','2021-05-31 13:40:19','2021-05-31 13:40:19','2021-05-31 13:40:19','dc6aaf6c-8d66-455b-96c9-5f12b10d210d'),(114,'craft','m181130_143040_fix_schema_version','2021-05-31 13:40:19','2021-05-31 13:40:19','2021-05-31 13:40:19','9746be10-d799-4686-bc7e-b2190a066564'),(115,'craft','m181211_143040_fix_entry_type_uids','2021-05-31 13:40:19','2021-05-31 13:40:19','2021-05-31 13:40:19','dba6e3fb-730d-4534-b7c4-51f7147da43f'),(116,'craft','m181217_153000_fix_structure_uids','2021-05-31 13:40:19','2021-05-31 13:40:19','2021-05-31 13:40:19','1cc63350-84a5-4229-b884-0d09ea1cbd18'),(117,'craft','m190104_152725_store_licensed_plugin_editions','2021-05-31 13:40:19','2021-05-31 13:40:19','2021-05-31 13:40:19','60b5c962-199c-4c7d-9564-4c5895dc9e66'),(118,'craft','m190108_110000_cleanup_project_config','2021-05-31 13:40:19','2021-05-31 13:40:19','2021-05-31 13:40:19','37ac80a1-0d63-4526-858c-ba6060489e46'),(119,'craft','m190108_113000_asset_field_setting_change','2021-05-31 13:40:19','2021-05-31 13:40:19','2021-05-31 13:40:19','fb5206b0-9333-46a6-b570-80c299d0047a'),(120,'craft','m190109_172845_fix_colspan','2021-05-31 13:40:20','2021-05-31 13:40:20','2021-05-31 13:40:20','d66ac639-29c6-4abd-93bf-08c5f8c94b96'),(121,'craft','m190110_150000_prune_nonexisting_sites','2021-05-31 13:40:20','2021-05-31 13:40:20','2021-05-31 13:40:20','d707935b-48b9-4f55-badc-ec9e31ef56e9'),(122,'craft','m190110_214819_soft_delete_volumes','2021-05-31 13:40:20','2021-05-31 13:40:20','2021-05-31 13:40:20','ae5fff1b-6cd0-4938-b47d-3ced6476bbd2'),(123,'craft','m190112_124737_fix_user_settings','2021-05-31 13:40:20','2021-05-31 13:40:20','2021-05-31 13:40:20','d5300053-adb8-4c82-8cb9-4d610453f924'),(124,'craft','m190112_131225_fix_field_layouts','2021-05-31 13:40:20','2021-05-31 13:40:20','2021-05-31 13:40:20','c9ba0f78-eab0-4e3b-b209-df89f9b6898b'),(125,'craft','m190112_201010_more_soft_deletes','2021-05-31 13:40:20','2021-05-31 13:40:20','2021-05-31 13:40:20','fb31ba63-9d68-4b87-b8b1-948a02950d78'),(126,'craft','m190114_143000_more_asset_field_setting_changes','2021-05-31 13:40:20','2021-05-31 13:40:20','2021-05-31 13:40:20','29831c11-37b7-4353-b839-7ec393a7b0bd'),(127,'craft','m190121_120000_rich_text_config_setting','2021-05-31 13:40:20','2021-05-31 13:40:20','2021-05-31 13:40:20','bef016dd-1d3c-4758-b5d3-f722b07a495f'),(128,'craft','m190125_191628_fix_email_transport_password','2021-05-31 13:40:20','2021-05-31 13:40:20','2021-05-31 13:40:20','a0ff3f7e-5915-463c-9946-b7120d2dd98c'),(129,'craft','m190128_181422_cleanup_volume_folders','2021-05-31 13:40:20','2021-05-31 13:40:20','2021-05-31 13:40:20','a40dcf00-0f75-493e-9e7c-1ec538292ebb'),(130,'craft','m190205_140000_fix_asset_soft_delete_index','2021-05-31 13:40:20','2021-05-31 13:40:20','2021-05-31 13:40:20','b4186319-d1f2-4824-af81-0700c81a32f3'),(131,'craft','m190218_143000_element_index_settings_uid','2021-05-31 13:40:20','2021-05-31 13:40:20','2021-05-31 13:40:20','533e9dbc-9e74-4cd2-8303-e50f08669bda'),(132,'craft','m190312_152740_element_revisions','2021-05-31 13:40:20','2021-05-31 13:40:20','2021-05-31 13:40:20','99e589e7-c9e2-4ee9-bf4e-6b778ce81283'),(133,'craft','m190327_235137_propagation_method','2021-05-31 13:40:20','2021-05-31 13:40:20','2021-05-31 13:40:20','44843a5e-4cd3-4ebc-88d2-9f31a83c3b19'),(134,'craft','m190401_223843_drop_old_indexes','2021-05-31 13:40:20','2021-05-31 13:40:20','2021-05-31 13:40:20','bf998b0f-a82e-4895-bad7-d97bc90f2eca'),(135,'craft','m190416_014525_drop_unique_global_indexes','2021-05-31 13:40:20','2021-05-31 13:40:20','2021-05-31 13:40:20','cc639cfd-0039-4d68-8a75-edb9973ce033'),(136,'craft','m190417_085010_add_image_editor_permissions','2021-05-31 13:40:20','2021-05-31 13:40:20','2021-05-31 13:40:20','c7230ccb-5e7d-4e18-b900-7995ce8a2442'),(137,'craft','m190502_122019_store_default_user_group_uid','2021-05-31 13:40:20','2021-05-31 13:40:20','2021-05-31 13:40:20','b38ed7da-c8b9-4079-af38-302a7697b12e'),(138,'craft','m190504_150349_preview_targets','2021-05-31 13:40:20','2021-05-31 13:40:20','2021-05-31 13:40:20','1eb6feac-52bc-4ff2-882c-00b3d7d91d74'),(139,'craft','m190516_184711_job_progress_label','2021-05-31 13:40:22','2021-05-31 13:40:22','2021-05-31 13:40:22','2fcca6e3-6069-4bc3-a523-f3923f6aa6c2'),(140,'craft','m190523_190303_optional_revision_creators','2021-05-31 13:40:22','2021-05-31 13:40:22','2021-05-31 13:40:22','ebd477e3-9f54-4982-a47b-a8d23a875bb6'),(141,'craft','m190529_204501_fix_duplicate_uids','2021-05-31 13:40:22','2021-05-31 13:40:22','2021-05-31 13:40:22','87eabff6-29cd-4556-b47c-11acc1c25c81'),(142,'craft','m190605_223807_unsaved_drafts','2021-05-31 13:40:22','2021-05-31 13:40:22','2021-05-31 13:40:22','b058f6e0-6085-45af-a533-8382e88e6a19'),(143,'craft','m190607_230042_entry_revision_error_tables','2021-05-31 13:40:22','2021-05-31 13:40:22','2021-05-31 13:40:22','5f0fad22-1a41-4c2a-bd6f-057228ee5b42'),(144,'craft','m190608_033429_drop_elements_uid_idx','2021-05-31 13:40:22','2021-05-31 13:40:22','2021-05-31 13:40:22','4d53209a-4020-46d4-9d1e-bcc3335b17f2'),(145,'craft','m190617_164400_add_gqlschemas_table','2021-05-31 13:40:22','2021-05-31 13:40:22','2021-05-31 13:40:22','aa5a6068-9670-48f7-9b3d-159b2713c299'),(146,'craft','m190624_234204_matrix_propagation_method','2021-05-31 13:40:22','2021-05-31 13:40:22','2021-05-31 13:40:22','53364b3f-90b7-487b-8947-a403cf080e1a'),(147,'craft','m190711_153020_drop_snapshots','2021-05-31 13:40:22','2021-05-31 13:40:22','2021-05-31 13:40:22','0117f077-e7df-44c4-bddb-dfe643188c08'),(148,'craft','m190712_195914_no_draft_revisions','2021-05-31 13:40:22','2021-05-31 13:40:22','2021-05-31 13:40:22','40633934-446a-4297-90cb-41f7a6925d51'),(149,'craft','m190723_140314_fix_preview_targets_column','2021-05-31 13:40:22','2021-05-31 13:40:22','2021-05-31 13:40:22','89f68220-c785-4b55-8301-c92e5720627d'),(150,'craft','m190820_003519_flush_compiled_templates','2021-05-31 13:40:22','2021-05-31 13:40:22','2021-05-31 13:40:22','e0f9d0f0-15c0-489b-936c-5537b221b447'),(151,'craft','m190823_020339_optional_draft_creators','2021-05-31 13:40:23','2021-05-31 13:40:23','2021-05-31 13:40:23','5105b6c5-8ba9-4e34-b3fa-be5b3fcc3ab3'),(152,'craft','m190913_152146_update_preview_targets','2021-05-31 13:40:23','2021-05-31 13:40:23','2021-05-31 13:40:23','7bcd8af6-2e1b-4cc3-a670-ef2a4afb022e'),(153,'craft','m191107_122000_add_gql_project_config_support','2021-05-31 13:40:23','2021-05-31 13:40:23','2021-05-31 13:40:23','7d736d21-d8ad-4f98-9b28-3fab27965bcf'),(154,'craft','m191204_085100_pack_savable_component_settings','2021-05-31 13:40:23','2021-05-31 13:40:23','2021-05-31 13:40:23','bb7546d7-66b1-422a-b7e9-3b7b1fd3bb6c'),(155,'craft','m191206_001148_change_tracking','2021-05-31 13:40:23','2021-05-31 13:40:23','2021-05-31 13:40:23','6dc87994-6436-42b3-a9c3-d3c04f85a26a'),(156,'craft','m191216_191635_asset_upload_tracking','2021-05-31 13:40:25','2021-05-31 13:40:25','2021-05-31 13:40:25','8600f053-adc8-4f5c-b1cb-56d0679178c3'),(157,'craft','m191222_002848_peer_asset_permissions','2021-05-31 13:40:25','2021-05-31 13:40:25','2021-05-31 13:40:25','fc6534cf-1657-4851-afec-e441d86fbfa2'),(158,'craft','m200127_172522_queue_channels','2021-05-31 13:40:25','2021-05-31 13:40:25','2021-05-31 13:40:25','cc35d143-7e11-46bd-9021-a2ceeb87293a'),(159,'craft','m200211_175048_truncate_element_query_cache','2021-05-31 13:40:25','2021-05-31 13:40:25','2021-05-31 13:40:25','b2df9b2f-f385-4201-8949-465d1e94cb24'),(160,'craft','m200213_172522_new_elements_index','2021-05-31 13:40:25','2021-05-31 13:40:25','2021-05-31 13:40:25','8c129cb4-0584-4913-81c9-c98276741c13'),(161,'craft','m200228_195211_long_deprecation_messages','2021-05-31 13:40:25','2021-05-31 13:40:25','2021-05-31 13:40:25','2875b27d-1262-4f06-acbd-6079d555d6b6'),(162,'craft','m200306_054652_disabled_sites','2021-05-31 13:40:25','2021-05-31 13:40:25','2021-05-31 13:40:25','e6782d88-2100-482c-8b57-e9f990d8e203'),(163,'craft','m200522_191453_clear_template_caches','2021-05-31 13:40:25','2021-05-31 13:40:25','2021-05-31 13:40:25','a689e81e-5d70-41df-be97-a0932beddb75'),(164,'craft','m200606_231117_migration_tracks','2021-05-31 13:40:25','2021-05-31 13:40:25','2021-05-31 13:40:25','347e723d-855b-42e7-a3fe-a30054d2c88d'),(165,'craft','m200619_215137_title_translation_method','2021-05-31 13:40:25','2021-05-31 13:40:25','2021-05-31 13:40:25','7456fdc9-e860-47ee-add6-74404f9fd159'),(166,'craft','m200620_005028_user_group_descriptions','2021-05-31 13:40:25','2021-05-31 13:40:25','2021-05-31 13:40:25','7efbb13b-b855-42f4-a90b-9386c28fe264'),(167,'craft','m200620_230205_field_layout_changes','2021-05-31 13:40:25','2021-05-31 13:40:25','2021-05-31 13:40:25','f25af015-4d11-419f-a986-583d327d313b'),(168,'craft','m200625_131100_move_entrytypes_to_top_project_config','2021-05-31 13:40:25','2021-05-31 13:40:25','2021-05-31 13:40:25','c692054e-2324-4be3-9605-058f40d48a5a'),(169,'craft','m200629_112700_remove_project_config_legacy_files','2021-05-31 13:40:25','2021-05-31 13:40:25','2021-05-31 13:40:25','8089d710-71cc-46dc-ba4a-49d6adcbcc08'),(170,'craft','m200630_183000_drop_configmap','2021-05-31 13:40:25','2021-05-31 13:40:25','2021-05-31 13:40:25','83d51fa7-ceba-4db5-a6cb-b8669abec0ab'),(171,'craft','m200715_113400_transform_index_error_flag','2021-05-31 13:40:25','2021-05-31 13:40:25','2021-05-31 13:40:25','2c218831-db17-4831-977f-3e6c6373a1d1'),(172,'craft','m200716_110900_replace_file_asset_permissions','2021-05-31 13:40:25','2021-05-31 13:40:25','2021-05-31 13:40:25','e1ec24a4-dcb7-4484-bea1-e9085961bb4a'),(173,'craft','m200716_153800_public_token_settings_in_project_config','2021-05-31 13:40:25','2021-05-31 13:40:25','2021-05-31 13:40:25','37e08aac-a7d0-4f98-b951-f93e03f70edd'),(174,'craft','m200720_175543_drop_unique_constraints','2021-05-31 13:40:25','2021-05-31 13:40:25','2021-05-31 13:40:25','b3c0b28e-6a4b-4525-b7a2-95408517e826'),(175,'craft','m200825_051217_project_config_version','2021-05-31 13:40:25','2021-05-31 13:40:25','2021-05-31 13:40:25','757f5637-725c-41f6-b2a1-b51e80ca26e8'),(176,'craft','m201116_190500_asset_title_translation_method','2021-05-31 13:40:25','2021-05-31 13:40:25','2021-05-31 13:40:25','8b7249b1-196f-45be-b237-1b5e76082364'),(177,'craft','m201124_003555_plugin_trials','2021-05-31 13:40:25','2021-05-31 13:40:25','2021-05-31 13:40:25','d84d179b-b589-4c8b-a22d-827caba854b1'),(178,'craft','m210209_135503_soft_delete_field_groups','2021-05-31 13:40:25','2021-05-31 13:40:25','2021-05-31 13:40:25','e48aa21b-ad46-4fd8-ac7f-e4e8218ecac1'),(179,'craft','m210212_223539_delete_invalid_drafts','2021-05-31 13:40:25','2021-05-31 13:40:25','2021-05-31 13:40:25','cf802083-56cf-4c3f-ba99-d0b7aa9064aa'),(180,'craft','m210214_202731_track_saved_drafts','2021-05-31 13:40:25','2021-05-31 13:40:25','2021-05-31 13:40:25','859131e5-341b-4825-9d09-143fb1c7f436'),(181,'craft','m210223_150900_add_new_element_gql_schema_components','2021-05-31 13:40:25','2021-05-31 13:40:25','2021-05-31 13:40:25','5ff9f0ef-feab-4cc3-a09e-8d0708c1d4c5'),(182,'craft','m210224_162000_add_projectconfignames_table','2021-05-31 13:40:25','2021-05-31 13:40:25','2021-05-31 13:40:25','ecd91ada-0176-4844-9c69-e0be81f8310f'),(183,'craft','m210326_132000_invalidate_projectconfig_cache','2021-05-31 13:40:25','2021-05-31 13:40:25','2021-05-31 13:40:25','551024d0-6af3-46b1-a483-11d0fedb8c11'),(184,'craft','m210331_220322_null_author','2021-05-31 13:40:25','2021-05-31 13:40:25','2021-05-31 13:40:25','f8b81fa8-628d-49ed-bcb7-e3f5c6f2b5ad'),(185,'plugin:redactor','m180430_204710_remove_old_plugins','2021-06-02 22:56:35','2021-06-02 22:56:35','2021-06-02 22:56:35','f66a708e-d543-48f5-bac7-6dfe075e437d'),(186,'plugin:redactor','Install','2021-06-02 22:56:35','2021-06-02 22:56:35','2021-06-02 22:56:35','af2b53b0-206e-42d3-9a10-47a6e5c70925'),(187,'plugin:redactor','m190225_003922_split_cleanup_html_settings','2021-06-02 22:56:35','2021-06-02 22:56:35','2021-06-02 22:56:35','dad654ae-0068-4dd9-852e-cbe01c1cbaad');
/*!40000 ALTER TABLE `ccsf_migrations` ENABLE KEYS */;
UNLOCK TABLES;
commit;

--
-- Dumping data for table `ccsf_plugins`
--

LOCK TABLES `ccsf_plugins` WRITE;
/*!40000 ALTER TABLE `ccsf_plugins` DISABLE KEYS */;
set autocommit=0;
INSERT INTO `ccsf_plugins` VALUES (1,'redactor','2.8.7','2.3.0','unknown',NULL,'2021-06-02 22:56:35','2021-06-02 22:56:35','2021-06-04 19:40:04','74eac415-1ca0-4d73-bf76-4ac285e76708');
/*!40000 ALTER TABLE `ccsf_plugins` ENABLE KEYS */;
UNLOCK TABLES;
commit;

--
-- Dumping data for table `ccsf_projectconfig`
--

LOCK TABLES `ccsf_projectconfig` WRITE;
/*!40000 ALTER TABLE `ccsf_projectconfig` DISABLE KEYS */;
set autocommit=0;
INSERT INTO `ccsf_projectconfig` VALUES ('categoryGroups.cd85444c-6f1f-4ef8-be46-b4f3f40cdf21.fieldLayouts.a06fec4f-0371-4218-ae64-52bed76ce028.tabs.0.elements.0.autocapitalize','true'),('categoryGroups.cd85444c-6f1f-4ef8-be46-b4f3f40cdf21.fieldLayouts.a06fec4f-0371-4218-ae64-52bed76ce028.tabs.0.elements.0.autocomplete','false'),('categoryGroups.cd85444c-6f1f-4ef8-be46-b4f3f40cdf21.fieldLayouts.a06fec4f-0371-4218-ae64-52bed76ce028.tabs.0.elements.0.autocorrect','true'),('categoryGroups.cd85444c-6f1f-4ef8-be46-b4f3f40cdf21.fieldLayouts.a06fec4f-0371-4218-ae64-52bed76ce028.tabs.0.elements.0.class','null'),('categoryGroups.cd85444c-6f1f-4ef8-be46-b4f3f40cdf21.fieldLayouts.a06fec4f-0371-4218-ae64-52bed76ce028.tabs.0.elements.0.disabled','false'),('categoryGroups.cd85444c-6f1f-4ef8-be46-b4f3f40cdf21.fieldLayouts.a06fec4f-0371-4218-ae64-52bed76ce028.tabs.0.elements.0.id','null'),('categoryGroups.cd85444c-6f1f-4ef8-be46-b4f3f40cdf21.fieldLayouts.a06fec4f-0371-4218-ae64-52bed76ce028.tabs.0.elements.0.instructions','null'),('categoryGroups.cd85444c-6f1f-4ef8-be46-b4f3f40cdf21.fieldLayouts.a06fec4f-0371-4218-ae64-52bed76ce028.tabs.0.elements.0.label','null'),('categoryGroups.cd85444c-6f1f-4ef8-be46-b4f3f40cdf21.fieldLayouts.a06fec4f-0371-4218-ae64-52bed76ce028.tabs.0.elements.0.max','null'),('categoryGroups.cd85444c-6f1f-4ef8-be46-b4f3f40cdf21.fieldLayouts.a06fec4f-0371-4218-ae64-52bed76ce028.tabs.0.elements.0.min','null'),('categoryGroups.cd85444c-6f1f-4ef8-be46-b4f3f40cdf21.fieldLayouts.a06fec4f-0371-4218-ae64-52bed76ce028.tabs.0.elements.0.name','null'),('categoryGroups.cd85444c-6f1f-4ef8-be46-b4f3f40cdf21.fieldLayouts.a06fec4f-0371-4218-ae64-52bed76ce028.tabs.0.elements.0.orientation','null'),('categoryGroups.cd85444c-6f1f-4ef8-be46-b4f3f40cdf21.fieldLayouts.a06fec4f-0371-4218-ae64-52bed76ce028.tabs.0.elements.0.placeholder','null'),('categoryGroups.cd85444c-6f1f-4ef8-be46-b4f3f40cdf21.fieldLayouts.a06fec4f-0371-4218-ae64-52bed76ce028.tabs.0.elements.0.readonly','false'),('categoryGroups.cd85444c-6f1f-4ef8-be46-b4f3f40cdf21.fieldLayouts.a06fec4f-0371-4218-ae64-52bed76ce028.tabs.0.elements.0.requirable','false'),('categoryGroups.cd85444c-6f1f-4ef8-be46-b4f3f40cdf21.fieldLayouts.a06fec4f-0371-4218-ae64-52bed76ce028.tabs.0.elements.0.size','null'),('categoryGroups.cd85444c-6f1f-4ef8-be46-b4f3f40cdf21.fieldLayouts.a06fec4f-0371-4218-ae64-52bed76ce028.tabs.0.elements.0.step','null'),('categoryGroups.cd85444c-6f1f-4ef8-be46-b4f3f40cdf21.fieldLayouts.a06fec4f-0371-4218-ae64-52bed76ce028.tabs.0.elements.0.tip','null'),('categoryGroups.cd85444c-6f1f-4ef8-be46-b4f3f40cdf21.fieldLayouts.a06fec4f-0371-4218-ae64-52bed76ce028.tabs.0.elements.0.title','null'),('categoryGroups.cd85444c-6f1f-4ef8-be46-b4f3f40cdf21.fieldLayouts.a06fec4f-0371-4218-ae64-52bed76ce028.tabs.0.elements.0.type','\"craft\\\\fieldlayoutelements\\\\TitleField\"'),('categoryGroups.cd85444c-6f1f-4ef8-be46-b4f3f40cdf21.fieldLayouts.a06fec4f-0371-4218-ae64-52bed76ce028.tabs.0.elements.0.warning','null'),('categoryGroups.cd85444c-6f1f-4ef8-be46-b4f3f40cdf21.fieldLayouts.a06fec4f-0371-4218-ae64-52bed76ce028.tabs.0.elements.0.width','100'),('categoryGroups.cd85444c-6f1f-4ef8-be46-b4f3f40cdf21.fieldLayouts.a06fec4f-0371-4218-ae64-52bed76ce028.tabs.0.name','\"Content\"'),('categoryGroups.cd85444c-6f1f-4ef8-be46-b4f3f40cdf21.fieldLayouts.a06fec4f-0371-4218-ae64-52bed76ce028.tabs.0.sortOrder','1'),('categoryGroups.cd85444c-6f1f-4ef8-be46-b4f3f40cdf21.handle','\"portfolio\"'),('categoryGroups.cd85444c-6f1f-4ef8-be46-b4f3f40cdf21.name','\"Portfolio\"'),('categoryGroups.cd85444c-6f1f-4ef8-be46-b4f3f40cdf21.siteSettings.1e00f3c3-88a4-4c2e-bee0-6f7d5cb70a10.hasUrls','true'),('categoryGroups.cd85444c-6f1f-4ef8-be46-b4f3f40cdf21.siteSettings.1e00f3c3-88a4-4c2e-bee0-6f7d5cb70a10.template','null'),('categoryGroups.cd85444c-6f1f-4ef8-be46-b4f3f40cdf21.siteSettings.1e00f3c3-88a4-4c2e-bee0-6f7d5cb70a10.uriFormat','\"portfolio/{slug}\"'),('categoryGroups.cd85444c-6f1f-4ef8-be46-b4f3f40cdf21.structure.maxLevels','1'),('categoryGroups.cd85444c-6f1f-4ef8-be46-b4f3f40cdf21.structure.uid','\"716a60af-a8bd-4569-b02a-8ef8bd2e7470\"'),('dateModified','1622827190'),('email.fromEmail','\"benito.anagua@gmail.com\"'),('email.fromName','\"Flare\"'),('email.transportType','\"craft\\\\mail\\\\transportadapters\\\\Sendmail\"'),('entryTypes.256458d4-5be1-41ba-8a56-79c2f3c6a368.fieldLayouts.081eaf27-2574-4998-817c-90dc65ac4826.tabs.0.elements.0.autocapitalize','true'),('entryTypes.256458d4-5be1-41ba-8a56-79c2f3c6a368.fieldLayouts.081eaf27-2574-4998-817c-90dc65ac4826.tabs.0.elements.0.autocomplete','false'),('entryTypes.256458d4-5be1-41ba-8a56-79c2f3c6a368.fieldLayouts.081eaf27-2574-4998-817c-90dc65ac4826.tabs.0.elements.0.autocorrect','true'),('entryTypes.256458d4-5be1-41ba-8a56-79c2f3c6a368.fieldLayouts.081eaf27-2574-4998-817c-90dc65ac4826.tabs.0.elements.0.class','null'),('entryTypes.256458d4-5be1-41ba-8a56-79c2f3c6a368.fieldLayouts.081eaf27-2574-4998-817c-90dc65ac4826.tabs.0.elements.0.disabled','false'),('entryTypes.256458d4-5be1-41ba-8a56-79c2f3c6a368.fieldLayouts.081eaf27-2574-4998-817c-90dc65ac4826.tabs.0.elements.0.id','null'),('entryTypes.256458d4-5be1-41ba-8a56-79c2f3c6a368.fieldLayouts.081eaf27-2574-4998-817c-90dc65ac4826.tabs.0.elements.0.instructions','null'),('entryTypes.256458d4-5be1-41ba-8a56-79c2f3c6a368.fieldLayouts.081eaf27-2574-4998-817c-90dc65ac4826.tabs.0.elements.0.label','null'),('entryTypes.256458d4-5be1-41ba-8a56-79c2f3c6a368.fieldLayouts.081eaf27-2574-4998-817c-90dc65ac4826.tabs.0.elements.0.max','null'),('entryTypes.256458d4-5be1-41ba-8a56-79c2f3c6a368.fieldLayouts.081eaf27-2574-4998-817c-90dc65ac4826.tabs.0.elements.0.min','null'),('entryTypes.256458d4-5be1-41ba-8a56-79c2f3c6a368.fieldLayouts.081eaf27-2574-4998-817c-90dc65ac4826.tabs.0.elements.0.name','null'),('entryTypes.256458d4-5be1-41ba-8a56-79c2f3c6a368.fieldLayouts.081eaf27-2574-4998-817c-90dc65ac4826.tabs.0.elements.0.orientation','null'),('entryTypes.256458d4-5be1-41ba-8a56-79c2f3c6a368.fieldLayouts.081eaf27-2574-4998-817c-90dc65ac4826.tabs.0.elements.0.placeholder','null'),('entryTypes.256458d4-5be1-41ba-8a56-79c2f3c6a368.fieldLayouts.081eaf27-2574-4998-817c-90dc65ac4826.tabs.0.elements.0.readonly','false'),('entryTypes.256458d4-5be1-41ba-8a56-79c2f3c6a368.fieldLayouts.081eaf27-2574-4998-817c-90dc65ac4826.tabs.0.elements.0.requirable','false'),('entryTypes.256458d4-5be1-41ba-8a56-79c2f3c6a368.fieldLayouts.081eaf27-2574-4998-817c-90dc65ac4826.tabs.0.elements.0.size','null'),('entryTypes.256458d4-5be1-41ba-8a56-79c2f3c6a368.fieldLayouts.081eaf27-2574-4998-817c-90dc65ac4826.tabs.0.elements.0.step','null'),('entryTypes.256458d4-5be1-41ba-8a56-79c2f3c6a368.fieldLayouts.081eaf27-2574-4998-817c-90dc65ac4826.tabs.0.elements.0.tip','null'),('entryTypes.256458d4-5be1-41ba-8a56-79c2f3c6a368.fieldLayouts.081eaf27-2574-4998-817c-90dc65ac4826.tabs.0.elements.0.title','null'),('entryTypes.256458d4-5be1-41ba-8a56-79c2f3c6a368.fieldLayouts.081eaf27-2574-4998-817c-90dc65ac4826.tabs.0.elements.0.type','\"craft\\\\fieldlayoutelements\\\\EntryTitleField\"'),('entryTypes.256458d4-5be1-41ba-8a56-79c2f3c6a368.fieldLayouts.081eaf27-2574-4998-817c-90dc65ac4826.tabs.0.elements.0.warning','null'),('entryTypes.256458d4-5be1-41ba-8a56-79c2f3c6a368.fieldLayouts.081eaf27-2574-4998-817c-90dc65ac4826.tabs.0.elements.0.width','100'),('entryTypes.256458d4-5be1-41ba-8a56-79c2f3c6a368.fieldLayouts.081eaf27-2574-4998-817c-90dc65ac4826.tabs.0.elements.1.fieldUid','\"a220560a-d8bf-490b-bff0-420e311688d5\"'),('entryTypes.256458d4-5be1-41ba-8a56-79c2f3c6a368.fieldLayouts.081eaf27-2574-4998-817c-90dc65ac4826.tabs.0.elements.1.instructions','null'),('entryTypes.256458d4-5be1-41ba-8a56-79c2f3c6a368.fieldLayouts.081eaf27-2574-4998-817c-90dc65ac4826.tabs.0.elements.1.label','null'),('entryTypes.256458d4-5be1-41ba-8a56-79c2f3c6a368.fieldLayouts.081eaf27-2574-4998-817c-90dc65ac4826.tabs.0.elements.1.required','false'),('entryTypes.256458d4-5be1-41ba-8a56-79c2f3c6a368.fieldLayouts.081eaf27-2574-4998-817c-90dc65ac4826.tabs.0.elements.1.tip','null'),('entryTypes.256458d4-5be1-41ba-8a56-79c2f3c6a368.fieldLayouts.081eaf27-2574-4998-817c-90dc65ac4826.tabs.0.elements.1.type','\"craft\\\\fieldlayoutelements\\\\CustomField\"'),('entryTypes.256458d4-5be1-41ba-8a56-79c2f3c6a368.fieldLayouts.081eaf27-2574-4998-817c-90dc65ac4826.tabs.0.elements.1.warning','null'),('entryTypes.256458d4-5be1-41ba-8a56-79c2f3c6a368.fieldLayouts.081eaf27-2574-4998-817c-90dc65ac4826.tabs.0.elements.1.width','100'),('entryTypes.256458d4-5be1-41ba-8a56-79c2f3c6a368.fieldLayouts.081eaf27-2574-4998-817c-90dc65ac4826.tabs.0.elements.2.fieldUid','\"ae6edc1c-08c3-4c93-bd2e-f015dd0f7a10\"'),('entryTypes.256458d4-5be1-41ba-8a56-79c2f3c6a368.fieldLayouts.081eaf27-2574-4998-817c-90dc65ac4826.tabs.0.elements.2.instructions','null'),('entryTypes.256458d4-5be1-41ba-8a56-79c2f3c6a368.fieldLayouts.081eaf27-2574-4998-817c-90dc65ac4826.tabs.0.elements.2.label','null'),('entryTypes.256458d4-5be1-41ba-8a56-79c2f3c6a368.fieldLayouts.081eaf27-2574-4998-817c-90dc65ac4826.tabs.0.elements.2.required','false'),('entryTypes.256458d4-5be1-41ba-8a56-79c2f3c6a368.fieldLayouts.081eaf27-2574-4998-817c-90dc65ac4826.tabs.0.elements.2.tip','null'),('entryTypes.256458d4-5be1-41ba-8a56-79c2f3c6a368.fieldLayouts.081eaf27-2574-4998-817c-90dc65ac4826.tabs.0.elements.2.type','\"craft\\\\fieldlayoutelements\\\\CustomField\"'),('entryTypes.256458d4-5be1-41ba-8a56-79c2f3c6a368.fieldLayouts.081eaf27-2574-4998-817c-90dc65ac4826.tabs.0.elements.2.warning','null'),('entryTypes.256458d4-5be1-41ba-8a56-79c2f3c6a368.fieldLayouts.081eaf27-2574-4998-817c-90dc65ac4826.tabs.0.elements.2.width','100'),('entryTypes.256458d4-5be1-41ba-8a56-79c2f3c6a368.fieldLayouts.081eaf27-2574-4998-817c-90dc65ac4826.tabs.0.elements.3.fieldUid','\"6697be4a-8161-4f04-9211-a54645f73722\"'),('entryTypes.256458d4-5be1-41ba-8a56-79c2f3c6a368.fieldLayouts.081eaf27-2574-4998-817c-90dc65ac4826.tabs.0.elements.3.instructions','null'),('entryTypes.256458d4-5be1-41ba-8a56-79c2f3c6a368.fieldLayouts.081eaf27-2574-4998-817c-90dc65ac4826.tabs.0.elements.3.label','null'),('entryTypes.256458d4-5be1-41ba-8a56-79c2f3c6a368.fieldLayouts.081eaf27-2574-4998-817c-90dc65ac4826.tabs.0.elements.3.required','false'),('entryTypes.256458d4-5be1-41ba-8a56-79c2f3c6a368.fieldLayouts.081eaf27-2574-4998-817c-90dc65ac4826.tabs.0.elements.3.tip','null'),('entryTypes.256458d4-5be1-41ba-8a56-79c2f3c6a368.fieldLayouts.081eaf27-2574-4998-817c-90dc65ac4826.tabs.0.elements.3.type','\"craft\\\\fieldlayoutelements\\\\CustomField\"'),('entryTypes.256458d4-5be1-41ba-8a56-79c2f3c6a368.fieldLayouts.081eaf27-2574-4998-817c-90dc65ac4826.tabs.0.elements.3.warning','null'),('entryTypes.256458d4-5be1-41ba-8a56-79c2f3c6a368.fieldLayouts.081eaf27-2574-4998-817c-90dc65ac4826.tabs.0.elements.3.width','100'),('entryTypes.256458d4-5be1-41ba-8a56-79c2f3c6a368.fieldLayouts.081eaf27-2574-4998-817c-90dc65ac4826.tabs.0.name','\"Content\"'),('entryTypes.256458d4-5be1-41ba-8a56-79c2f3c6a368.fieldLayouts.081eaf27-2574-4998-817c-90dc65ac4826.tabs.0.sortOrder','1'),('entryTypes.256458d4-5be1-41ba-8a56-79c2f3c6a368.fieldLayouts.081eaf27-2574-4998-817c-90dc65ac4826.tabs.1.elements.0.fieldUid','\"e369312b-a4cf-4113-8a08-3797a3b98319\"'),('entryTypes.256458d4-5be1-41ba-8a56-79c2f3c6a368.fieldLayouts.081eaf27-2574-4998-817c-90dc65ac4826.tabs.1.elements.0.instructions','null'),('entryTypes.256458d4-5be1-41ba-8a56-79c2f3c6a368.fieldLayouts.081eaf27-2574-4998-817c-90dc65ac4826.tabs.1.elements.0.label','null'),('entryTypes.256458d4-5be1-41ba-8a56-79c2f3c6a368.fieldLayouts.081eaf27-2574-4998-817c-90dc65ac4826.tabs.1.elements.0.required','false'),('entryTypes.256458d4-5be1-41ba-8a56-79c2f3c6a368.fieldLayouts.081eaf27-2574-4998-817c-90dc65ac4826.tabs.1.elements.0.tip','null'),('entryTypes.256458d4-5be1-41ba-8a56-79c2f3c6a368.fieldLayouts.081eaf27-2574-4998-817c-90dc65ac4826.tabs.1.elements.0.type','\"craft\\\\fieldlayoutelements\\\\CustomField\"'),('entryTypes.256458d4-5be1-41ba-8a56-79c2f3c6a368.fieldLayouts.081eaf27-2574-4998-817c-90dc65ac4826.tabs.1.elements.0.warning','null'),('entryTypes.256458d4-5be1-41ba-8a56-79c2f3c6a368.fieldLayouts.081eaf27-2574-4998-817c-90dc65ac4826.tabs.1.elements.0.width','100'),('entryTypes.256458d4-5be1-41ba-8a56-79c2f3c6a368.fieldLayouts.081eaf27-2574-4998-817c-90dc65ac4826.tabs.1.name','\"Image\"'),('entryTypes.256458d4-5be1-41ba-8a56-79c2f3c6a368.fieldLayouts.081eaf27-2574-4998-817c-90dc65ac4826.tabs.1.sortOrder','2'),('entryTypes.256458d4-5be1-41ba-8a56-79c2f3c6a368.handle','\"segment\"'),('entryTypes.256458d4-5be1-41ba-8a56-79c2f3c6a368.hasTitleField','true'),('entryTypes.256458d4-5be1-41ba-8a56-79c2f3c6a368.name','\"Segment\"'),('entryTypes.256458d4-5be1-41ba-8a56-79c2f3c6a368.section','\"1b4ef467-1426-452e-b6a2-ace8af90dca9\"'),('entryTypes.256458d4-5be1-41ba-8a56-79c2f3c6a368.sortOrder','1'),('entryTypes.256458d4-5be1-41ba-8a56-79c2f3c6a368.titleFormat','null'),('entryTypes.256458d4-5be1-41ba-8a56-79c2f3c6a368.titleTranslationKeyFormat','null'),('entryTypes.256458d4-5be1-41ba-8a56-79c2f3c6a368.titleTranslationMethod','\"site\"'),('entryTypes.ede8892f-2c6c-462a-811c-696f0977dcad.fieldLayouts.2424b78f-be4c-4e0c-af39-22061fd73047.tabs.0.elements.0.autocapitalize','true'),('entryTypes.ede8892f-2c6c-462a-811c-696f0977dcad.fieldLayouts.2424b78f-be4c-4e0c-af39-22061fd73047.tabs.0.elements.0.autocomplete','false'),('entryTypes.ede8892f-2c6c-462a-811c-696f0977dcad.fieldLayouts.2424b78f-be4c-4e0c-af39-22061fd73047.tabs.0.elements.0.autocorrect','true'),('entryTypes.ede8892f-2c6c-462a-811c-696f0977dcad.fieldLayouts.2424b78f-be4c-4e0c-af39-22061fd73047.tabs.0.elements.0.class','null'),('entryTypes.ede8892f-2c6c-462a-811c-696f0977dcad.fieldLayouts.2424b78f-be4c-4e0c-af39-22061fd73047.tabs.0.elements.0.disabled','false'),('entryTypes.ede8892f-2c6c-462a-811c-696f0977dcad.fieldLayouts.2424b78f-be4c-4e0c-af39-22061fd73047.tabs.0.elements.0.id','null'),('entryTypes.ede8892f-2c6c-462a-811c-696f0977dcad.fieldLayouts.2424b78f-be4c-4e0c-af39-22061fd73047.tabs.0.elements.0.instructions','null'),('entryTypes.ede8892f-2c6c-462a-811c-696f0977dcad.fieldLayouts.2424b78f-be4c-4e0c-af39-22061fd73047.tabs.0.elements.0.label','null'),('entryTypes.ede8892f-2c6c-462a-811c-696f0977dcad.fieldLayouts.2424b78f-be4c-4e0c-af39-22061fd73047.tabs.0.elements.0.max','null'),('entryTypes.ede8892f-2c6c-462a-811c-696f0977dcad.fieldLayouts.2424b78f-be4c-4e0c-af39-22061fd73047.tabs.0.elements.0.min','null'),('entryTypes.ede8892f-2c6c-462a-811c-696f0977dcad.fieldLayouts.2424b78f-be4c-4e0c-af39-22061fd73047.tabs.0.elements.0.name','null'),('entryTypes.ede8892f-2c6c-462a-811c-696f0977dcad.fieldLayouts.2424b78f-be4c-4e0c-af39-22061fd73047.tabs.0.elements.0.orientation','null'),('entryTypes.ede8892f-2c6c-462a-811c-696f0977dcad.fieldLayouts.2424b78f-be4c-4e0c-af39-22061fd73047.tabs.0.elements.0.placeholder','null'),('entryTypes.ede8892f-2c6c-462a-811c-696f0977dcad.fieldLayouts.2424b78f-be4c-4e0c-af39-22061fd73047.tabs.0.elements.0.readonly','false'),('entryTypes.ede8892f-2c6c-462a-811c-696f0977dcad.fieldLayouts.2424b78f-be4c-4e0c-af39-22061fd73047.tabs.0.elements.0.requirable','false'),('entryTypes.ede8892f-2c6c-462a-811c-696f0977dcad.fieldLayouts.2424b78f-be4c-4e0c-af39-22061fd73047.tabs.0.elements.0.size','null'),('entryTypes.ede8892f-2c6c-462a-811c-696f0977dcad.fieldLayouts.2424b78f-be4c-4e0c-af39-22061fd73047.tabs.0.elements.0.step','null'),('entryTypes.ede8892f-2c6c-462a-811c-696f0977dcad.fieldLayouts.2424b78f-be4c-4e0c-af39-22061fd73047.tabs.0.elements.0.tip','null'),('entryTypes.ede8892f-2c6c-462a-811c-696f0977dcad.fieldLayouts.2424b78f-be4c-4e0c-af39-22061fd73047.tabs.0.elements.0.title','null'),('entryTypes.ede8892f-2c6c-462a-811c-696f0977dcad.fieldLayouts.2424b78f-be4c-4e0c-af39-22061fd73047.tabs.0.elements.0.type','\"craft\\\\fieldlayoutelements\\\\EntryTitleField\"'),('entryTypes.ede8892f-2c6c-462a-811c-696f0977dcad.fieldLayouts.2424b78f-be4c-4e0c-af39-22061fd73047.tabs.0.elements.0.warning','null'),('entryTypes.ede8892f-2c6c-462a-811c-696f0977dcad.fieldLayouts.2424b78f-be4c-4e0c-af39-22061fd73047.tabs.0.elements.0.width','100'),('entryTypes.ede8892f-2c6c-462a-811c-696f0977dcad.fieldLayouts.2424b78f-be4c-4e0c-af39-22061fd73047.tabs.0.name','\"Content\"'),('entryTypes.ede8892f-2c6c-462a-811c-696f0977dcad.fieldLayouts.2424b78f-be4c-4e0c-af39-22061fd73047.tabs.0.sortOrder','1'),('entryTypes.ede8892f-2c6c-462a-811c-696f0977dcad.fieldLayouts.2424b78f-be4c-4e0c-af39-22061fd73047.tabs.1.elements.0.fieldUid','\"779ecba5-f02b-4cf5-b036-af99f83ec426\"'),('entryTypes.ede8892f-2c6c-462a-811c-696f0977dcad.fieldLayouts.2424b78f-be4c-4e0c-af39-22061fd73047.tabs.1.elements.0.instructions','null'),('entryTypes.ede8892f-2c6c-462a-811c-696f0977dcad.fieldLayouts.2424b78f-be4c-4e0c-af39-22061fd73047.tabs.1.elements.0.label','null'),('entryTypes.ede8892f-2c6c-462a-811c-696f0977dcad.fieldLayouts.2424b78f-be4c-4e0c-af39-22061fd73047.tabs.1.elements.0.required','false'),('entryTypes.ede8892f-2c6c-462a-811c-696f0977dcad.fieldLayouts.2424b78f-be4c-4e0c-af39-22061fd73047.tabs.1.elements.0.tip','null'),('entryTypes.ede8892f-2c6c-462a-811c-696f0977dcad.fieldLayouts.2424b78f-be4c-4e0c-af39-22061fd73047.tabs.1.elements.0.type','\"craft\\\\fieldlayoutelements\\\\CustomField\"'),('entryTypes.ede8892f-2c6c-462a-811c-696f0977dcad.fieldLayouts.2424b78f-be4c-4e0c-af39-22061fd73047.tabs.1.elements.0.warning','null'),('entryTypes.ede8892f-2c6c-462a-811c-696f0977dcad.fieldLayouts.2424b78f-be4c-4e0c-af39-22061fd73047.tabs.1.elements.0.width','100'),('entryTypes.ede8892f-2c6c-462a-811c-696f0977dcad.fieldLayouts.2424b78f-be4c-4e0c-af39-22061fd73047.tabs.1.name','\"Testimonials\"'),('entryTypes.ede8892f-2c6c-462a-811c-696f0977dcad.fieldLayouts.2424b78f-be4c-4e0c-af39-22061fd73047.tabs.1.sortOrder','2'),('entryTypes.ede8892f-2c6c-462a-811c-696f0977dcad.fieldLayouts.2424b78f-be4c-4e0c-af39-22061fd73047.tabs.2.elements.0.fieldUid','\"1ed7075e-13cf-4a7b-9641-3eac2e130ce5\"'),('entryTypes.ede8892f-2c6c-462a-811c-696f0977dcad.fieldLayouts.2424b78f-be4c-4e0c-af39-22061fd73047.tabs.2.elements.0.instructions','null'),('entryTypes.ede8892f-2c6c-462a-811c-696f0977dcad.fieldLayouts.2424b78f-be4c-4e0c-af39-22061fd73047.tabs.2.elements.0.label','null'),('entryTypes.ede8892f-2c6c-462a-811c-696f0977dcad.fieldLayouts.2424b78f-be4c-4e0c-af39-22061fd73047.tabs.2.elements.0.required','false'),('entryTypes.ede8892f-2c6c-462a-811c-696f0977dcad.fieldLayouts.2424b78f-be4c-4e0c-af39-22061fd73047.tabs.2.elements.0.tip','null'),('entryTypes.ede8892f-2c6c-462a-811c-696f0977dcad.fieldLayouts.2424b78f-be4c-4e0c-af39-22061fd73047.tabs.2.elements.0.type','\"craft\\\\fieldlayoutelements\\\\CustomField\"'),('entryTypes.ede8892f-2c6c-462a-811c-696f0977dcad.fieldLayouts.2424b78f-be4c-4e0c-af39-22061fd73047.tabs.2.elements.0.warning','null'),('entryTypes.ede8892f-2c6c-462a-811c-696f0977dcad.fieldLayouts.2424b78f-be4c-4e0c-af39-22061fd73047.tabs.2.elements.0.width','100'),('entryTypes.ede8892f-2c6c-462a-811c-696f0977dcad.fieldLayouts.2424b78f-be4c-4e0c-af39-22061fd73047.tabs.2.name','\"Portfolio\"'),('entryTypes.ede8892f-2c6c-462a-811c-696f0977dcad.fieldLayouts.2424b78f-be4c-4e0c-af39-22061fd73047.tabs.2.sortOrder','3'),('entryTypes.ede8892f-2c6c-462a-811c-696f0977dcad.fieldLayouts.2424b78f-be4c-4e0c-af39-22061fd73047.tabs.3.elements.0.fieldUid','\"1c6fe872-b1b5-4713-9fb6-36bb532706b4\"'),('entryTypes.ede8892f-2c6c-462a-811c-696f0977dcad.fieldLayouts.2424b78f-be4c-4e0c-af39-22061fd73047.tabs.3.elements.0.instructions','null'),('entryTypes.ede8892f-2c6c-462a-811c-696f0977dcad.fieldLayouts.2424b78f-be4c-4e0c-af39-22061fd73047.tabs.3.elements.0.label','null'),('entryTypes.ede8892f-2c6c-462a-811c-696f0977dcad.fieldLayouts.2424b78f-be4c-4e0c-af39-22061fd73047.tabs.3.elements.0.required','false'),('entryTypes.ede8892f-2c6c-462a-811c-696f0977dcad.fieldLayouts.2424b78f-be4c-4e0c-af39-22061fd73047.tabs.3.elements.0.tip','null'),('entryTypes.ede8892f-2c6c-462a-811c-696f0977dcad.fieldLayouts.2424b78f-be4c-4e0c-af39-22061fd73047.tabs.3.elements.0.type','\"craft\\\\fieldlayoutelements\\\\CustomField\"'),('entryTypes.ede8892f-2c6c-462a-811c-696f0977dcad.fieldLayouts.2424b78f-be4c-4e0c-af39-22061fd73047.tabs.3.elements.0.warning','null'),('entryTypes.ede8892f-2c6c-462a-811c-696f0977dcad.fieldLayouts.2424b78f-be4c-4e0c-af39-22061fd73047.tabs.3.elements.0.width','100'),('entryTypes.ede8892f-2c6c-462a-811c-696f0977dcad.fieldLayouts.2424b78f-be4c-4e0c-af39-22061fd73047.tabs.3.name','\"Services\"'),('entryTypes.ede8892f-2c6c-462a-811c-696f0977dcad.fieldLayouts.2424b78f-be4c-4e0c-af39-22061fd73047.tabs.3.sortOrder','4'),('entryTypes.ede8892f-2c6c-462a-811c-696f0977dcad.fieldLayouts.2424b78f-be4c-4e0c-af39-22061fd73047.tabs.4.elements.0.fieldUid','\"c0197541-100f-48fd-8943-da38e9e12221\"'),('entryTypes.ede8892f-2c6c-462a-811c-696f0977dcad.fieldLayouts.2424b78f-be4c-4e0c-af39-22061fd73047.tabs.4.elements.0.instructions','null'),('entryTypes.ede8892f-2c6c-462a-811c-696f0977dcad.fieldLayouts.2424b78f-be4c-4e0c-af39-22061fd73047.tabs.4.elements.0.label','null'),('entryTypes.ede8892f-2c6c-462a-811c-696f0977dcad.fieldLayouts.2424b78f-be4c-4e0c-af39-22061fd73047.tabs.4.elements.0.required','false'),('entryTypes.ede8892f-2c6c-462a-811c-696f0977dcad.fieldLayouts.2424b78f-be4c-4e0c-af39-22061fd73047.tabs.4.elements.0.tip','null'),('entryTypes.ede8892f-2c6c-462a-811c-696f0977dcad.fieldLayouts.2424b78f-be4c-4e0c-af39-22061fd73047.tabs.4.elements.0.type','\"craft\\\\fieldlayoutelements\\\\CustomField\"'),('entryTypes.ede8892f-2c6c-462a-811c-696f0977dcad.fieldLayouts.2424b78f-be4c-4e0c-af39-22061fd73047.tabs.4.elements.0.warning','null'),('entryTypes.ede8892f-2c6c-462a-811c-696f0977dcad.fieldLayouts.2424b78f-be4c-4e0c-af39-22061fd73047.tabs.4.elements.0.width','100'),('entryTypes.ede8892f-2c6c-462a-811c-696f0977dcad.fieldLayouts.2424b78f-be4c-4e0c-af39-22061fd73047.tabs.4.name','\"Process\"'),('entryTypes.ede8892f-2c6c-462a-811c-696f0977dcad.fieldLayouts.2424b78f-be4c-4e0c-af39-22061fd73047.tabs.4.sortOrder','5'),('entryTypes.ede8892f-2c6c-462a-811c-696f0977dcad.fieldLayouts.2424b78f-be4c-4e0c-af39-22061fd73047.tabs.5.elements.0.fieldUid','\"a220560a-d8bf-490b-bff0-420e311688d5\"'),('entryTypes.ede8892f-2c6c-462a-811c-696f0977dcad.fieldLayouts.2424b78f-be4c-4e0c-af39-22061fd73047.tabs.5.elements.0.instructions','null'),('entryTypes.ede8892f-2c6c-462a-811c-696f0977dcad.fieldLayouts.2424b78f-be4c-4e0c-af39-22061fd73047.tabs.5.elements.0.label','null'),('entryTypes.ede8892f-2c6c-462a-811c-696f0977dcad.fieldLayouts.2424b78f-be4c-4e0c-af39-22061fd73047.tabs.5.elements.0.required','false'),('entryTypes.ede8892f-2c6c-462a-811c-696f0977dcad.fieldLayouts.2424b78f-be4c-4e0c-af39-22061fd73047.tabs.5.elements.0.tip','null'),('entryTypes.ede8892f-2c6c-462a-811c-696f0977dcad.fieldLayouts.2424b78f-be4c-4e0c-af39-22061fd73047.tabs.5.elements.0.type','\"craft\\\\fieldlayoutelements\\\\CustomField\"'),('entryTypes.ede8892f-2c6c-462a-811c-696f0977dcad.fieldLayouts.2424b78f-be4c-4e0c-af39-22061fd73047.tabs.5.elements.0.warning','null'),('entryTypes.ede8892f-2c6c-462a-811c-696f0977dcad.fieldLayouts.2424b78f-be4c-4e0c-af39-22061fd73047.tabs.5.elements.0.width','100'),('entryTypes.ede8892f-2c6c-462a-811c-696f0977dcad.fieldLayouts.2424b78f-be4c-4e0c-af39-22061fd73047.tabs.5.elements.1.fieldUid','\"c931aa20-ddd6-4883-ba22-04b7df849446\"'),('entryTypes.ede8892f-2c6c-462a-811c-696f0977dcad.fieldLayouts.2424b78f-be4c-4e0c-af39-22061fd73047.tabs.5.elements.1.instructions','null'),('entryTypes.ede8892f-2c6c-462a-811c-696f0977dcad.fieldLayouts.2424b78f-be4c-4e0c-af39-22061fd73047.tabs.5.elements.1.label','null'),('entryTypes.ede8892f-2c6c-462a-811c-696f0977dcad.fieldLayouts.2424b78f-be4c-4e0c-af39-22061fd73047.tabs.5.elements.1.required','false'),('entryTypes.ede8892f-2c6c-462a-811c-696f0977dcad.fieldLayouts.2424b78f-be4c-4e0c-af39-22061fd73047.tabs.5.elements.1.tip','null'),('entryTypes.ede8892f-2c6c-462a-811c-696f0977dcad.fieldLayouts.2424b78f-be4c-4e0c-af39-22061fd73047.tabs.5.elements.1.type','\"craft\\\\fieldlayoutelements\\\\CustomField\"'),('entryTypes.ede8892f-2c6c-462a-811c-696f0977dcad.fieldLayouts.2424b78f-be4c-4e0c-af39-22061fd73047.tabs.5.elements.1.warning','null'),('entryTypes.ede8892f-2c6c-462a-811c-696f0977dcad.fieldLayouts.2424b78f-be4c-4e0c-af39-22061fd73047.tabs.5.elements.1.width','100'),('entryTypes.ede8892f-2c6c-462a-811c-696f0977dcad.fieldLayouts.2424b78f-be4c-4e0c-af39-22061fd73047.tabs.5.name','\"Play Video\"'),('entryTypes.ede8892f-2c6c-462a-811c-696f0977dcad.fieldLayouts.2424b78f-be4c-4e0c-af39-22061fd73047.tabs.5.sortOrder','6'),('entryTypes.ede8892f-2c6c-462a-811c-696f0977dcad.fieldLayouts.2424b78f-be4c-4e0c-af39-22061fd73047.tabs.6.elements.0.fieldUid','\"fcf95640-20ba-4747-bb97-d0a18d54944e\"'),('entryTypes.ede8892f-2c6c-462a-811c-696f0977dcad.fieldLayouts.2424b78f-be4c-4e0c-af39-22061fd73047.tabs.6.elements.0.instructions','null'),('entryTypes.ede8892f-2c6c-462a-811c-696f0977dcad.fieldLayouts.2424b78f-be4c-4e0c-af39-22061fd73047.tabs.6.elements.0.label','null'),('entryTypes.ede8892f-2c6c-462a-811c-696f0977dcad.fieldLayouts.2424b78f-be4c-4e0c-af39-22061fd73047.tabs.6.elements.0.required','false'),('entryTypes.ede8892f-2c6c-462a-811c-696f0977dcad.fieldLayouts.2424b78f-be4c-4e0c-af39-22061fd73047.tabs.6.elements.0.tip','null'),('entryTypes.ede8892f-2c6c-462a-811c-696f0977dcad.fieldLayouts.2424b78f-be4c-4e0c-af39-22061fd73047.tabs.6.elements.0.type','\"craft\\\\fieldlayoutelements\\\\CustomField\"'),('entryTypes.ede8892f-2c6c-462a-811c-696f0977dcad.fieldLayouts.2424b78f-be4c-4e0c-af39-22061fd73047.tabs.6.elements.0.warning','null'),('entryTypes.ede8892f-2c6c-462a-811c-696f0977dcad.fieldLayouts.2424b78f-be4c-4e0c-af39-22061fd73047.tabs.6.elements.0.width','100'),('entryTypes.ede8892f-2c6c-462a-811c-696f0977dcad.fieldLayouts.2424b78f-be4c-4e0c-af39-22061fd73047.tabs.6.name','\"Brands\"'),('entryTypes.ede8892f-2c6c-462a-811c-696f0977dcad.fieldLayouts.2424b78f-be4c-4e0c-af39-22061fd73047.tabs.6.sortOrder','7'),('entryTypes.ede8892f-2c6c-462a-811c-696f0977dcad.handle','\"homePage\"'),('entryTypes.ede8892f-2c6c-462a-811c-696f0977dcad.hasTitleField','false'),('entryTypes.ede8892f-2c6c-462a-811c-696f0977dcad.name','\"Home Page\"'),('entryTypes.ede8892f-2c6c-462a-811c-696f0977dcad.section','\"5e14f7da-7fab-4337-9b3a-2dbb70ffd892\"'),('entryTypes.ede8892f-2c6c-462a-811c-696f0977dcad.sortOrder','1'),('entryTypes.ede8892f-2c6c-462a-811c-696f0977dcad.titleFormat','\"{section.name|raw}\"'),('entryTypes.ede8892f-2c6c-462a-811c-696f0977dcad.titleTranslationKeyFormat','null'),('entryTypes.ede8892f-2c6c-462a-811c-696f0977dcad.titleTranslationMethod','\"site\"'),('fieldGroups.9efbeade-59dd-4c2d-89d4-8d38a46bfc50.name','\"Common\"'),('fields.11a1dd13-8f78-443a-a489-05e3cd768ac8.contentColumnType','\"string\"'),('fields.11a1dd13-8f78-443a-a489-05e3cd768ac8.fieldGroup','\"9efbeade-59dd-4c2d-89d4-8d38a46bfc50\"'),('fields.11a1dd13-8f78-443a-a489-05e3cd768ac8.handle','\"favicons\"'),('fields.11a1dd13-8f78-443a-a489-05e3cd768ac8.instructions','\"\"'),('fields.11a1dd13-8f78-443a-a489-05e3cd768ac8.name','\"Favicons\"'),('fields.11a1dd13-8f78-443a-a489-05e3cd768ac8.searchable','false'),('fields.11a1dd13-8f78-443a-a489-05e3cd768ac8.settings.contentTable','\"{{%matrixcontent_favicons}}\"'),('fields.11a1dd13-8f78-443a-a489-05e3cd768ac8.settings.maxBlocks','\"6\"'),('fields.11a1dd13-8f78-443a-a489-05e3cd768ac8.settings.minBlocks','\"1\"'),('fields.11a1dd13-8f78-443a-a489-05e3cd768ac8.settings.propagationMethod','\"all\"'),('fields.11a1dd13-8f78-443a-a489-05e3cd768ac8.translationKeyFormat','null'),('fields.11a1dd13-8f78-443a-a489-05e3cd768ac8.translationMethod','\"site\"'),('fields.11a1dd13-8f78-443a-a489-05e3cd768ac8.type','\"craft\\\\fields\\\\Matrix\"'),('fields.1c6fe872-b1b5-4713-9fb6-36bb532706b4.contentColumnType','\"string\"'),('fields.1c6fe872-b1b5-4713-9fb6-36bb532706b4.fieldGroup','\"9efbeade-59dd-4c2d-89d4-8d38a46bfc50\"'),('fields.1c6fe872-b1b5-4713-9fb6-36bb532706b4.handle','\"services\"'),('fields.1c6fe872-b1b5-4713-9fb6-36bb532706b4.instructions','\"\"'),('fields.1c6fe872-b1b5-4713-9fb6-36bb532706b4.name','\"Services\"'),('fields.1c6fe872-b1b5-4713-9fb6-36bb532706b4.searchable','false'),('fields.1c6fe872-b1b5-4713-9fb6-36bb532706b4.settings.contentTable','\"{{%matrixcontent_services}}\"'),('fields.1c6fe872-b1b5-4713-9fb6-36bb532706b4.settings.maxBlocks','\"\"'),('fields.1c6fe872-b1b5-4713-9fb6-36bb532706b4.settings.minBlocks','\"\"'),('fields.1c6fe872-b1b5-4713-9fb6-36bb532706b4.settings.propagationMethod','\"all\"'),('fields.1c6fe872-b1b5-4713-9fb6-36bb532706b4.translationKeyFormat','null'),('fields.1c6fe872-b1b5-4713-9fb6-36bb532706b4.translationMethod','\"site\"'),('fields.1c6fe872-b1b5-4713-9fb6-36bb532706b4.type','\"craft\\\\fields\\\\Matrix\"'),('fields.1ed7075e-13cf-4a7b-9641-3eac2e130ce5.contentColumnType','\"string\"'),('fields.1ed7075e-13cf-4a7b-9641-3eac2e130ce5.fieldGroup','\"9efbeade-59dd-4c2d-89d4-8d38a46bfc50\"'),('fields.1ed7075e-13cf-4a7b-9641-3eac2e130ce5.handle','\"portfolio\"'),('fields.1ed7075e-13cf-4a7b-9641-3eac2e130ce5.instructions','\"\"'),('fields.1ed7075e-13cf-4a7b-9641-3eac2e130ce5.name','\"Portfolio\"'),('fields.1ed7075e-13cf-4a7b-9641-3eac2e130ce5.searchable','false'),('fields.1ed7075e-13cf-4a7b-9641-3eac2e130ce5.settings.contentTable','\"{{%matrixcontent_portfolio}}\"'),('fields.1ed7075e-13cf-4a7b-9641-3eac2e130ce5.settings.maxBlocks','\"\"'),('fields.1ed7075e-13cf-4a7b-9641-3eac2e130ce5.settings.minBlocks','\"\"'),('fields.1ed7075e-13cf-4a7b-9641-3eac2e130ce5.settings.propagationMethod','\"all\"'),('fields.1ed7075e-13cf-4a7b-9641-3eac2e130ce5.translationKeyFormat','null'),('fields.1ed7075e-13cf-4a7b-9641-3eac2e130ce5.translationMethod','\"site\"'),('fields.1ed7075e-13cf-4a7b-9641-3eac2e130ce5.type','\"craft\\\\fields\\\\Matrix\"'),('fields.3df3003d-04c0-45d6-9e45-5d0bf07a0a0f.contentColumnType','\"string\"'),('fields.3df3003d-04c0-45d6-9e45-5d0bf07a0a0f.fieldGroup','\"9efbeade-59dd-4c2d-89d4-8d38a46bfc50\"'),('fields.3df3003d-04c0-45d6-9e45-5d0bf07a0a0f.handle','\"logotype\"'),('fields.3df3003d-04c0-45d6-9e45-5d0bf07a0a0f.instructions','\"\"'),('fields.3df3003d-04c0-45d6-9e45-5d0bf07a0a0f.name','\"Logotype\"'),('fields.3df3003d-04c0-45d6-9e45-5d0bf07a0a0f.searchable','false'),('fields.3df3003d-04c0-45d6-9e45-5d0bf07a0a0f.settings.allowedKinds.0','\"image\"'),('fields.3df3003d-04c0-45d6-9e45-5d0bf07a0a0f.settings.allowedKinds.1','\"xml\"'),('fields.3df3003d-04c0-45d6-9e45-5d0bf07a0a0f.settings.allowSelfRelations','false'),('fields.3df3003d-04c0-45d6-9e45-5d0bf07a0a0f.settings.allowUploads','true'),('fields.3df3003d-04c0-45d6-9e45-5d0bf07a0a0f.settings.defaultUploadLocationSource','\"volume:febc00ea-0cb7-4ada-9e01-ca7a01332cba\"'),('fields.3df3003d-04c0-45d6-9e45-5d0bf07a0a0f.settings.defaultUploadLocationSubpath','\"\"'),('fields.3df3003d-04c0-45d6-9e45-5d0bf07a0a0f.settings.limit','\"1\"'),('fields.3df3003d-04c0-45d6-9e45-5d0bf07a0a0f.settings.localizeRelations','false'),('fields.3df3003d-04c0-45d6-9e45-5d0bf07a0a0f.settings.previewMode','\"thumbs\"'),('fields.3df3003d-04c0-45d6-9e45-5d0bf07a0a0f.settings.restrictFiles','\"1\"'),('fields.3df3003d-04c0-45d6-9e45-5d0bf07a0a0f.settings.selectionLabel','\"\"'),('fields.3df3003d-04c0-45d6-9e45-5d0bf07a0a0f.settings.showSiteMenu','true'),('fields.3df3003d-04c0-45d6-9e45-5d0bf07a0a0f.settings.showUnpermittedFiles','false'),('fields.3df3003d-04c0-45d6-9e45-5d0bf07a0a0f.settings.showUnpermittedVolumes','false'),('fields.3df3003d-04c0-45d6-9e45-5d0bf07a0a0f.settings.singleUploadLocationSource','\"volume:febc00ea-0cb7-4ada-9e01-ca7a01332cba\"'),('fields.3df3003d-04c0-45d6-9e45-5d0bf07a0a0f.settings.singleUploadLocationSubpath','\"\"'),('fields.3df3003d-04c0-45d6-9e45-5d0bf07a0a0f.settings.source','null'),('fields.3df3003d-04c0-45d6-9e45-5d0bf07a0a0f.settings.sources','\"*\"'),('fields.3df3003d-04c0-45d6-9e45-5d0bf07a0a0f.settings.targetSiteId','null'),('fields.3df3003d-04c0-45d6-9e45-5d0bf07a0a0f.settings.useSingleFolder','true'),('fields.3df3003d-04c0-45d6-9e45-5d0bf07a0a0f.settings.validateRelatedElements','false'),('fields.3df3003d-04c0-45d6-9e45-5d0bf07a0a0f.settings.viewMode','\"large\"'),('fields.3df3003d-04c0-45d6-9e45-5d0bf07a0a0f.translationKeyFormat','null'),('fields.3df3003d-04c0-45d6-9e45-5d0bf07a0a0f.translationMethod','\"site\"'),('fields.3df3003d-04c0-45d6-9e45-5d0bf07a0a0f.type','\"craft\\\\fields\\\\Assets\"'),('fields.6697be4a-8161-4f04-9211-a54645f73722.contentColumnType','\"string\"'),('fields.6697be4a-8161-4f04-9211-a54645f73722.fieldGroup','\"9efbeade-59dd-4c2d-89d4-8d38a46bfc50\"'),('fields.6697be4a-8161-4f04-9211-a54645f73722.handle','\"etiquette\"'),('fields.6697be4a-8161-4f04-9211-a54645f73722.instructions','\"\"'),('fields.6697be4a-8161-4f04-9211-a54645f73722.name','\"Etiquette\"'),('fields.6697be4a-8161-4f04-9211-a54645f73722.searchable','false'),('fields.6697be4a-8161-4f04-9211-a54645f73722.settings.allowLimit','false'),('fields.6697be4a-8161-4f04-9211-a54645f73722.settings.allowMultipleSources','false'),('fields.6697be4a-8161-4f04-9211-a54645f73722.settings.allowSelfRelations','false'),('fields.6697be4a-8161-4f04-9211-a54645f73722.settings.limit','null'),('fields.6697be4a-8161-4f04-9211-a54645f73722.settings.localizeRelations','false'),('fields.6697be4a-8161-4f04-9211-a54645f73722.settings.selectionLabel','\"\"'),('fields.6697be4a-8161-4f04-9211-a54645f73722.settings.showSiteMenu','false'),('fields.6697be4a-8161-4f04-9211-a54645f73722.settings.source','\"taggroup:73f18fd1-c9ab-4de2-922a-76b51c6ffd60\"'),('fields.6697be4a-8161-4f04-9211-a54645f73722.settings.sources','\"*\"'),('fields.6697be4a-8161-4f04-9211-a54645f73722.settings.targetSiteId','null'),('fields.6697be4a-8161-4f04-9211-a54645f73722.settings.validateRelatedElements','false'),('fields.6697be4a-8161-4f04-9211-a54645f73722.settings.viewMode','null'),('fields.6697be4a-8161-4f04-9211-a54645f73722.translationKeyFormat','null'),('fields.6697be4a-8161-4f04-9211-a54645f73722.translationMethod','\"site\"'),('fields.6697be4a-8161-4f04-9211-a54645f73722.type','\"craft\\\\fields\\\\Tags\"'),('fields.7147aec6-4c49-4d7c-be79-3e9e57b5991f.contentColumnType','\"string\"'),('fields.7147aec6-4c49-4d7c-be79-3e9e57b5991f.fieldGroup','\"9efbeade-59dd-4c2d-89d4-8d38a46bfc50\"'),('fields.7147aec6-4c49-4d7c-be79-3e9e57b5991f.handle','\"office\"'),('fields.7147aec6-4c49-4d7c-be79-3e9e57b5991f.instructions','\"\"'),('fields.7147aec6-4c49-4d7c-be79-3e9e57b5991f.name','\"Office\"'),('fields.7147aec6-4c49-4d7c-be79-3e9e57b5991f.searchable','false'),('fields.7147aec6-4c49-4d7c-be79-3e9e57b5991f.settings.contentTable','\"{{%matrixcontent_office}}\"'),('fields.7147aec6-4c49-4d7c-be79-3e9e57b5991f.settings.maxBlocks','\"\"'),('fields.7147aec6-4c49-4d7c-be79-3e9e57b5991f.settings.minBlocks','\"\"'),('fields.7147aec6-4c49-4d7c-be79-3e9e57b5991f.settings.propagationMethod','\"all\"'),('fields.7147aec6-4c49-4d7c-be79-3e9e57b5991f.translationKeyFormat','null'),('fields.7147aec6-4c49-4d7c-be79-3e9e57b5991f.translationMethod','\"site\"'),('fields.7147aec6-4c49-4d7c-be79-3e9e57b5991f.type','\"craft\\\\fields\\\\Matrix\"'),('fields.779ecba5-f02b-4cf5-b036-af99f83ec426.contentColumnType','\"string\"'),('fields.779ecba5-f02b-4cf5-b036-af99f83ec426.fieldGroup','\"9efbeade-59dd-4c2d-89d4-8d38a46bfc50\"'),('fields.779ecba5-f02b-4cf5-b036-af99f83ec426.handle','\"testimonials\"'),('fields.779ecba5-f02b-4cf5-b036-af99f83ec426.instructions','\"\"'),('fields.779ecba5-f02b-4cf5-b036-af99f83ec426.name','\"Testimonials\"'),('fields.779ecba5-f02b-4cf5-b036-af99f83ec426.searchable','false'),('fields.779ecba5-f02b-4cf5-b036-af99f83ec426.settings.contentTable','\"{{%matrixcontent_testimonials}}\"'),('fields.779ecba5-f02b-4cf5-b036-af99f83ec426.settings.maxBlocks','\"\"'),('fields.779ecba5-f02b-4cf5-b036-af99f83ec426.settings.minBlocks','\"\"'),('fields.779ecba5-f02b-4cf5-b036-af99f83ec426.settings.propagationMethod','\"all\"'),('fields.779ecba5-f02b-4cf5-b036-af99f83ec426.translationKeyFormat','null'),('fields.779ecba5-f02b-4cf5-b036-af99f83ec426.translationMethod','\"site\"'),('fields.779ecba5-f02b-4cf5-b036-af99f83ec426.type','\"craft\\\\fields\\\\Matrix\"'),('fields.a220560a-d8bf-490b-bff0-420e311688d5.contentColumnType','\"text\"'),('fields.a220560a-d8bf-490b-bff0-420e311688d5.fieldGroup','\"9efbeade-59dd-4c2d-89d4-8d38a46bfc50\"'),('fields.a220560a-d8bf-490b-bff0-420e311688d5.handle','\"caption\"'),('fields.a220560a-d8bf-490b-bff0-420e311688d5.instructions','\"\"'),('fields.a220560a-d8bf-490b-bff0-420e311688d5.name','\"Caption\"'),('fields.a220560a-d8bf-490b-bff0-420e311688d5.searchable','false'),('fields.a220560a-d8bf-490b-bff0-420e311688d5.settings.byteLimit','null'),('fields.a220560a-d8bf-490b-bff0-420e311688d5.settings.charLimit','null'),('fields.a220560a-d8bf-490b-bff0-420e311688d5.settings.code','\"\"'),('fields.a220560a-d8bf-490b-bff0-420e311688d5.settings.columnType','null'),('fields.a220560a-d8bf-490b-bff0-420e311688d5.settings.initialRows','\"4\"'),('fields.a220560a-d8bf-490b-bff0-420e311688d5.settings.multiline','\"\"'),('fields.a220560a-d8bf-490b-bff0-420e311688d5.settings.placeholder','null'),('fields.a220560a-d8bf-490b-bff0-420e311688d5.settings.uiMode','\"normal\"'),('fields.a220560a-d8bf-490b-bff0-420e311688d5.translationKeyFormat','null'),('fields.a220560a-d8bf-490b-bff0-420e311688d5.translationMethod','\"none\"'),('fields.a220560a-d8bf-490b-bff0-420e311688d5.type','\"craft\\\\fields\\\\PlainText\"'),('fields.abcad323-6d7b-4adf-be0a-6d902ae0a91d.contentColumnType','\"string\"'),('fields.abcad323-6d7b-4adf-be0a-6d902ae0a91d.fieldGroup','\"9efbeade-59dd-4c2d-89d4-8d38a46bfc50\"'),('fields.abcad323-6d7b-4adf-be0a-6d902ae0a91d.handle','\"menu\"'),('fields.abcad323-6d7b-4adf-be0a-6d902ae0a91d.instructions','\"\"'),('fields.abcad323-6d7b-4adf-be0a-6d902ae0a91d.name','\"Menu\"'),('fields.abcad323-6d7b-4adf-be0a-6d902ae0a91d.searchable','false'),('fields.abcad323-6d7b-4adf-be0a-6d902ae0a91d.settings.contentTable','\"{{%matrixcontent_menu}}\"'),('fields.abcad323-6d7b-4adf-be0a-6d902ae0a91d.settings.maxBlocks','\"7\"'),('fields.abcad323-6d7b-4adf-be0a-6d902ae0a91d.settings.minBlocks','\"1\"'),('fields.abcad323-6d7b-4adf-be0a-6d902ae0a91d.settings.propagationMethod','\"all\"'),('fields.abcad323-6d7b-4adf-be0a-6d902ae0a91d.translationKeyFormat','null'),('fields.abcad323-6d7b-4adf-be0a-6d902ae0a91d.translationMethod','\"site\"'),('fields.abcad323-6d7b-4adf-be0a-6d902ae0a91d.type','\"craft\\\\fields\\\\Matrix\"'),('fields.ae6edc1c-08c3-4c93-bd2e-f015dd0f7a10.contentColumnType','\"text\"'),('fields.ae6edc1c-08c3-4c93-bd2e-f015dd0f7a10.fieldGroup','\"9efbeade-59dd-4c2d-89d4-8d38a46bfc50\"'),('fields.ae6edc1c-08c3-4c93-bd2e-f015dd0f7a10.handle','\"description\"'),('fields.ae6edc1c-08c3-4c93-bd2e-f015dd0f7a10.instructions','\"\"'),('fields.ae6edc1c-08c3-4c93-bd2e-f015dd0f7a10.name','\"Description\"'),('fields.ae6edc1c-08c3-4c93-bd2e-f015dd0f7a10.searchable','false'),('fields.ae6edc1c-08c3-4c93-bd2e-f015dd0f7a10.settings.availableTransforms','\"*\"'),('fields.ae6edc1c-08c3-4c93-bd2e-f015dd0f7a10.settings.availableVolumes','\"*\"'),('fields.ae6edc1c-08c3-4c93-bd2e-f015dd0f7a10.settings.cleanupHtml','true'),('fields.ae6edc1c-08c3-4c93-bd2e-f015dd0f7a10.settings.columnType','\"text\"'),('fields.ae6edc1c-08c3-4c93-bd2e-f015dd0f7a10.settings.configSelectionMode','\"choose\"'),('fields.ae6edc1c-08c3-4c93-bd2e-f015dd0f7a10.settings.defaultTransform','\"\"'),('fields.ae6edc1c-08c3-4c93-bd2e-f015dd0f7a10.settings.manualConfig','\"\"'),('fields.ae6edc1c-08c3-4c93-bd2e-f015dd0f7a10.settings.purifierConfig','\"\"'),('fields.ae6edc1c-08c3-4c93-bd2e-f015dd0f7a10.settings.purifyHtml','\"1\"'),('fields.ae6edc1c-08c3-4c93-bd2e-f015dd0f7a10.settings.redactorConfig','\"\"'),('fields.ae6edc1c-08c3-4c93-bd2e-f015dd0f7a10.settings.removeEmptyTags','\"1\"'),('fields.ae6edc1c-08c3-4c93-bd2e-f015dd0f7a10.settings.removeInlineStyles','\"1\"'),('fields.ae6edc1c-08c3-4c93-bd2e-f015dd0f7a10.settings.removeNbsp','\"1\"'),('fields.ae6edc1c-08c3-4c93-bd2e-f015dd0f7a10.settings.showHtmlButtonForNonAdmins','\"\"'),('fields.ae6edc1c-08c3-4c93-bd2e-f015dd0f7a10.settings.showUnpermittedFiles','false'),('fields.ae6edc1c-08c3-4c93-bd2e-f015dd0f7a10.settings.showUnpermittedVolumes','false'),('fields.ae6edc1c-08c3-4c93-bd2e-f015dd0f7a10.settings.uiMode','\"enlarged\"'),('fields.ae6edc1c-08c3-4c93-bd2e-f015dd0f7a10.translationKeyFormat','null'),('fields.ae6edc1c-08c3-4c93-bd2e-f015dd0f7a10.translationMethod','\"none\"'),('fields.ae6edc1c-08c3-4c93-bd2e-f015dd0f7a10.type','\"craft\\\\redactor\\\\Field\"'),('fields.c0197541-100f-48fd-8943-da38e9e12221.contentColumnType','\"string\"'),('fields.c0197541-100f-48fd-8943-da38e9e12221.fieldGroup','\"9efbeade-59dd-4c2d-89d4-8d38a46bfc50\"'),('fields.c0197541-100f-48fd-8943-da38e9e12221.handle','\"process\"'),('fields.c0197541-100f-48fd-8943-da38e9e12221.instructions','\"\"'),('fields.c0197541-100f-48fd-8943-da38e9e12221.name','\"Process\"'),('fields.c0197541-100f-48fd-8943-da38e9e12221.searchable','false'),('fields.c0197541-100f-48fd-8943-da38e9e12221.settings.contentTable','\"{{%matrixcontent_process}}\"'),('fields.c0197541-100f-48fd-8943-da38e9e12221.settings.maxBlocks','\"\"'),('fields.c0197541-100f-48fd-8943-da38e9e12221.settings.minBlocks','\"\"'),('fields.c0197541-100f-48fd-8943-da38e9e12221.settings.propagationMethod','\"all\"'),('fields.c0197541-100f-48fd-8943-da38e9e12221.translationKeyFormat','null'),('fields.c0197541-100f-48fd-8943-da38e9e12221.translationMethod','\"site\"'),('fields.c0197541-100f-48fd-8943-da38e9e12221.type','\"craft\\\\fields\\\\Matrix\"'),('fields.c931aa20-ddd6-4883-ba22-04b7df849446.contentColumnType','\"string(255)\"'),('fields.c931aa20-ddd6-4883-ba22-04b7df849446.fieldGroup','\"9efbeade-59dd-4c2d-89d4-8d38a46bfc50\"'),('fields.c931aa20-ddd6-4883-ba22-04b7df849446.handle','\"hyperlink\"'),('fields.c931aa20-ddd6-4883-ba22-04b7df849446.instructions','\"\"'),('fields.c931aa20-ddd6-4883-ba22-04b7df849446.name','\"Hyperlink\"'),('fields.c931aa20-ddd6-4883-ba22-04b7df849446.searchable','false'),('fields.c931aa20-ddd6-4883-ba22-04b7df849446.settings.maxLength','\"255\"'),('fields.c931aa20-ddd6-4883-ba22-04b7df849446.settings.placeholder','null'),('fields.c931aa20-ddd6-4883-ba22-04b7df849446.settings.types.0','\"url\"'),('fields.c931aa20-ddd6-4883-ba22-04b7df849446.settings.types.1','\"tel\"'),('fields.c931aa20-ddd6-4883-ba22-04b7df849446.settings.types.2','\"email\"'),('fields.c931aa20-ddd6-4883-ba22-04b7df849446.translationKeyFormat','null'),('fields.c931aa20-ddd6-4883-ba22-04b7df849446.translationMethod','\"none\"'),('fields.c931aa20-ddd6-4883-ba22-04b7df849446.type','\"craft\\\\fields\\\\Url\"'),('fields.e369312b-a4cf-4113-8a08-3797a3b98319.contentColumnType','\"string\"'),('fields.e369312b-a4cf-4113-8a08-3797a3b98319.fieldGroup','\"9efbeade-59dd-4c2d-89d4-8d38a46bfc50\"'),('fields.e369312b-a4cf-4113-8a08-3797a3b98319.handle','\"featuredImage\"'),('fields.e369312b-a4cf-4113-8a08-3797a3b98319.instructions','\"\"'),('fields.e369312b-a4cf-4113-8a08-3797a3b98319.name','\"Featured Image\"'),('fields.e369312b-a4cf-4113-8a08-3797a3b98319.searchable','false'),('fields.e369312b-a4cf-4113-8a08-3797a3b98319.settings.allowedKinds.0','\"image\"'),('fields.e369312b-a4cf-4113-8a08-3797a3b98319.settings.allowSelfRelations','false'),('fields.e369312b-a4cf-4113-8a08-3797a3b98319.settings.allowUploads','true'),('fields.e369312b-a4cf-4113-8a08-3797a3b98319.settings.defaultUploadLocationSource','\"volume:4d5610a8-c2cd-489b-9b3c-98dc59f9888e\"'),('fields.e369312b-a4cf-4113-8a08-3797a3b98319.settings.defaultUploadLocationSubpath','\"\"'),('fields.e369312b-a4cf-4113-8a08-3797a3b98319.settings.limit','\"1\"'),('fields.e369312b-a4cf-4113-8a08-3797a3b98319.settings.localizeRelations','false'),('fields.e369312b-a4cf-4113-8a08-3797a3b98319.settings.previewMode','\"full\"'),('fields.e369312b-a4cf-4113-8a08-3797a3b98319.settings.restrictFiles','\"1\"'),('fields.e369312b-a4cf-4113-8a08-3797a3b98319.settings.selectionLabel','\"\"'),('fields.e369312b-a4cf-4113-8a08-3797a3b98319.settings.showSiteMenu','true'),('fields.e369312b-a4cf-4113-8a08-3797a3b98319.settings.showUnpermittedFiles','false'),('fields.e369312b-a4cf-4113-8a08-3797a3b98319.settings.showUnpermittedVolumes','false'),('fields.e369312b-a4cf-4113-8a08-3797a3b98319.settings.singleUploadLocationSource','\"volume:4d5610a8-c2cd-489b-9b3c-98dc59f9888e\"'),('fields.e369312b-a4cf-4113-8a08-3797a3b98319.settings.singleUploadLocationSubpath','\"\"'),('fields.e369312b-a4cf-4113-8a08-3797a3b98319.settings.source','null'),('fields.e369312b-a4cf-4113-8a08-3797a3b98319.settings.sources','\"*\"'),('fields.e369312b-a4cf-4113-8a08-3797a3b98319.settings.targetSiteId','null'),('fields.e369312b-a4cf-4113-8a08-3797a3b98319.settings.useSingleFolder','true'),('fields.e369312b-a4cf-4113-8a08-3797a3b98319.settings.validateRelatedElements','false'),('fields.e369312b-a4cf-4113-8a08-3797a3b98319.settings.viewMode','\"large\"'),('fields.e369312b-a4cf-4113-8a08-3797a3b98319.translationKeyFormat','null'),('fields.e369312b-a4cf-4113-8a08-3797a3b98319.translationMethod','\"site\"'),('fields.e369312b-a4cf-4113-8a08-3797a3b98319.type','\"craft\\\\fields\\\\Assets\"'),('fields.fcf95640-20ba-4747-bb97-d0a18d54944e.contentColumnType','\"string\"'),('fields.fcf95640-20ba-4747-bb97-d0a18d54944e.fieldGroup','\"9efbeade-59dd-4c2d-89d4-8d38a46bfc50\"'),('fields.fcf95640-20ba-4747-bb97-d0a18d54944e.handle','\"brands\"'),('fields.fcf95640-20ba-4747-bb97-d0a18d54944e.instructions','\"\"'),('fields.fcf95640-20ba-4747-bb97-d0a18d54944e.name','\"Brands\"'),('fields.fcf95640-20ba-4747-bb97-d0a18d54944e.searchable','false'),('fields.fcf95640-20ba-4747-bb97-d0a18d54944e.settings.contentTable','\"{{%matrixcontent_brands}}\"'),('fields.fcf95640-20ba-4747-bb97-d0a18d54944e.settings.maxBlocks','\"\"'),('fields.fcf95640-20ba-4747-bb97-d0a18d54944e.settings.minBlocks','\"\"'),('fields.fcf95640-20ba-4747-bb97-d0a18d54944e.settings.propagationMethod','\"all\"'),('fields.fcf95640-20ba-4747-bb97-d0a18d54944e.translationKeyFormat','null'),('fields.fcf95640-20ba-4747-bb97-d0a18d54944e.translationMethod','\"site\"'),('fields.fcf95640-20ba-4747-bb97-d0a18d54944e.type','\"craft\\\\fields\\\\Matrix\"'),('globalSets.9a485b58-91c8-46dd-ba4c-cb123b0a7967.fieldLayouts.dcd9b293-e845-4dff-ae94-ade909ccd975.tabs.0.elements.0.fieldUid','\"abcad323-6d7b-4adf-be0a-6d902ae0a91d\"'),('globalSets.9a485b58-91c8-46dd-ba4c-cb123b0a7967.fieldLayouts.dcd9b293-e845-4dff-ae94-ade909ccd975.tabs.0.elements.0.instructions','null'),('globalSets.9a485b58-91c8-46dd-ba4c-cb123b0a7967.fieldLayouts.dcd9b293-e845-4dff-ae94-ade909ccd975.tabs.0.elements.0.label','null'),('globalSets.9a485b58-91c8-46dd-ba4c-cb123b0a7967.fieldLayouts.dcd9b293-e845-4dff-ae94-ade909ccd975.tabs.0.elements.0.required','false'),('globalSets.9a485b58-91c8-46dd-ba4c-cb123b0a7967.fieldLayouts.dcd9b293-e845-4dff-ae94-ade909ccd975.tabs.0.elements.0.tip','null'),('globalSets.9a485b58-91c8-46dd-ba4c-cb123b0a7967.fieldLayouts.dcd9b293-e845-4dff-ae94-ade909ccd975.tabs.0.elements.0.type','\"craft\\\\fieldlayoutelements\\\\CustomField\"'),('globalSets.9a485b58-91c8-46dd-ba4c-cb123b0a7967.fieldLayouts.dcd9b293-e845-4dff-ae94-ade909ccd975.tabs.0.elements.0.warning','null'),('globalSets.9a485b58-91c8-46dd-ba4c-cb123b0a7967.fieldLayouts.dcd9b293-e845-4dff-ae94-ade909ccd975.tabs.0.elements.0.width','100'),('globalSets.9a485b58-91c8-46dd-ba4c-cb123b0a7967.fieldLayouts.dcd9b293-e845-4dff-ae94-ade909ccd975.tabs.0.name','\"Social\"'),('globalSets.9a485b58-91c8-46dd-ba4c-cb123b0a7967.fieldLayouts.dcd9b293-e845-4dff-ae94-ade909ccd975.tabs.0.sortOrder','1'),('globalSets.9a485b58-91c8-46dd-ba4c-cb123b0a7967.handle','\"socialNav\"'),('globalSets.9a485b58-91c8-46dd-ba4c-cb123b0a7967.name','\"Social Nav\"'),('globalSets.a794e984-f61f-40b6-a464-eefaf93306b8.fieldLayouts.c63b20c9-97d8-46a0-913c-dd7014051bc3.tabs.0.elements.0.fieldUid','\"7147aec6-4c49-4d7c-be79-3e9e57b5991f\"'),('globalSets.a794e984-f61f-40b6-a464-eefaf93306b8.fieldLayouts.c63b20c9-97d8-46a0-913c-dd7014051bc3.tabs.0.elements.0.instructions','null'),('globalSets.a794e984-f61f-40b6-a464-eefaf93306b8.fieldLayouts.c63b20c9-97d8-46a0-913c-dd7014051bc3.tabs.0.elements.0.label','null'),('globalSets.a794e984-f61f-40b6-a464-eefaf93306b8.fieldLayouts.c63b20c9-97d8-46a0-913c-dd7014051bc3.tabs.0.elements.0.required','false'),('globalSets.a794e984-f61f-40b6-a464-eefaf93306b8.fieldLayouts.c63b20c9-97d8-46a0-913c-dd7014051bc3.tabs.0.elements.0.tip','null'),('globalSets.a794e984-f61f-40b6-a464-eefaf93306b8.fieldLayouts.c63b20c9-97d8-46a0-913c-dd7014051bc3.tabs.0.elements.0.type','\"craft\\\\fieldlayoutelements\\\\CustomField\"'),('globalSets.a794e984-f61f-40b6-a464-eefaf93306b8.fieldLayouts.c63b20c9-97d8-46a0-913c-dd7014051bc3.tabs.0.elements.0.warning','null'),('globalSets.a794e984-f61f-40b6-a464-eefaf93306b8.fieldLayouts.c63b20c9-97d8-46a0-913c-dd7014051bc3.tabs.0.elements.0.width','100'),('globalSets.a794e984-f61f-40b6-a464-eefaf93306b8.fieldLayouts.c63b20c9-97d8-46a0-913c-dd7014051bc3.tabs.0.name','\"Address\"'),('globalSets.a794e984-f61f-40b6-a464-eefaf93306b8.fieldLayouts.c63b20c9-97d8-46a0-913c-dd7014051bc3.tabs.0.sortOrder','1'),('globalSets.a794e984-f61f-40b6-a464-eefaf93306b8.fieldLayouts.c63b20c9-97d8-46a0-913c-dd7014051bc3.tabs.1.elements.0.fieldUid','\"a220560a-d8bf-490b-bff0-420e311688d5\"'),('globalSets.a794e984-f61f-40b6-a464-eefaf93306b8.fieldLayouts.c63b20c9-97d8-46a0-913c-dd7014051bc3.tabs.1.elements.0.instructions','null'),('globalSets.a794e984-f61f-40b6-a464-eefaf93306b8.fieldLayouts.c63b20c9-97d8-46a0-913c-dd7014051bc3.tabs.1.elements.0.label','null'),('globalSets.a794e984-f61f-40b6-a464-eefaf93306b8.fieldLayouts.c63b20c9-97d8-46a0-913c-dd7014051bc3.tabs.1.elements.0.required','false'),('globalSets.a794e984-f61f-40b6-a464-eefaf93306b8.fieldLayouts.c63b20c9-97d8-46a0-913c-dd7014051bc3.tabs.1.elements.0.tip','null'),('globalSets.a794e984-f61f-40b6-a464-eefaf93306b8.fieldLayouts.c63b20c9-97d8-46a0-913c-dd7014051bc3.tabs.1.elements.0.type','\"craft\\\\fieldlayoutelements\\\\CustomField\"'),('globalSets.a794e984-f61f-40b6-a464-eefaf93306b8.fieldLayouts.c63b20c9-97d8-46a0-913c-dd7014051bc3.tabs.1.elements.0.warning','null'),('globalSets.a794e984-f61f-40b6-a464-eefaf93306b8.fieldLayouts.c63b20c9-97d8-46a0-913c-dd7014051bc3.tabs.1.elements.0.width','100'),('globalSets.a794e984-f61f-40b6-a464-eefaf93306b8.fieldLayouts.c63b20c9-97d8-46a0-913c-dd7014051bc3.tabs.1.elements.1.fieldUid','\"c931aa20-ddd6-4883-ba22-04b7df849446\"'),('globalSets.a794e984-f61f-40b6-a464-eefaf93306b8.fieldLayouts.c63b20c9-97d8-46a0-913c-dd7014051bc3.tabs.1.elements.1.instructions','null'),('globalSets.a794e984-f61f-40b6-a464-eefaf93306b8.fieldLayouts.c63b20c9-97d8-46a0-913c-dd7014051bc3.tabs.1.elements.1.label','null'),('globalSets.a794e984-f61f-40b6-a464-eefaf93306b8.fieldLayouts.c63b20c9-97d8-46a0-913c-dd7014051bc3.tabs.1.elements.1.required','false'),('globalSets.a794e984-f61f-40b6-a464-eefaf93306b8.fieldLayouts.c63b20c9-97d8-46a0-913c-dd7014051bc3.tabs.1.elements.1.tip','null'),('globalSets.a794e984-f61f-40b6-a464-eefaf93306b8.fieldLayouts.c63b20c9-97d8-46a0-913c-dd7014051bc3.tabs.1.elements.1.type','\"craft\\\\fieldlayoutelements\\\\CustomField\"'),('globalSets.a794e984-f61f-40b6-a464-eefaf93306b8.fieldLayouts.c63b20c9-97d8-46a0-913c-dd7014051bc3.tabs.1.elements.1.warning','null'),('globalSets.a794e984-f61f-40b6-a464-eefaf93306b8.fieldLayouts.c63b20c9-97d8-46a0-913c-dd7014051bc3.tabs.1.elements.1.width','100'),('globalSets.a794e984-f61f-40b6-a464-eefaf93306b8.fieldLayouts.c63b20c9-97d8-46a0-913c-dd7014051bc3.tabs.1.name','\"Call to Action\"'),('globalSets.a794e984-f61f-40b6-a464-eefaf93306b8.fieldLayouts.c63b20c9-97d8-46a0-913c-dd7014051bc3.tabs.1.sortOrder','2'),('globalSets.a794e984-f61f-40b6-a464-eefaf93306b8.handle','\"footer\"'),('globalSets.a794e984-f61f-40b6-a464-eefaf93306b8.name','\"Footer\"'),('globalSets.d6d60bb7-e503-4812-ab5f-ea9349c299cb.fieldLayouts.8bece5ec-1323-4120-8c3f-0303964a23ae.tabs.0.elements.0.fieldUid','\"3df3003d-04c0-45d6-9e45-5d0bf07a0a0f\"'),('globalSets.d6d60bb7-e503-4812-ab5f-ea9349c299cb.fieldLayouts.8bece5ec-1323-4120-8c3f-0303964a23ae.tabs.0.elements.0.instructions','null'),('globalSets.d6d60bb7-e503-4812-ab5f-ea9349c299cb.fieldLayouts.8bece5ec-1323-4120-8c3f-0303964a23ae.tabs.0.elements.0.label','null'),('globalSets.d6d60bb7-e503-4812-ab5f-ea9349c299cb.fieldLayouts.8bece5ec-1323-4120-8c3f-0303964a23ae.tabs.0.elements.0.required','false'),('globalSets.d6d60bb7-e503-4812-ab5f-ea9349c299cb.fieldLayouts.8bece5ec-1323-4120-8c3f-0303964a23ae.tabs.0.elements.0.tip','null'),('globalSets.d6d60bb7-e503-4812-ab5f-ea9349c299cb.fieldLayouts.8bece5ec-1323-4120-8c3f-0303964a23ae.tabs.0.elements.0.type','\"craft\\\\fieldlayoutelements\\\\CustomField\"'),('globalSets.d6d60bb7-e503-4812-ab5f-ea9349c299cb.fieldLayouts.8bece5ec-1323-4120-8c3f-0303964a23ae.tabs.0.elements.0.warning','null'),('globalSets.d6d60bb7-e503-4812-ab5f-ea9349c299cb.fieldLayouts.8bece5ec-1323-4120-8c3f-0303964a23ae.tabs.0.elements.0.width','100'),('globalSets.d6d60bb7-e503-4812-ab5f-ea9349c299cb.fieldLayouts.8bece5ec-1323-4120-8c3f-0303964a23ae.tabs.0.name','\"Global\"'),('globalSets.d6d60bb7-e503-4812-ab5f-ea9349c299cb.fieldLayouts.8bece5ec-1323-4120-8c3f-0303964a23ae.tabs.0.sortOrder','1'),('globalSets.d6d60bb7-e503-4812-ab5f-ea9349c299cb.fieldLayouts.8bece5ec-1323-4120-8c3f-0303964a23ae.tabs.1.elements.0.fieldUid','\"11a1dd13-8f78-443a-a489-05e3cd768ac8\"'),('globalSets.d6d60bb7-e503-4812-ab5f-ea9349c299cb.fieldLayouts.8bece5ec-1323-4120-8c3f-0303964a23ae.tabs.1.elements.0.instructions','null'),('globalSets.d6d60bb7-e503-4812-ab5f-ea9349c299cb.fieldLayouts.8bece5ec-1323-4120-8c3f-0303964a23ae.tabs.1.elements.0.label','null'),('globalSets.d6d60bb7-e503-4812-ab5f-ea9349c299cb.fieldLayouts.8bece5ec-1323-4120-8c3f-0303964a23ae.tabs.1.elements.0.required','false'),('globalSets.d6d60bb7-e503-4812-ab5f-ea9349c299cb.fieldLayouts.8bece5ec-1323-4120-8c3f-0303964a23ae.tabs.1.elements.0.tip','null'),('globalSets.d6d60bb7-e503-4812-ab5f-ea9349c299cb.fieldLayouts.8bece5ec-1323-4120-8c3f-0303964a23ae.tabs.1.elements.0.type','\"craft\\\\fieldlayoutelements\\\\CustomField\"'),('globalSets.d6d60bb7-e503-4812-ab5f-ea9349c299cb.fieldLayouts.8bece5ec-1323-4120-8c3f-0303964a23ae.tabs.1.elements.0.warning','null'),('globalSets.d6d60bb7-e503-4812-ab5f-ea9349c299cb.fieldLayouts.8bece5ec-1323-4120-8c3f-0303964a23ae.tabs.1.elements.0.width','100'),('globalSets.d6d60bb7-e503-4812-ab5f-ea9349c299cb.fieldLayouts.8bece5ec-1323-4120-8c3f-0303964a23ae.tabs.1.name','\"Favicon\"'),('globalSets.d6d60bb7-e503-4812-ab5f-ea9349c299cb.fieldLayouts.8bece5ec-1323-4120-8c3f-0303964a23ae.tabs.1.sortOrder','2'),('globalSets.d6d60bb7-e503-4812-ab5f-ea9349c299cb.fieldLayouts.8bece5ec-1323-4120-8c3f-0303964a23ae.tabs.2.elements.0.fieldUid','\"a220560a-d8bf-490b-bff0-420e311688d5\"'),('globalSets.d6d60bb7-e503-4812-ab5f-ea9349c299cb.fieldLayouts.8bece5ec-1323-4120-8c3f-0303964a23ae.tabs.2.elements.0.instructions','null'),('globalSets.d6d60bb7-e503-4812-ab5f-ea9349c299cb.fieldLayouts.8bece5ec-1323-4120-8c3f-0303964a23ae.tabs.2.elements.0.label','null'),('globalSets.d6d60bb7-e503-4812-ab5f-ea9349c299cb.fieldLayouts.8bece5ec-1323-4120-8c3f-0303964a23ae.tabs.2.elements.0.required','false'),('globalSets.d6d60bb7-e503-4812-ab5f-ea9349c299cb.fieldLayouts.8bece5ec-1323-4120-8c3f-0303964a23ae.tabs.2.elements.0.tip','null'),('globalSets.d6d60bb7-e503-4812-ab5f-ea9349c299cb.fieldLayouts.8bece5ec-1323-4120-8c3f-0303964a23ae.tabs.2.elements.0.type','\"craft\\\\fieldlayoutelements\\\\CustomField\"'),('globalSets.d6d60bb7-e503-4812-ab5f-ea9349c299cb.fieldLayouts.8bece5ec-1323-4120-8c3f-0303964a23ae.tabs.2.elements.0.warning','null'),('globalSets.d6d60bb7-e503-4812-ab5f-ea9349c299cb.fieldLayouts.8bece5ec-1323-4120-8c3f-0303964a23ae.tabs.2.elements.0.width','100'),('globalSets.d6d60bb7-e503-4812-ab5f-ea9349c299cb.fieldLayouts.8bece5ec-1323-4120-8c3f-0303964a23ae.tabs.2.elements.1.fieldUid','\"c931aa20-ddd6-4883-ba22-04b7df849446\"'),('globalSets.d6d60bb7-e503-4812-ab5f-ea9349c299cb.fieldLayouts.8bece5ec-1323-4120-8c3f-0303964a23ae.tabs.2.elements.1.instructions','null'),('globalSets.d6d60bb7-e503-4812-ab5f-ea9349c299cb.fieldLayouts.8bece5ec-1323-4120-8c3f-0303964a23ae.tabs.2.elements.1.label','null'),('globalSets.d6d60bb7-e503-4812-ab5f-ea9349c299cb.fieldLayouts.8bece5ec-1323-4120-8c3f-0303964a23ae.tabs.2.elements.1.required','false'),('globalSets.d6d60bb7-e503-4812-ab5f-ea9349c299cb.fieldLayouts.8bece5ec-1323-4120-8c3f-0303964a23ae.tabs.2.elements.1.tip','null'),('globalSets.d6d60bb7-e503-4812-ab5f-ea9349c299cb.fieldLayouts.8bece5ec-1323-4120-8c3f-0303964a23ae.tabs.2.elements.1.type','\"craft\\\\fieldlayoutelements\\\\CustomField\"'),('globalSets.d6d60bb7-e503-4812-ab5f-ea9349c299cb.fieldLayouts.8bece5ec-1323-4120-8c3f-0303964a23ae.tabs.2.elements.1.warning','null'),('globalSets.d6d60bb7-e503-4812-ab5f-ea9349c299cb.fieldLayouts.8bece5ec-1323-4120-8c3f-0303964a23ae.tabs.2.elements.1.width','100'),('globalSets.d6d60bb7-e503-4812-ab5f-ea9349c299cb.fieldLayouts.8bece5ec-1323-4120-8c3f-0303964a23ae.tabs.2.name','\"Call to Action\"'),('globalSets.d6d60bb7-e503-4812-ab5f-ea9349c299cb.fieldLayouts.8bece5ec-1323-4120-8c3f-0303964a23ae.tabs.2.sortOrder','3'),('globalSets.d6d60bb7-e503-4812-ab5f-ea9349c299cb.fieldLayouts.8bece5ec-1323-4120-8c3f-0303964a23ae.tabs.3.elements.0.fieldUid','\"abcad323-6d7b-4adf-be0a-6d902ae0a91d\"'),('globalSets.d6d60bb7-e503-4812-ab5f-ea9349c299cb.fieldLayouts.8bece5ec-1323-4120-8c3f-0303964a23ae.tabs.3.elements.0.instructions','null'),('globalSets.d6d60bb7-e503-4812-ab5f-ea9349c299cb.fieldLayouts.8bece5ec-1323-4120-8c3f-0303964a23ae.tabs.3.elements.0.label','null'),('globalSets.d6d60bb7-e503-4812-ab5f-ea9349c299cb.fieldLayouts.8bece5ec-1323-4120-8c3f-0303964a23ae.tabs.3.elements.0.required','false'),('globalSets.d6d60bb7-e503-4812-ab5f-ea9349c299cb.fieldLayouts.8bece5ec-1323-4120-8c3f-0303964a23ae.tabs.3.elements.0.tip','null'),('globalSets.d6d60bb7-e503-4812-ab5f-ea9349c299cb.fieldLayouts.8bece5ec-1323-4120-8c3f-0303964a23ae.tabs.3.elements.0.type','\"craft\\\\fieldlayoutelements\\\\CustomField\"'),('globalSets.d6d60bb7-e503-4812-ab5f-ea9349c299cb.fieldLayouts.8bece5ec-1323-4120-8c3f-0303964a23ae.tabs.3.elements.0.warning','null'),('globalSets.d6d60bb7-e503-4812-ab5f-ea9349c299cb.fieldLayouts.8bece5ec-1323-4120-8c3f-0303964a23ae.tabs.3.elements.0.width','100'),('globalSets.d6d60bb7-e503-4812-ab5f-ea9349c299cb.fieldLayouts.8bece5ec-1323-4120-8c3f-0303964a23ae.tabs.3.name','\"Main Menu\"'),('globalSets.d6d60bb7-e503-4812-ab5f-ea9349c299cb.fieldLayouts.8bece5ec-1323-4120-8c3f-0303964a23ae.tabs.3.sortOrder','4'),('globalSets.d6d60bb7-e503-4812-ab5f-ea9349c299cb.handle','\"header\"'),('globalSets.d6d60bb7-e503-4812-ab5f-ea9349c299cb.name','\"Header\"'),('matrixBlockTypes.1f54c6f1-2175-484a-a90d-0da70e60cb44.field','\"7147aec6-4c49-4d7c-be79-3e9e57b5991f\"'),('matrixBlockTypes.1f54c6f1-2175-484a-a90d-0da70e60cb44.fieldLayouts.21104bb0-5e1f-499d-80bc-9eb44014dfd2.tabs.0.elements.0.fieldUid','\"da3eb716-b972-4921-a6be-046765e50ae5\"'),('matrixBlockTypes.1f54c6f1-2175-484a-a90d-0da70e60cb44.fieldLayouts.21104bb0-5e1f-499d-80bc-9eb44014dfd2.tabs.0.elements.0.instructions','null'),('matrixBlockTypes.1f54c6f1-2175-484a-a90d-0da70e60cb44.fieldLayouts.21104bb0-5e1f-499d-80bc-9eb44014dfd2.tabs.0.elements.0.label','null'),('matrixBlockTypes.1f54c6f1-2175-484a-a90d-0da70e60cb44.fieldLayouts.21104bb0-5e1f-499d-80bc-9eb44014dfd2.tabs.0.elements.0.required','false'),('matrixBlockTypes.1f54c6f1-2175-484a-a90d-0da70e60cb44.fieldLayouts.21104bb0-5e1f-499d-80bc-9eb44014dfd2.tabs.0.elements.0.tip','null'),('matrixBlockTypes.1f54c6f1-2175-484a-a90d-0da70e60cb44.fieldLayouts.21104bb0-5e1f-499d-80bc-9eb44014dfd2.tabs.0.elements.0.type','\"craft\\\\fieldlayoutelements\\\\CustomField\"'),('matrixBlockTypes.1f54c6f1-2175-484a-a90d-0da70e60cb44.fieldLayouts.21104bb0-5e1f-499d-80bc-9eb44014dfd2.tabs.0.elements.0.warning','null'),('matrixBlockTypes.1f54c6f1-2175-484a-a90d-0da70e60cb44.fieldLayouts.21104bb0-5e1f-499d-80bc-9eb44014dfd2.tabs.0.elements.0.width','100'),('matrixBlockTypes.1f54c6f1-2175-484a-a90d-0da70e60cb44.fieldLayouts.21104bb0-5e1f-499d-80bc-9eb44014dfd2.tabs.0.elements.1.fieldUid','\"fe2b0a98-b797-441b-8e3d-5c1177236ca5\"'),('matrixBlockTypes.1f54c6f1-2175-484a-a90d-0da70e60cb44.fieldLayouts.21104bb0-5e1f-499d-80bc-9eb44014dfd2.tabs.0.elements.1.instructions','null'),('matrixBlockTypes.1f54c6f1-2175-484a-a90d-0da70e60cb44.fieldLayouts.21104bb0-5e1f-499d-80bc-9eb44014dfd2.tabs.0.elements.1.label','null'),('matrixBlockTypes.1f54c6f1-2175-484a-a90d-0da70e60cb44.fieldLayouts.21104bb0-5e1f-499d-80bc-9eb44014dfd2.tabs.0.elements.1.required','false'),('matrixBlockTypes.1f54c6f1-2175-484a-a90d-0da70e60cb44.fieldLayouts.21104bb0-5e1f-499d-80bc-9eb44014dfd2.tabs.0.elements.1.tip','null'),('matrixBlockTypes.1f54c6f1-2175-484a-a90d-0da70e60cb44.fieldLayouts.21104bb0-5e1f-499d-80bc-9eb44014dfd2.tabs.0.elements.1.type','\"craft\\\\fieldlayoutelements\\\\CustomField\"'),('matrixBlockTypes.1f54c6f1-2175-484a-a90d-0da70e60cb44.fieldLayouts.21104bb0-5e1f-499d-80bc-9eb44014dfd2.tabs.0.elements.1.warning','null'),('matrixBlockTypes.1f54c6f1-2175-484a-a90d-0da70e60cb44.fieldLayouts.21104bb0-5e1f-499d-80bc-9eb44014dfd2.tabs.0.elements.1.width','100'),('matrixBlockTypes.1f54c6f1-2175-484a-a90d-0da70e60cb44.fieldLayouts.21104bb0-5e1f-499d-80bc-9eb44014dfd2.tabs.0.name','\"Content\"'),('matrixBlockTypes.1f54c6f1-2175-484a-a90d-0da70e60cb44.fieldLayouts.21104bb0-5e1f-499d-80bc-9eb44014dfd2.tabs.0.sortOrder','1'),('matrixBlockTypes.1f54c6f1-2175-484a-a90d-0da70e60cb44.fields.da3eb716-b972-4921-a6be-046765e50ae5.contentColumnType','\"string\"'),('matrixBlockTypes.1f54c6f1-2175-484a-a90d-0da70e60cb44.fields.da3eb716-b972-4921-a6be-046765e50ae5.fieldGroup','null'),('matrixBlockTypes.1f54c6f1-2175-484a-a90d-0da70e60cb44.fields.da3eb716-b972-4921-a6be-046765e50ae5.handle','\"kind\"'),('matrixBlockTypes.1f54c6f1-2175-484a-a90d-0da70e60cb44.fields.da3eb716-b972-4921-a6be-046765e50ae5.instructions','\"\"'),('matrixBlockTypes.1f54c6f1-2175-484a-a90d-0da70e60cb44.fields.da3eb716-b972-4921-a6be-046765e50ae5.name','\"Kind\"'),('matrixBlockTypes.1f54c6f1-2175-484a-a90d-0da70e60cb44.fields.da3eb716-b972-4921-a6be-046765e50ae5.searchable','false'),('matrixBlockTypes.1f54c6f1-2175-484a-a90d-0da70e60cb44.fields.da3eb716-b972-4921-a6be-046765e50ae5.settings.optgroups','true'),('matrixBlockTypes.1f54c6f1-2175-484a-a90d-0da70e60cb44.fields.da3eb716-b972-4921-a6be-046765e50ae5.settings.options.0.__assoc__.0.0','\"label\"'),('matrixBlockTypes.1f54c6f1-2175-484a-a90d-0da70e60cb44.fields.da3eb716-b972-4921-a6be-046765e50ae5.settings.options.0.__assoc__.0.1','\"City\"'),('matrixBlockTypes.1f54c6f1-2175-484a-a90d-0da70e60cb44.fields.da3eb716-b972-4921-a6be-046765e50ae5.settings.options.0.__assoc__.1.0','\"value\"'),('matrixBlockTypes.1f54c6f1-2175-484a-a90d-0da70e60cb44.fields.da3eb716-b972-4921-a6be-046765e50ae5.settings.options.0.__assoc__.1.1','\"city\"'),('matrixBlockTypes.1f54c6f1-2175-484a-a90d-0da70e60cb44.fields.da3eb716-b972-4921-a6be-046765e50ae5.settings.options.0.__assoc__.2.0','\"default\"'),('matrixBlockTypes.1f54c6f1-2175-484a-a90d-0da70e60cb44.fields.da3eb716-b972-4921-a6be-046765e50ae5.settings.options.0.__assoc__.2.1','\"\"'),('matrixBlockTypes.1f54c6f1-2175-484a-a90d-0da70e60cb44.fields.da3eb716-b972-4921-a6be-046765e50ae5.settings.options.1.__assoc__.0.0','\"label\"'),('matrixBlockTypes.1f54c6f1-2175-484a-a90d-0da70e60cb44.fields.da3eb716-b972-4921-a6be-046765e50ae5.settings.options.1.__assoc__.0.1','\"Street\"'),('matrixBlockTypes.1f54c6f1-2175-484a-a90d-0da70e60cb44.fields.da3eb716-b972-4921-a6be-046765e50ae5.settings.options.1.__assoc__.1.0','\"value\"'),('matrixBlockTypes.1f54c6f1-2175-484a-a90d-0da70e60cb44.fields.da3eb716-b972-4921-a6be-046765e50ae5.settings.options.1.__assoc__.1.1','\"street\"'),('matrixBlockTypes.1f54c6f1-2175-484a-a90d-0da70e60cb44.fields.da3eb716-b972-4921-a6be-046765e50ae5.settings.options.1.__assoc__.2.0','\"default\"'),('matrixBlockTypes.1f54c6f1-2175-484a-a90d-0da70e60cb44.fields.da3eb716-b972-4921-a6be-046765e50ae5.settings.options.1.__assoc__.2.1','\"\"'),('matrixBlockTypes.1f54c6f1-2175-484a-a90d-0da70e60cb44.fields.da3eb716-b972-4921-a6be-046765e50ae5.settings.options.2.__assoc__.0.0','\"label\"'),('matrixBlockTypes.1f54c6f1-2175-484a-a90d-0da70e60cb44.fields.da3eb716-b972-4921-a6be-046765e50ae5.settings.options.2.__assoc__.0.1','\"Phone\"'),('matrixBlockTypes.1f54c6f1-2175-484a-a90d-0da70e60cb44.fields.da3eb716-b972-4921-a6be-046765e50ae5.settings.options.2.__assoc__.1.0','\"value\"'),('matrixBlockTypes.1f54c6f1-2175-484a-a90d-0da70e60cb44.fields.da3eb716-b972-4921-a6be-046765e50ae5.settings.options.2.__assoc__.1.1','\"phone\"'),('matrixBlockTypes.1f54c6f1-2175-484a-a90d-0da70e60cb44.fields.da3eb716-b972-4921-a6be-046765e50ae5.settings.options.2.__assoc__.2.0','\"default\"'),('matrixBlockTypes.1f54c6f1-2175-484a-a90d-0da70e60cb44.fields.da3eb716-b972-4921-a6be-046765e50ae5.settings.options.2.__assoc__.2.1','\"\"'),('matrixBlockTypes.1f54c6f1-2175-484a-a90d-0da70e60cb44.fields.da3eb716-b972-4921-a6be-046765e50ae5.settings.options.3.__assoc__.0.0','\"label\"'),('matrixBlockTypes.1f54c6f1-2175-484a-a90d-0da70e60cb44.fields.da3eb716-b972-4921-a6be-046765e50ae5.settings.options.3.__assoc__.0.1','\"mailbox\"'),('matrixBlockTypes.1f54c6f1-2175-484a-a90d-0da70e60cb44.fields.da3eb716-b972-4921-a6be-046765e50ae5.settings.options.3.__assoc__.1.0','\"value\"'),('matrixBlockTypes.1f54c6f1-2175-484a-a90d-0da70e60cb44.fields.da3eb716-b972-4921-a6be-046765e50ae5.settings.options.3.__assoc__.1.1','\"mailbox\"'),('matrixBlockTypes.1f54c6f1-2175-484a-a90d-0da70e60cb44.fields.da3eb716-b972-4921-a6be-046765e50ae5.settings.options.3.__assoc__.2.0','\"default\"'),('matrixBlockTypes.1f54c6f1-2175-484a-a90d-0da70e60cb44.fields.da3eb716-b972-4921-a6be-046765e50ae5.settings.options.3.__assoc__.2.1','\"\"'),('matrixBlockTypes.1f54c6f1-2175-484a-a90d-0da70e60cb44.fields.da3eb716-b972-4921-a6be-046765e50ae5.translationKeyFormat','null'),('matrixBlockTypes.1f54c6f1-2175-484a-a90d-0da70e60cb44.fields.da3eb716-b972-4921-a6be-046765e50ae5.translationMethod','\"none\"'),('matrixBlockTypes.1f54c6f1-2175-484a-a90d-0da70e60cb44.fields.da3eb716-b972-4921-a6be-046765e50ae5.type','\"craft\\\\fields\\\\Dropdown\"'),('matrixBlockTypes.1f54c6f1-2175-484a-a90d-0da70e60cb44.fields.fe2b0a98-b797-441b-8e3d-5c1177236ca5.contentColumnType','\"text\"'),('matrixBlockTypes.1f54c6f1-2175-484a-a90d-0da70e60cb44.fields.fe2b0a98-b797-441b-8e3d-5c1177236ca5.fieldGroup','null'),('matrixBlockTypes.1f54c6f1-2175-484a-a90d-0da70e60cb44.fields.fe2b0a98-b797-441b-8e3d-5c1177236ca5.handle','\"property\"'),('matrixBlockTypes.1f54c6f1-2175-484a-a90d-0da70e60cb44.fields.fe2b0a98-b797-441b-8e3d-5c1177236ca5.instructions','\"\"'),('matrixBlockTypes.1f54c6f1-2175-484a-a90d-0da70e60cb44.fields.fe2b0a98-b797-441b-8e3d-5c1177236ca5.name','\"Property\"'),('matrixBlockTypes.1f54c6f1-2175-484a-a90d-0da70e60cb44.fields.fe2b0a98-b797-441b-8e3d-5c1177236ca5.searchable','false'),('matrixBlockTypes.1f54c6f1-2175-484a-a90d-0da70e60cb44.fields.fe2b0a98-b797-441b-8e3d-5c1177236ca5.settings.byteLimit','null'),('matrixBlockTypes.1f54c6f1-2175-484a-a90d-0da70e60cb44.fields.fe2b0a98-b797-441b-8e3d-5c1177236ca5.settings.charLimit','null'),('matrixBlockTypes.1f54c6f1-2175-484a-a90d-0da70e60cb44.fields.fe2b0a98-b797-441b-8e3d-5c1177236ca5.settings.code','\"\"'),('matrixBlockTypes.1f54c6f1-2175-484a-a90d-0da70e60cb44.fields.fe2b0a98-b797-441b-8e3d-5c1177236ca5.settings.columnType','null'),('matrixBlockTypes.1f54c6f1-2175-484a-a90d-0da70e60cb44.fields.fe2b0a98-b797-441b-8e3d-5c1177236ca5.settings.initialRows','\"4\"'),('matrixBlockTypes.1f54c6f1-2175-484a-a90d-0da70e60cb44.fields.fe2b0a98-b797-441b-8e3d-5c1177236ca5.settings.multiline','\"\"'),('matrixBlockTypes.1f54c6f1-2175-484a-a90d-0da70e60cb44.fields.fe2b0a98-b797-441b-8e3d-5c1177236ca5.settings.placeholder','null'),('matrixBlockTypes.1f54c6f1-2175-484a-a90d-0da70e60cb44.fields.fe2b0a98-b797-441b-8e3d-5c1177236ca5.settings.uiMode','\"normal\"'),('matrixBlockTypes.1f54c6f1-2175-484a-a90d-0da70e60cb44.fields.fe2b0a98-b797-441b-8e3d-5c1177236ca5.translationKeyFormat','null'),('matrixBlockTypes.1f54c6f1-2175-484a-a90d-0da70e60cb44.fields.fe2b0a98-b797-441b-8e3d-5c1177236ca5.translationMethod','\"none\"'),('matrixBlockTypes.1f54c6f1-2175-484a-a90d-0da70e60cb44.fields.fe2b0a98-b797-441b-8e3d-5c1177236ca5.type','\"craft\\\\fields\\\\PlainText\"'),('matrixBlockTypes.1f54c6f1-2175-484a-a90d-0da70e60cb44.handle','\"address\"'),('matrixBlockTypes.1f54c6f1-2175-484a-a90d-0da70e60cb44.name','\"Address\"'),('matrixBlockTypes.1f54c6f1-2175-484a-a90d-0da70e60cb44.sortOrder','2'),('matrixBlockTypes.2b526533-c087-4758-8b62-575ce781cfb6.field','\"1c6fe872-b1b5-4713-9fb6-36bb532706b4\"'),('matrixBlockTypes.2b526533-c087-4758-8b62-575ce781cfb6.fieldLayouts.eed8b86e-3074-46e8-846e-a12f1ed9c5b2.tabs.0.elements.0.fieldUid','\"6014bb6a-6e03-4781-90ae-99fdebb755ca\"'),('matrixBlockTypes.2b526533-c087-4758-8b62-575ce781cfb6.fieldLayouts.eed8b86e-3074-46e8-846e-a12f1ed9c5b2.tabs.0.elements.0.instructions','null'),('matrixBlockTypes.2b526533-c087-4758-8b62-575ce781cfb6.fieldLayouts.eed8b86e-3074-46e8-846e-a12f1ed9c5b2.tabs.0.elements.0.label','null'),('matrixBlockTypes.2b526533-c087-4758-8b62-575ce781cfb6.fieldLayouts.eed8b86e-3074-46e8-846e-a12f1ed9c5b2.tabs.0.elements.0.required','false'),('matrixBlockTypes.2b526533-c087-4758-8b62-575ce781cfb6.fieldLayouts.eed8b86e-3074-46e8-846e-a12f1ed9c5b2.tabs.0.elements.0.tip','null'),('matrixBlockTypes.2b526533-c087-4758-8b62-575ce781cfb6.fieldLayouts.eed8b86e-3074-46e8-846e-a12f1ed9c5b2.tabs.0.elements.0.type','\"craft\\\\fieldlayoutelements\\\\CustomField\"'),('matrixBlockTypes.2b526533-c087-4758-8b62-575ce781cfb6.fieldLayouts.eed8b86e-3074-46e8-846e-a12f1ed9c5b2.tabs.0.elements.0.warning','null'),('matrixBlockTypes.2b526533-c087-4758-8b62-575ce781cfb6.fieldLayouts.eed8b86e-3074-46e8-846e-a12f1ed9c5b2.tabs.0.elements.0.width','100'),('matrixBlockTypes.2b526533-c087-4758-8b62-575ce781cfb6.fieldLayouts.eed8b86e-3074-46e8-846e-a12f1ed9c5b2.tabs.0.elements.1.fieldUid','\"2a925371-677a-4b65-8d1e-d5b9c4a46511\"'),('matrixBlockTypes.2b526533-c087-4758-8b62-575ce781cfb6.fieldLayouts.eed8b86e-3074-46e8-846e-a12f1ed9c5b2.tabs.0.elements.1.instructions','null'),('matrixBlockTypes.2b526533-c087-4758-8b62-575ce781cfb6.fieldLayouts.eed8b86e-3074-46e8-846e-a12f1ed9c5b2.tabs.0.elements.1.label','null'),('matrixBlockTypes.2b526533-c087-4758-8b62-575ce781cfb6.fieldLayouts.eed8b86e-3074-46e8-846e-a12f1ed9c5b2.tabs.0.elements.1.required','false'),('matrixBlockTypes.2b526533-c087-4758-8b62-575ce781cfb6.fieldLayouts.eed8b86e-3074-46e8-846e-a12f1ed9c5b2.tabs.0.elements.1.tip','null'),('matrixBlockTypes.2b526533-c087-4758-8b62-575ce781cfb6.fieldLayouts.eed8b86e-3074-46e8-846e-a12f1ed9c5b2.tabs.0.elements.1.type','\"craft\\\\fieldlayoutelements\\\\CustomField\"'),('matrixBlockTypes.2b526533-c087-4758-8b62-575ce781cfb6.fieldLayouts.eed8b86e-3074-46e8-846e-a12f1ed9c5b2.tabs.0.elements.1.warning','null'),('matrixBlockTypes.2b526533-c087-4758-8b62-575ce781cfb6.fieldLayouts.eed8b86e-3074-46e8-846e-a12f1ed9c5b2.tabs.0.elements.1.width','100'),('matrixBlockTypes.2b526533-c087-4758-8b62-575ce781cfb6.fieldLayouts.eed8b86e-3074-46e8-846e-a12f1ed9c5b2.tabs.0.elements.2.fieldUid','\"c9921f88-75bb-4619-a6d8-c95806b75191\"'),('matrixBlockTypes.2b526533-c087-4758-8b62-575ce781cfb6.fieldLayouts.eed8b86e-3074-46e8-846e-a12f1ed9c5b2.tabs.0.elements.2.instructions','null'),('matrixBlockTypes.2b526533-c087-4758-8b62-575ce781cfb6.fieldLayouts.eed8b86e-3074-46e8-846e-a12f1ed9c5b2.tabs.0.elements.2.label','null'),('matrixBlockTypes.2b526533-c087-4758-8b62-575ce781cfb6.fieldLayouts.eed8b86e-3074-46e8-846e-a12f1ed9c5b2.tabs.0.elements.2.required','false'),('matrixBlockTypes.2b526533-c087-4758-8b62-575ce781cfb6.fieldLayouts.eed8b86e-3074-46e8-846e-a12f1ed9c5b2.tabs.0.elements.2.tip','null'),('matrixBlockTypes.2b526533-c087-4758-8b62-575ce781cfb6.fieldLayouts.eed8b86e-3074-46e8-846e-a12f1ed9c5b2.tabs.0.elements.2.type','\"craft\\\\fieldlayoutelements\\\\CustomField\"'),('matrixBlockTypes.2b526533-c087-4758-8b62-575ce781cfb6.fieldLayouts.eed8b86e-3074-46e8-846e-a12f1ed9c5b2.tabs.0.elements.2.warning','null'),('matrixBlockTypes.2b526533-c087-4758-8b62-575ce781cfb6.fieldLayouts.eed8b86e-3074-46e8-846e-a12f1ed9c5b2.tabs.0.elements.2.width','100'),('matrixBlockTypes.2b526533-c087-4758-8b62-575ce781cfb6.fieldLayouts.eed8b86e-3074-46e8-846e-a12f1ed9c5b2.tabs.0.name','\"Content\"'),('matrixBlockTypes.2b526533-c087-4758-8b62-575ce781cfb6.fieldLayouts.eed8b86e-3074-46e8-846e-a12f1ed9c5b2.tabs.0.sortOrder','1'),('matrixBlockTypes.2b526533-c087-4758-8b62-575ce781cfb6.fields.2a925371-677a-4b65-8d1e-d5b9c4a46511.contentColumnType','\"text\"'),('matrixBlockTypes.2b526533-c087-4758-8b62-575ce781cfb6.fields.2a925371-677a-4b65-8d1e-d5b9c4a46511.fieldGroup','null'),('matrixBlockTypes.2b526533-c087-4758-8b62-575ce781cfb6.fields.2a925371-677a-4b65-8d1e-d5b9c4a46511.handle','\"description\"'),('matrixBlockTypes.2b526533-c087-4758-8b62-575ce781cfb6.fields.2a925371-677a-4b65-8d1e-d5b9c4a46511.instructions','\"\"'),('matrixBlockTypes.2b526533-c087-4758-8b62-575ce781cfb6.fields.2a925371-677a-4b65-8d1e-d5b9c4a46511.name','\"Description\"'),('matrixBlockTypes.2b526533-c087-4758-8b62-575ce781cfb6.fields.2a925371-677a-4b65-8d1e-d5b9c4a46511.searchable','false'),('matrixBlockTypes.2b526533-c087-4758-8b62-575ce781cfb6.fields.2a925371-677a-4b65-8d1e-d5b9c4a46511.settings.availableTransforms','\"*\"'),('matrixBlockTypes.2b526533-c087-4758-8b62-575ce781cfb6.fields.2a925371-677a-4b65-8d1e-d5b9c4a46511.settings.availableVolumes','\"*\"'),('matrixBlockTypes.2b526533-c087-4758-8b62-575ce781cfb6.fields.2a925371-677a-4b65-8d1e-d5b9c4a46511.settings.cleanupHtml','true'),('matrixBlockTypes.2b526533-c087-4758-8b62-575ce781cfb6.fields.2a925371-677a-4b65-8d1e-d5b9c4a46511.settings.columnType','\"text\"'),('matrixBlockTypes.2b526533-c087-4758-8b62-575ce781cfb6.fields.2a925371-677a-4b65-8d1e-d5b9c4a46511.settings.configSelectionMode','\"choose\"'),('matrixBlockTypes.2b526533-c087-4758-8b62-575ce781cfb6.fields.2a925371-677a-4b65-8d1e-d5b9c4a46511.settings.defaultTransform','\"\"'),('matrixBlockTypes.2b526533-c087-4758-8b62-575ce781cfb6.fields.2a925371-677a-4b65-8d1e-d5b9c4a46511.settings.manualConfig','\"\"'),('matrixBlockTypes.2b526533-c087-4758-8b62-575ce781cfb6.fields.2a925371-677a-4b65-8d1e-d5b9c4a46511.settings.purifierConfig','\"\"'),('matrixBlockTypes.2b526533-c087-4758-8b62-575ce781cfb6.fields.2a925371-677a-4b65-8d1e-d5b9c4a46511.settings.purifyHtml','\"1\"'),('matrixBlockTypes.2b526533-c087-4758-8b62-575ce781cfb6.fields.2a925371-677a-4b65-8d1e-d5b9c4a46511.settings.redactorConfig','\"\"'),('matrixBlockTypes.2b526533-c087-4758-8b62-575ce781cfb6.fields.2a925371-677a-4b65-8d1e-d5b9c4a46511.settings.removeEmptyTags','\"1\"'),('matrixBlockTypes.2b526533-c087-4758-8b62-575ce781cfb6.fields.2a925371-677a-4b65-8d1e-d5b9c4a46511.settings.removeInlineStyles','\"1\"'),('matrixBlockTypes.2b526533-c087-4758-8b62-575ce781cfb6.fields.2a925371-677a-4b65-8d1e-d5b9c4a46511.settings.removeNbsp','\"1\"'),('matrixBlockTypes.2b526533-c087-4758-8b62-575ce781cfb6.fields.2a925371-677a-4b65-8d1e-d5b9c4a46511.settings.showHtmlButtonForNonAdmins','\"\"'),('matrixBlockTypes.2b526533-c087-4758-8b62-575ce781cfb6.fields.2a925371-677a-4b65-8d1e-d5b9c4a46511.settings.showUnpermittedFiles','false'),('matrixBlockTypes.2b526533-c087-4758-8b62-575ce781cfb6.fields.2a925371-677a-4b65-8d1e-d5b9c4a46511.settings.showUnpermittedVolumes','false'),('matrixBlockTypes.2b526533-c087-4758-8b62-575ce781cfb6.fields.2a925371-677a-4b65-8d1e-d5b9c4a46511.settings.uiMode','\"enlarged\"'),('matrixBlockTypes.2b526533-c087-4758-8b62-575ce781cfb6.fields.2a925371-677a-4b65-8d1e-d5b9c4a46511.translationKeyFormat','null'),('matrixBlockTypes.2b526533-c087-4758-8b62-575ce781cfb6.fields.2a925371-677a-4b65-8d1e-d5b9c4a46511.translationMethod','\"none\"'),('matrixBlockTypes.2b526533-c087-4758-8b62-575ce781cfb6.fields.2a925371-677a-4b65-8d1e-d5b9c4a46511.type','\"craft\\\\redactor\\\\Field\"'),('matrixBlockTypes.2b526533-c087-4758-8b62-575ce781cfb6.fields.6014bb6a-6e03-4781-90ae-99fdebb755ca.contentColumnType','\"text\"'),('matrixBlockTypes.2b526533-c087-4758-8b62-575ce781cfb6.fields.6014bb6a-6e03-4781-90ae-99fdebb755ca.fieldGroup','null'),('matrixBlockTypes.2b526533-c087-4758-8b62-575ce781cfb6.fields.6014bb6a-6e03-4781-90ae-99fdebb755ca.handle','\"caption\"'),('matrixBlockTypes.2b526533-c087-4758-8b62-575ce781cfb6.fields.6014bb6a-6e03-4781-90ae-99fdebb755ca.instructions','\"\"'),('matrixBlockTypes.2b526533-c087-4758-8b62-575ce781cfb6.fields.6014bb6a-6e03-4781-90ae-99fdebb755ca.name','\"Caption\"'),('matrixBlockTypes.2b526533-c087-4758-8b62-575ce781cfb6.fields.6014bb6a-6e03-4781-90ae-99fdebb755ca.searchable','false'),('matrixBlockTypes.2b526533-c087-4758-8b62-575ce781cfb6.fields.6014bb6a-6e03-4781-90ae-99fdebb755ca.settings.byteLimit','null'),('matrixBlockTypes.2b526533-c087-4758-8b62-575ce781cfb6.fields.6014bb6a-6e03-4781-90ae-99fdebb755ca.settings.charLimit','null'),('matrixBlockTypes.2b526533-c087-4758-8b62-575ce781cfb6.fields.6014bb6a-6e03-4781-90ae-99fdebb755ca.settings.code','\"\"'),('matrixBlockTypes.2b526533-c087-4758-8b62-575ce781cfb6.fields.6014bb6a-6e03-4781-90ae-99fdebb755ca.settings.columnType','null'),('matrixBlockTypes.2b526533-c087-4758-8b62-575ce781cfb6.fields.6014bb6a-6e03-4781-90ae-99fdebb755ca.settings.initialRows','\"4\"'),('matrixBlockTypes.2b526533-c087-4758-8b62-575ce781cfb6.fields.6014bb6a-6e03-4781-90ae-99fdebb755ca.settings.multiline','\"\"'),('matrixBlockTypes.2b526533-c087-4758-8b62-575ce781cfb6.fields.6014bb6a-6e03-4781-90ae-99fdebb755ca.settings.placeholder','null'),('matrixBlockTypes.2b526533-c087-4758-8b62-575ce781cfb6.fields.6014bb6a-6e03-4781-90ae-99fdebb755ca.settings.uiMode','\"normal\"'),('matrixBlockTypes.2b526533-c087-4758-8b62-575ce781cfb6.fields.6014bb6a-6e03-4781-90ae-99fdebb755ca.translationKeyFormat','null'),('matrixBlockTypes.2b526533-c087-4758-8b62-575ce781cfb6.fields.6014bb6a-6e03-4781-90ae-99fdebb755ca.translationMethod','\"none\"'),('matrixBlockTypes.2b526533-c087-4758-8b62-575ce781cfb6.fields.6014bb6a-6e03-4781-90ae-99fdebb755ca.type','\"craft\\\\fields\\\\PlainText\"'),('matrixBlockTypes.2b526533-c087-4758-8b62-575ce781cfb6.fields.c9921f88-75bb-4619-a6d8-c95806b75191.contentColumnType','\"string\"'),('matrixBlockTypes.2b526533-c087-4758-8b62-575ce781cfb6.fields.c9921f88-75bb-4619-a6d8-c95806b75191.fieldGroup','null'),('matrixBlockTypes.2b526533-c087-4758-8b62-575ce781cfb6.fields.c9921f88-75bb-4619-a6d8-c95806b75191.handle','\"icon\"'),('matrixBlockTypes.2b526533-c087-4758-8b62-575ce781cfb6.fields.c9921f88-75bb-4619-a6d8-c95806b75191.instructions','\"\"'),('matrixBlockTypes.2b526533-c087-4758-8b62-575ce781cfb6.fields.c9921f88-75bb-4619-a6d8-c95806b75191.name','\"Icon\"'),('matrixBlockTypes.2b526533-c087-4758-8b62-575ce781cfb6.fields.c9921f88-75bb-4619-a6d8-c95806b75191.searchable','false'),('matrixBlockTypes.2b526533-c087-4758-8b62-575ce781cfb6.fields.c9921f88-75bb-4619-a6d8-c95806b75191.settings.allowedKinds.0','\"image\"'),('matrixBlockTypes.2b526533-c087-4758-8b62-575ce781cfb6.fields.c9921f88-75bb-4619-a6d8-c95806b75191.settings.allowedKinds.1','\"svg\"'),('matrixBlockTypes.2b526533-c087-4758-8b62-575ce781cfb6.fields.c9921f88-75bb-4619-a6d8-c95806b75191.settings.allowSelfRelations','false'),('matrixBlockTypes.2b526533-c087-4758-8b62-575ce781cfb6.fields.c9921f88-75bb-4619-a6d8-c95806b75191.settings.allowUploads','true'),('matrixBlockTypes.2b526533-c087-4758-8b62-575ce781cfb6.fields.c9921f88-75bb-4619-a6d8-c95806b75191.settings.defaultUploadLocationSource','\"volume:ea80c8ea-0e29-471d-8525-89a167607dcb\"'),('matrixBlockTypes.2b526533-c087-4758-8b62-575ce781cfb6.fields.c9921f88-75bb-4619-a6d8-c95806b75191.settings.defaultUploadLocationSubpath','\"\"'),('matrixBlockTypes.2b526533-c087-4758-8b62-575ce781cfb6.fields.c9921f88-75bb-4619-a6d8-c95806b75191.settings.limit','\"1\"'),('matrixBlockTypes.2b526533-c087-4758-8b62-575ce781cfb6.fields.c9921f88-75bb-4619-a6d8-c95806b75191.settings.localizeRelations','false'),('matrixBlockTypes.2b526533-c087-4758-8b62-575ce781cfb6.fields.c9921f88-75bb-4619-a6d8-c95806b75191.settings.previewMode','\"full\"'),('matrixBlockTypes.2b526533-c087-4758-8b62-575ce781cfb6.fields.c9921f88-75bb-4619-a6d8-c95806b75191.settings.restrictFiles','\"1\"'),('matrixBlockTypes.2b526533-c087-4758-8b62-575ce781cfb6.fields.c9921f88-75bb-4619-a6d8-c95806b75191.settings.selectionLabel','\"\"'),('matrixBlockTypes.2b526533-c087-4758-8b62-575ce781cfb6.fields.c9921f88-75bb-4619-a6d8-c95806b75191.settings.showSiteMenu','true'),('matrixBlockTypes.2b526533-c087-4758-8b62-575ce781cfb6.fields.c9921f88-75bb-4619-a6d8-c95806b75191.settings.showUnpermittedFiles','false'),('matrixBlockTypes.2b526533-c087-4758-8b62-575ce781cfb6.fields.c9921f88-75bb-4619-a6d8-c95806b75191.settings.showUnpermittedVolumes','false'),('matrixBlockTypes.2b526533-c087-4758-8b62-575ce781cfb6.fields.c9921f88-75bb-4619-a6d8-c95806b75191.settings.singleUploadLocationSource','\"volume:4d5610a8-c2cd-489b-9b3c-98dc59f9888e\"'),('matrixBlockTypes.2b526533-c087-4758-8b62-575ce781cfb6.fields.c9921f88-75bb-4619-a6d8-c95806b75191.settings.singleUploadLocationSubpath','\"\"'),('matrixBlockTypes.2b526533-c087-4758-8b62-575ce781cfb6.fields.c9921f88-75bb-4619-a6d8-c95806b75191.settings.source','null'),('matrixBlockTypes.2b526533-c087-4758-8b62-575ce781cfb6.fields.c9921f88-75bb-4619-a6d8-c95806b75191.settings.sources','\"*\"'),('matrixBlockTypes.2b526533-c087-4758-8b62-575ce781cfb6.fields.c9921f88-75bb-4619-a6d8-c95806b75191.settings.targetSiteId','null'),('matrixBlockTypes.2b526533-c087-4758-8b62-575ce781cfb6.fields.c9921f88-75bb-4619-a6d8-c95806b75191.settings.useSingleFolder','false'),('matrixBlockTypes.2b526533-c087-4758-8b62-575ce781cfb6.fields.c9921f88-75bb-4619-a6d8-c95806b75191.settings.validateRelatedElements','false'),('matrixBlockTypes.2b526533-c087-4758-8b62-575ce781cfb6.fields.c9921f88-75bb-4619-a6d8-c95806b75191.settings.viewMode','\"list\"'),('matrixBlockTypes.2b526533-c087-4758-8b62-575ce781cfb6.fields.c9921f88-75bb-4619-a6d8-c95806b75191.translationKeyFormat','null'),('matrixBlockTypes.2b526533-c087-4758-8b62-575ce781cfb6.fields.c9921f88-75bb-4619-a6d8-c95806b75191.translationMethod','\"site\"'),('matrixBlockTypes.2b526533-c087-4758-8b62-575ce781cfb6.fields.c9921f88-75bb-4619-a6d8-c95806b75191.type','\"craft\\\\fields\\\\Assets\"'),('matrixBlockTypes.2b526533-c087-4758-8b62-575ce781cfb6.handle','\"feature\"'),('matrixBlockTypes.2b526533-c087-4758-8b62-575ce781cfb6.name','\"Feature\"'),('matrixBlockTypes.2b526533-c087-4758-8b62-575ce781cfb6.sortOrder','1'),('matrixBlockTypes.3ef17c42-1472-419f-95b1-b61e980bf815.field','\"abcad323-6d7b-4adf-be0a-6d902ae0a91d\"'),('matrixBlockTypes.3ef17c42-1472-419f-95b1-b61e980bf815.fieldLayouts.4e431ea9-46a0-4964-b646-6d27c174bfb6.tabs.0.elements.0.fieldUid','\"d0447e58-7964-4909-a7c6-cd0b0700b389\"'),('matrixBlockTypes.3ef17c42-1472-419f-95b1-b61e980bf815.fieldLayouts.4e431ea9-46a0-4964-b646-6d27c174bfb6.tabs.0.elements.0.instructions','null'),('matrixBlockTypes.3ef17c42-1472-419f-95b1-b61e980bf815.fieldLayouts.4e431ea9-46a0-4964-b646-6d27c174bfb6.tabs.0.elements.0.label','null'),('matrixBlockTypes.3ef17c42-1472-419f-95b1-b61e980bf815.fieldLayouts.4e431ea9-46a0-4964-b646-6d27c174bfb6.tabs.0.elements.0.required','false'),('matrixBlockTypes.3ef17c42-1472-419f-95b1-b61e980bf815.fieldLayouts.4e431ea9-46a0-4964-b646-6d27c174bfb6.tabs.0.elements.0.tip','null'),('matrixBlockTypes.3ef17c42-1472-419f-95b1-b61e980bf815.fieldLayouts.4e431ea9-46a0-4964-b646-6d27c174bfb6.tabs.0.elements.0.type','\"craft\\\\fieldlayoutelements\\\\CustomField\"'),('matrixBlockTypes.3ef17c42-1472-419f-95b1-b61e980bf815.fieldLayouts.4e431ea9-46a0-4964-b646-6d27c174bfb6.tabs.0.elements.0.warning','null'),('matrixBlockTypes.3ef17c42-1472-419f-95b1-b61e980bf815.fieldLayouts.4e431ea9-46a0-4964-b646-6d27c174bfb6.tabs.0.elements.0.width','100'),('matrixBlockTypes.3ef17c42-1472-419f-95b1-b61e980bf815.fieldLayouts.4e431ea9-46a0-4964-b646-6d27c174bfb6.tabs.0.name','\"Content\"'),('matrixBlockTypes.3ef17c42-1472-419f-95b1-b61e980bf815.fieldLayouts.4e431ea9-46a0-4964-b646-6d27c174bfb6.tabs.0.sortOrder','1'),('matrixBlockTypes.3ef17c42-1472-419f-95b1-b61e980bf815.fields.d0447e58-7964-4909-a7c6-cd0b0700b389.contentColumnType','\"text\"'),('matrixBlockTypes.3ef17c42-1472-419f-95b1-b61e980bf815.fields.d0447e58-7964-4909-a7c6-cd0b0700b389.fieldGroup','null'),('matrixBlockTypes.3ef17c42-1472-419f-95b1-b61e980bf815.fields.d0447e58-7964-4909-a7c6-cd0b0700b389.handle','\"caption\"'),('matrixBlockTypes.3ef17c42-1472-419f-95b1-b61e980bf815.fields.d0447e58-7964-4909-a7c6-cd0b0700b389.instructions','\"\"'),('matrixBlockTypes.3ef17c42-1472-419f-95b1-b61e980bf815.fields.d0447e58-7964-4909-a7c6-cd0b0700b389.name','\"Caption\"'),('matrixBlockTypes.3ef17c42-1472-419f-95b1-b61e980bf815.fields.d0447e58-7964-4909-a7c6-cd0b0700b389.searchable','false'),('matrixBlockTypes.3ef17c42-1472-419f-95b1-b61e980bf815.fields.d0447e58-7964-4909-a7c6-cd0b0700b389.settings.byteLimit','null'),('matrixBlockTypes.3ef17c42-1472-419f-95b1-b61e980bf815.fields.d0447e58-7964-4909-a7c6-cd0b0700b389.settings.charLimit','null'),('matrixBlockTypes.3ef17c42-1472-419f-95b1-b61e980bf815.fields.d0447e58-7964-4909-a7c6-cd0b0700b389.settings.code','\"\"'),('matrixBlockTypes.3ef17c42-1472-419f-95b1-b61e980bf815.fields.d0447e58-7964-4909-a7c6-cd0b0700b389.settings.columnType','null'),('matrixBlockTypes.3ef17c42-1472-419f-95b1-b61e980bf815.fields.d0447e58-7964-4909-a7c6-cd0b0700b389.settings.initialRows','\"4\"'),('matrixBlockTypes.3ef17c42-1472-419f-95b1-b61e980bf815.fields.d0447e58-7964-4909-a7c6-cd0b0700b389.settings.multiline','\"\"'),('matrixBlockTypes.3ef17c42-1472-419f-95b1-b61e980bf815.fields.d0447e58-7964-4909-a7c6-cd0b0700b389.settings.placeholder','null'),('matrixBlockTypes.3ef17c42-1472-419f-95b1-b61e980bf815.fields.d0447e58-7964-4909-a7c6-cd0b0700b389.settings.uiMode','\"normal\"'),('matrixBlockTypes.3ef17c42-1472-419f-95b1-b61e980bf815.fields.d0447e58-7964-4909-a7c6-cd0b0700b389.translationKeyFormat','null'),('matrixBlockTypes.3ef17c42-1472-419f-95b1-b61e980bf815.fields.d0447e58-7964-4909-a7c6-cd0b0700b389.translationMethod','\"none\"'),('matrixBlockTypes.3ef17c42-1472-419f-95b1-b61e980bf815.fields.d0447e58-7964-4909-a7c6-cd0b0700b389.type','\"craft\\\\fields\\\\PlainText\"'),('matrixBlockTypes.3ef17c42-1472-419f-95b1-b61e980bf815.handle','\"header\"'),('matrixBlockTypes.3ef17c42-1472-419f-95b1-b61e980bf815.name','\"header\"'),('matrixBlockTypes.3ef17c42-1472-419f-95b1-b61e980bf815.sortOrder','1'),('matrixBlockTypes.4624d09c-1abb-4565-8874-2b217d94676e.field','\"abcad323-6d7b-4adf-be0a-6d902ae0a91d\"'),('matrixBlockTypes.4624d09c-1abb-4565-8874-2b217d94676e.fieldLayouts.9aef02e4-ad2d-45d4-93d2-c616e27e4f7f.tabs.0.elements.0.fieldUid','\"a09f8971-26c8-45a7-9c54-3043d9b007e7\"'),('matrixBlockTypes.4624d09c-1abb-4565-8874-2b217d94676e.fieldLayouts.9aef02e4-ad2d-45d4-93d2-c616e27e4f7f.tabs.0.elements.0.instructions','null'),('matrixBlockTypes.4624d09c-1abb-4565-8874-2b217d94676e.fieldLayouts.9aef02e4-ad2d-45d4-93d2-c616e27e4f7f.tabs.0.elements.0.label','null'),('matrixBlockTypes.4624d09c-1abb-4565-8874-2b217d94676e.fieldLayouts.9aef02e4-ad2d-45d4-93d2-c616e27e4f7f.tabs.0.elements.0.required','true'),('matrixBlockTypes.4624d09c-1abb-4565-8874-2b217d94676e.fieldLayouts.9aef02e4-ad2d-45d4-93d2-c616e27e4f7f.tabs.0.elements.0.tip','null'),('matrixBlockTypes.4624d09c-1abb-4565-8874-2b217d94676e.fieldLayouts.9aef02e4-ad2d-45d4-93d2-c616e27e4f7f.tabs.0.elements.0.type','\"craft\\\\fieldlayoutelements\\\\CustomField\"'),('matrixBlockTypes.4624d09c-1abb-4565-8874-2b217d94676e.fieldLayouts.9aef02e4-ad2d-45d4-93d2-c616e27e4f7f.tabs.0.elements.0.warning','null'),('matrixBlockTypes.4624d09c-1abb-4565-8874-2b217d94676e.fieldLayouts.9aef02e4-ad2d-45d4-93d2-c616e27e4f7f.tabs.0.elements.0.width','100'),('matrixBlockTypes.4624d09c-1abb-4565-8874-2b217d94676e.fieldLayouts.9aef02e4-ad2d-45d4-93d2-c616e27e4f7f.tabs.0.elements.1.fieldUid','\"142e272e-62fe-4459-80f7-7568b9b54c2e\"'),('matrixBlockTypes.4624d09c-1abb-4565-8874-2b217d94676e.fieldLayouts.9aef02e4-ad2d-45d4-93d2-c616e27e4f7f.tabs.0.elements.1.instructions','null'),('matrixBlockTypes.4624d09c-1abb-4565-8874-2b217d94676e.fieldLayouts.9aef02e4-ad2d-45d4-93d2-c616e27e4f7f.tabs.0.elements.1.label','null'),('matrixBlockTypes.4624d09c-1abb-4565-8874-2b217d94676e.fieldLayouts.9aef02e4-ad2d-45d4-93d2-c616e27e4f7f.tabs.0.elements.1.required','true'),('matrixBlockTypes.4624d09c-1abb-4565-8874-2b217d94676e.fieldLayouts.9aef02e4-ad2d-45d4-93d2-c616e27e4f7f.tabs.0.elements.1.tip','null'),('matrixBlockTypes.4624d09c-1abb-4565-8874-2b217d94676e.fieldLayouts.9aef02e4-ad2d-45d4-93d2-c616e27e4f7f.tabs.0.elements.1.type','\"craft\\\\fieldlayoutelements\\\\CustomField\"'),('matrixBlockTypes.4624d09c-1abb-4565-8874-2b217d94676e.fieldLayouts.9aef02e4-ad2d-45d4-93d2-c616e27e4f7f.tabs.0.elements.1.warning','null'),('matrixBlockTypes.4624d09c-1abb-4565-8874-2b217d94676e.fieldLayouts.9aef02e4-ad2d-45d4-93d2-c616e27e4f7f.tabs.0.elements.1.width','100'),('matrixBlockTypes.4624d09c-1abb-4565-8874-2b217d94676e.fieldLayouts.9aef02e4-ad2d-45d4-93d2-c616e27e4f7f.tabs.0.elements.2.fieldUid','\"9b60f33c-05a5-485d-bd65-3eb4bb3ab1e4\"'),('matrixBlockTypes.4624d09c-1abb-4565-8874-2b217d94676e.fieldLayouts.9aef02e4-ad2d-45d4-93d2-c616e27e4f7f.tabs.0.elements.2.instructions','null'),('matrixBlockTypes.4624d09c-1abb-4565-8874-2b217d94676e.fieldLayouts.9aef02e4-ad2d-45d4-93d2-c616e27e4f7f.tabs.0.elements.2.label','null'),('matrixBlockTypes.4624d09c-1abb-4565-8874-2b217d94676e.fieldLayouts.9aef02e4-ad2d-45d4-93d2-c616e27e4f7f.tabs.0.elements.2.required','false'),('matrixBlockTypes.4624d09c-1abb-4565-8874-2b217d94676e.fieldLayouts.9aef02e4-ad2d-45d4-93d2-c616e27e4f7f.tabs.0.elements.2.tip','null'),('matrixBlockTypes.4624d09c-1abb-4565-8874-2b217d94676e.fieldLayouts.9aef02e4-ad2d-45d4-93d2-c616e27e4f7f.tabs.0.elements.2.type','\"craft\\\\fieldlayoutelements\\\\CustomField\"'),('matrixBlockTypes.4624d09c-1abb-4565-8874-2b217d94676e.fieldLayouts.9aef02e4-ad2d-45d4-93d2-c616e27e4f7f.tabs.0.elements.2.warning','null'),('matrixBlockTypes.4624d09c-1abb-4565-8874-2b217d94676e.fieldLayouts.9aef02e4-ad2d-45d4-93d2-c616e27e4f7f.tabs.0.elements.2.width','100'),('matrixBlockTypes.4624d09c-1abb-4565-8874-2b217d94676e.fieldLayouts.9aef02e4-ad2d-45d4-93d2-c616e27e4f7f.tabs.0.name','\"Content\"'),('matrixBlockTypes.4624d09c-1abb-4565-8874-2b217d94676e.fieldLayouts.9aef02e4-ad2d-45d4-93d2-c616e27e4f7f.tabs.0.sortOrder','1'),('matrixBlockTypes.4624d09c-1abb-4565-8874-2b217d94676e.fields.142e272e-62fe-4459-80f7-7568b9b54c2e.contentColumnType','\"text\"'),('matrixBlockTypes.4624d09c-1abb-4565-8874-2b217d94676e.fields.142e272e-62fe-4459-80f7-7568b9b54c2e.fieldGroup','null'),('matrixBlockTypes.4624d09c-1abb-4565-8874-2b217d94676e.fields.142e272e-62fe-4459-80f7-7568b9b54c2e.handle','\"hyperlink\"'),('matrixBlockTypes.4624d09c-1abb-4565-8874-2b217d94676e.fields.142e272e-62fe-4459-80f7-7568b9b54c2e.instructions','\"\"'),('matrixBlockTypes.4624d09c-1abb-4565-8874-2b217d94676e.fields.142e272e-62fe-4459-80f7-7568b9b54c2e.name','\"Hyperlink\"'),('matrixBlockTypes.4624d09c-1abb-4565-8874-2b217d94676e.fields.142e272e-62fe-4459-80f7-7568b9b54c2e.searchable','false'),('matrixBlockTypes.4624d09c-1abb-4565-8874-2b217d94676e.fields.142e272e-62fe-4459-80f7-7568b9b54c2e.settings.byteLimit','null'),('matrixBlockTypes.4624d09c-1abb-4565-8874-2b217d94676e.fields.142e272e-62fe-4459-80f7-7568b9b54c2e.settings.charLimit','null'),('matrixBlockTypes.4624d09c-1abb-4565-8874-2b217d94676e.fields.142e272e-62fe-4459-80f7-7568b9b54c2e.settings.code','\"\"'),('matrixBlockTypes.4624d09c-1abb-4565-8874-2b217d94676e.fields.142e272e-62fe-4459-80f7-7568b9b54c2e.settings.columnType','null'),('matrixBlockTypes.4624d09c-1abb-4565-8874-2b217d94676e.fields.142e272e-62fe-4459-80f7-7568b9b54c2e.settings.initialRows','\"4\"'),('matrixBlockTypes.4624d09c-1abb-4565-8874-2b217d94676e.fields.142e272e-62fe-4459-80f7-7568b9b54c2e.settings.multiline','\"\"'),('matrixBlockTypes.4624d09c-1abb-4565-8874-2b217d94676e.fields.142e272e-62fe-4459-80f7-7568b9b54c2e.settings.placeholder','null'),('matrixBlockTypes.4624d09c-1abb-4565-8874-2b217d94676e.fields.142e272e-62fe-4459-80f7-7568b9b54c2e.settings.uiMode','\"normal\"'),('matrixBlockTypes.4624d09c-1abb-4565-8874-2b217d94676e.fields.142e272e-62fe-4459-80f7-7568b9b54c2e.translationKeyFormat','null'),('matrixBlockTypes.4624d09c-1abb-4565-8874-2b217d94676e.fields.142e272e-62fe-4459-80f7-7568b9b54c2e.translationMethod','\"none\"'),('matrixBlockTypes.4624d09c-1abb-4565-8874-2b217d94676e.fields.142e272e-62fe-4459-80f7-7568b9b54c2e.type','\"craft\\\\fields\\\\PlainText\"'),('matrixBlockTypes.4624d09c-1abb-4565-8874-2b217d94676e.fields.9b60f33c-05a5-485d-bd65-3eb4bb3ab1e4.contentColumnType','\"text\"'),('matrixBlockTypes.4624d09c-1abb-4565-8874-2b217d94676e.fields.9b60f33c-05a5-485d-bd65-3eb4bb3ab1e4.fieldGroup','null'),('matrixBlockTypes.4624d09c-1abb-4565-8874-2b217d94676e.fields.9b60f33c-05a5-485d-bd65-3eb4bb3ab1e4.handle','\"icon\"'),('matrixBlockTypes.4624d09c-1abb-4565-8874-2b217d94676e.fields.9b60f33c-05a5-485d-bd65-3eb4bb3ab1e4.instructions','\"\"'),('matrixBlockTypes.4624d09c-1abb-4565-8874-2b217d94676e.fields.9b60f33c-05a5-485d-bd65-3eb4bb3ab1e4.name','\"Icon\"'),('matrixBlockTypes.4624d09c-1abb-4565-8874-2b217d94676e.fields.9b60f33c-05a5-485d-bd65-3eb4bb3ab1e4.searchable','false'),('matrixBlockTypes.4624d09c-1abb-4565-8874-2b217d94676e.fields.9b60f33c-05a5-485d-bd65-3eb4bb3ab1e4.settings.byteLimit','null'),('matrixBlockTypes.4624d09c-1abb-4565-8874-2b217d94676e.fields.9b60f33c-05a5-485d-bd65-3eb4bb3ab1e4.settings.charLimit','null'),('matrixBlockTypes.4624d09c-1abb-4565-8874-2b217d94676e.fields.9b60f33c-05a5-485d-bd65-3eb4bb3ab1e4.settings.code','\"\"'),('matrixBlockTypes.4624d09c-1abb-4565-8874-2b217d94676e.fields.9b60f33c-05a5-485d-bd65-3eb4bb3ab1e4.settings.columnType','null'),('matrixBlockTypes.4624d09c-1abb-4565-8874-2b217d94676e.fields.9b60f33c-05a5-485d-bd65-3eb4bb3ab1e4.settings.initialRows','\"4\"'),('matrixBlockTypes.4624d09c-1abb-4565-8874-2b217d94676e.fields.9b60f33c-05a5-485d-bd65-3eb4bb3ab1e4.settings.multiline','\"\"'),('matrixBlockTypes.4624d09c-1abb-4565-8874-2b217d94676e.fields.9b60f33c-05a5-485d-bd65-3eb4bb3ab1e4.settings.placeholder','null'),('matrixBlockTypes.4624d09c-1abb-4565-8874-2b217d94676e.fields.9b60f33c-05a5-485d-bd65-3eb4bb3ab1e4.settings.uiMode','\"normal\"'),('matrixBlockTypes.4624d09c-1abb-4565-8874-2b217d94676e.fields.9b60f33c-05a5-485d-bd65-3eb4bb3ab1e4.translationKeyFormat','null'),('matrixBlockTypes.4624d09c-1abb-4565-8874-2b217d94676e.fields.9b60f33c-05a5-485d-bd65-3eb4bb3ab1e4.translationMethod','\"none\"'),('matrixBlockTypes.4624d09c-1abb-4565-8874-2b217d94676e.fields.9b60f33c-05a5-485d-bd65-3eb4bb3ab1e4.type','\"craft\\\\fields\\\\PlainText\"'),('matrixBlockTypes.4624d09c-1abb-4565-8874-2b217d94676e.fields.a09f8971-26c8-45a7-9c54-3043d9b007e7.contentColumnType','\"text\"'),('matrixBlockTypes.4624d09c-1abb-4565-8874-2b217d94676e.fields.a09f8971-26c8-45a7-9c54-3043d9b007e7.fieldGroup','null'),('matrixBlockTypes.4624d09c-1abb-4565-8874-2b217d94676e.fields.a09f8971-26c8-45a7-9c54-3043d9b007e7.handle','\"caption\"'),('matrixBlockTypes.4624d09c-1abb-4565-8874-2b217d94676e.fields.a09f8971-26c8-45a7-9c54-3043d9b007e7.instructions','\"\"'),('matrixBlockTypes.4624d09c-1abb-4565-8874-2b217d94676e.fields.a09f8971-26c8-45a7-9c54-3043d9b007e7.name','\"Caption\"'),('matrixBlockTypes.4624d09c-1abb-4565-8874-2b217d94676e.fields.a09f8971-26c8-45a7-9c54-3043d9b007e7.searchable','false'),('matrixBlockTypes.4624d09c-1abb-4565-8874-2b217d94676e.fields.a09f8971-26c8-45a7-9c54-3043d9b007e7.settings.byteLimit','null'),('matrixBlockTypes.4624d09c-1abb-4565-8874-2b217d94676e.fields.a09f8971-26c8-45a7-9c54-3043d9b007e7.settings.charLimit','null'),('matrixBlockTypes.4624d09c-1abb-4565-8874-2b217d94676e.fields.a09f8971-26c8-45a7-9c54-3043d9b007e7.settings.code','\"\"'),('matrixBlockTypes.4624d09c-1abb-4565-8874-2b217d94676e.fields.a09f8971-26c8-45a7-9c54-3043d9b007e7.settings.columnType','null'),('matrixBlockTypes.4624d09c-1abb-4565-8874-2b217d94676e.fields.a09f8971-26c8-45a7-9c54-3043d9b007e7.settings.initialRows','\"4\"'),('matrixBlockTypes.4624d09c-1abb-4565-8874-2b217d94676e.fields.a09f8971-26c8-45a7-9c54-3043d9b007e7.settings.multiline','\"\"'),('matrixBlockTypes.4624d09c-1abb-4565-8874-2b217d94676e.fields.a09f8971-26c8-45a7-9c54-3043d9b007e7.settings.placeholder','null'),('matrixBlockTypes.4624d09c-1abb-4565-8874-2b217d94676e.fields.a09f8971-26c8-45a7-9c54-3043d9b007e7.settings.uiMode','\"normal\"'),('matrixBlockTypes.4624d09c-1abb-4565-8874-2b217d94676e.fields.a09f8971-26c8-45a7-9c54-3043d9b007e7.translationKeyFormat','null'),('matrixBlockTypes.4624d09c-1abb-4565-8874-2b217d94676e.fields.a09f8971-26c8-45a7-9c54-3043d9b007e7.translationMethod','\"none\"'),('matrixBlockTypes.4624d09c-1abb-4565-8874-2b217d94676e.fields.a09f8971-26c8-45a7-9c54-3043d9b007e7.type','\"craft\\\\fields\\\\PlainText\"'),('matrixBlockTypes.4624d09c-1abb-4565-8874-2b217d94676e.handle','\"item\"'),('matrixBlockTypes.4624d09c-1abb-4565-8874-2b217d94676e.name','\"Item\"'),('matrixBlockTypes.4624d09c-1abb-4565-8874-2b217d94676e.sortOrder','2'),('matrixBlockTypes.71ef5bda-46aa-486a-8884-89725ca1021f.field','\"779ecba5-f02b-4cf5-b036-af99f83ec426\"'),('matrixBlockTypes.71ef5bda-46aa-486a-8884-89725ca1021f.fieldLayouts.153b7836-4b53-458b-b1d0-0d03fdef4847.tabs.0.elements.0.fieldUid','\"e6a7f0dd-834b-461b-b550-d3a557df65a0\"'),('matrixBlockTypes.71ef5bda-46aa-486a-8884-89725ca1021f.fieldLayouts.153b7836-4b53-458b-b1d0-0d03fdef4847.tabs.0.elements.0.instructions','null'),('matrixBlockTypes.71ef5bda-46aa-486a-8884-89725ca1021f.fieldLayouts.153b7836-4b53-458b-b1d0-0d03fdef4847.tabs.0.elements.0.label','null'),('matrixBlockTypes.71ef5bda-46aa-486a-8884-89725ca1021f.fieldLayouts.153b7836-4b53-458b-b1d0-0d03fdef4847.tabs.0.elements.0.required','false'),('matrixBlockTypes.71ef5bda-46aa-486a-8884-89725ca1021f.fieldLayouts.153b7836-4b53-458b-b1d0-0d03fdef4847.tabs.0.elements.0.tip','null'),('matrixBlockTypes.71ef5bda-46aa-486a-8884-89725ca1021f.fieldLayouts.153b7836-4b53-458b-b1d0-0d03fdef4847.tabs.0.elements.0.type','\"craft\\\\fieldlayoutelements\\\\CustomField\"'),('matrixBlockTypes.71ef5bda-46aa-486a-8884-89725ca1021f.fieldLayouts.153b7836-4b53-458b-b1d0-0d03fdef4847.tabs.0.elements.0.warning','null'),('matrixBlockTypes.71ef5bda-46aa-486a-8884-89725ca1021f.fieldLayouts.153b7836-4b53-458b-b1d0-0d03fdef4847.tabs.0.elements.0.width','100'),('matrixBlockTypes.71ef5bda-46aa-486a-8884-89725ca1021f.fieldLayouts.153b7836-4b53-458b-b1d0-0d03fdef4847.tabs.0.elements.1.fieldUid','\"0afdc770-a312-481f-9005-4de70c99421b\"'),('matrixBlockTypes.71ef5bda-46aa-486a-8884-89725ca1021f.fieldLayouts.153b7836-4b53-458b-b1d0-0d03fdef4847.tabs.0.elements.1.instructions','null'),('matrixBlockTypes.71ef5bda-46aa-486a-8884-89725ca1021f.fieldLayouts.153b7836-4b53-458b-b1d0-0d03fdef4847.tabs.0.elements.1.label','null'),('matrixBlockTypes.71ef5bda-46aa-486a-8884-89725ca1021f.fieldLayouts.153b7836-4b53-458b-b1d0-0d03fdef4847.tabs.0.elements.1.required','false'),('matrixBlockTypes.71ef5bda-46aa-486a-8884-89725ca1021f.fieldLayouts.153b7836-4b53-458b-b1d0-0d03fdef4847.tabs.0.elements.1.tip','null'),('matrixBlockTypes.71ef5bda-46aa-486a-8884-89725ca1021f.fieldLayouts.153b7836-4b53-458b-b1d0-0d03fdef4847.tabs.0.elements.1.type','\"craft\\\\fieldlayoutelements\\\\CustomField\"'),('matrixBlockTypes.71ef5bda-46aa-486a-8884-89725ca1021f.fieldLayouts.153b7836-4b53-458b-b1d0-0d03fdef4847.tabs.0.elements.1.warning','null'),('matrixBlockTypes.71ef5bda-46aa-486a-8884-89725ca1021f.fieldLayouts.153b7836-4b53-458b-b1d0-0d03fdef4847.tabs.0.elements.1.width','100'),('matrixBlockTypes.71ef5bda-46aa-486a-8884-89725ca1021f.fieldLayouts.153b7836-4b53-458b-b1d0-0d03fdef4847.tabs.0.elements.2.fieldUid','\"459816de-c106-475f-9c6b-7314cf0fd93b\"'),('matrixBlockTypes.71ef5bda-46aa-486a-8884-89725ca1021f.fieldLayouts.153b7836-4b53-458b-b1d0-0d03fdef4847.tabs.0.elements.2.instructions','null'),('matrixBlockTypes.71ef5bda-46aa-486a-8884-89725ca1021f.fieldLayouts.153b7836-4b53-458b-b1d0-0d03fdef4847.tabs.0.elements.2.label','null'),('matrixBlockTypes.71ef5bda-46aa-486a-8884-89725ca1021f.fieldLayouts.153b7836-4b53-458b-b1d0-0d03fdef4847.tabs.0.elements.2.required','false'),('matrixBlockTypes.71ef5bda-46aa-486a-8884-89725ca1021f.fieldLayouts.153b7836-4b53-458b-b1d0-0d03fdef4847.tabs.0.elements.2.tip','null'),('matrixBlockTypes.71ef5bda-46aa-486a-8884-89725ca1021f.fieldLayouts.153b7836-4b53-458b-b1d0-0d03fdef4847.tabs.0.elements.2.type','\"craft\\\\fieldlayoutelements\\\\CustomField\"'),('matrixBlockTypes.71ef5bda-46aa-486a-8884-89725ca1021f.fieldLayouts.153b7836-4b53-458b-b1d0-0d03fdef4847.tabs.0.elements.2.warning','null'),('matrixBlockTypes.71ef5bda-46aa-486a-8884-89725ca1021f.fieldLayouts.153b7836-4b53-458b-b1d0-0d03fdef4847.tabs.0.elements.2.width','100'),('matrixBlockTypes.71ef5bda-46aa-486a-8884-89725ca1021f.fieldLayouts.153b7836-4b53-458b-b1d0-0d03fdef4847.tabs.0.elements.3.fieldUid','\"2bbf8a0f-3d22-46bb-95b7-c76ec796dbb1\"'),('matrixBlockTypes.71ef5bda-46aa-486a-8884-89725ca1021f.fieldLayouts.153b7836-4b53-458b-b1d0-0d03fdef4847.tabs.0.elements.3.instructions','null'),('matrixBlockTypes.71ef5bda-46aa-486a-8884-89725ca1021f.fieldLayouts.153b7836-4b53-458b-b1d0-0d03fdef4847.tabs.0.elements.3.label','null'),('matrixBlockTypes.71ef5bda-46aa-486a-8884-89725ca1021f.fieldLayouts.153b7836-4b53-458b-b1d0-0d03fdef4847.tabs.0.elements.3.required','false'),('matrixBlockTypes.71ef5bda-46aa-486a-8884-89725ca1021f.fieldLayouts.153b7836-4b53-458b-b1d0-0d03fdef4847.tabs.0.elements.3.tip','null'),('matrixBlockTypes.71ef5bda-46aa-486a-8884-89725ca1021f.fieldLayouts.153b7836-4b53-458b-b1d0-0d03fdef4847.tabs.0.elements.3.type','\"craft\\\\fieldlayoutelements\\\\CustomField\"'),('matrixBlockTypes.71ef5bda-46aa-486a-8884-89725ca1021f.fieldLayouts.153b7836-4b53-458b-b1d0-0d03fdef4847.tabs.0.elements.3.warning','null'),('matrixBlockTypes.71ef5bda-46aa-486a-8884-89725ca1021f.fieldLayouts.153b7836-4b53-458b-b1d0-0d03fdef4847.tabs.0.elements.3.width','100'),('matrixBlockTypes.71ef5bda-46aa-486a-8884-89725ca1021f.fieldLayouts.153b7836-4b53-458b-b1d0-0d03fdef4847.tabs.0.name','\"Content\"'),('matrixBlockTypes.71ef5bda-46aa-486a-8884-89725ca1021f.fieldLayouts.153b7836-4b53-458b-b1d0-0d03fdef4847.tabs.0.sortOrder','1'),('matrixBlockTypes.71ef5bda-46aa-486a-8884-89725ca1021f.fields.0afdc770-a312-481f-9005-4de70c99421b.contentColumnType','\"text\"'),('matrixBlockTypes.71ef5bda-46aa-486a-8884-89725ca1021f.fields.0afdc770-a312-481f-9005-4de70c99421b.fieldGroup','null'),('matrixBlockTypes.71ef5bda-46aa-486a-8884-89725ca1021f.fields.0afdc770-a312-481f-9005-4de70c99421b.handle','\"company\"'),('matrixBlockTypes.71ef5bda-46aa-486a-8884-89725ca1021f.fields.0afdc770-a312-481f-9005-4de70c99421b.instructions','\"\"'),('matrixBlockTypes.71ef5bda-46aa-486a-8884-89725ca1021f.fields.0afdc770-a312-481f-9005-4de70c99421b.name','\"Company\"'),('matrixBlockTypes.71ef5bda-46aa-486a-8884-89725ca1021f.fields.0afdc770-a312-481f-9005-4de70c99421b.searchable','false'),('matrixBlockTypes.71ef5bda-46aa-486a-8884-89725ca1021f.fields.0afdc770-a312-481f-9005-4de70c99421b.settings.byteLimit','null'),('matrixBlockTypes.71ef5bda-46aa-486a-8884-89725ca1021f.fields.0afdc770-a312-481f-9005-4de70c99421b.settings.charLimit','null'),('matrixBlockTypes.71ef5bda-46aa-486a-8884-89725ca1021f.fields.0afdc770-a312-481f-9005-4de70c99421b.settings.code','\"\"'),('matrixBlockTypes.71ef5bda-46aa-486a-8884-89725ca1021f.fields.0afdc770-a312-481f-9005-4de70c99421b.settings.columnType','null'),('matrixBlockTypes.71ef5bda-46aa-486a-8884-89725ca1021f.fields.0afdc770-a312-481f-9005-4de70c99421b.settings.initialRows','\"4\"'),('matrixBlockTypes.71ef5bda-46aa-486a-8884-89725ca1021f.fields.0afdc770-a312-481f-9005-4de70c99421b.settings.multiline','\"\"'),('matrixBlockTypes.71ef5bda-46aa-486a-8884-89725ca1021f.fields.0afdc770-a312-481f-9005-4de70c99421b.settings.placeholder','null'),('matrixBlockTypes.71ef5bda-46aa-486a-8884-89725ca1021f.fields.0afdc770-a312-481f-9005-4de70c99421b.settings.uiMode','\"normal\"'),('matrixBlockTypes.71ef5bda-46aa-486a-8884-89725ca1021f.fields.0afdc770-a312-481f-9005-4de70c99421b.translationKeyFormat','null'),('matrixBlockTypes.71ef5bda-46aa-486a-8884-89725ca1021f.fields.0afdc770-a312-481f-9005-4de70c99421b.translationMethod','\"none\"'),('matrixBlockTypes.71ef5bda-46aa-486a-8884-89725ca1021f.fields.0afdc770-a312-481f-9005-4de70c99421b.type','\"craft\\\\fields\\\\PlainText\"'),('matrixBlockTypes.71ef5bda-46aa-486a-8884-89725ca1021f.fields.2bbf8a0f-3d22-46bb-95b7-c76ec796dbb1.contentColumnType','\"string\"'),('matrixBlockTypes.71ef5bda-46aa-486a-8884-89725ca1021f.fields.2bbf8a0f-3d22-46bb-95b7-c76ec796dbb1.fieldGroup','null'),('matrixBlockTypes.71ef5bda-46aa-486a-8884-89725ca1021f.fields.2bbf8a0f-3d22-46bb-95b7-c76ec796dbb1.handle','\"avatar\"'),('matrixBlockTypes.71ef5bda-46aa-486a-8884-89725ca1021f.fields.2bbf8a0f-3d22-46bb-95b7-c76ec796dbb1.instructions','\"\"'),('matrixBlockTypes.71ef5bda-46aa-486a-8884-89725ca1021f.fields.2bbf8a0f-3d22-46bb-95b7-c76ec796dbb1.name','\"Avatar\"'),('matrixBlockTypes.71ef5bda-46aa-486a-8884-89725ca1021f.fields.2bbf8a0f-3d22-46bb-95b7-c76ec796dbb1.searchable','false'),('matrixBlockTypes.71ef5bda-46aa-486a-8884-89725ca1021f.fields.2bbf8a0f-3d22-46bb-95b7-c76ec796dbb1.settings.allowedKinds.0','\"image\"'),('matrixBlockTypes.71ef5bda-46aa-486a-8884-89725ca1021f.fields.2bbf8a0f-3d22-46bb-95b7-c76ec796dbb1.settings.allowSelfRelations','false'),('matrixBlockTypes.71ef5bda-46aa-486a-8884-89725ca1021f.fields.2bbf8a0f-3d22-46bb-95b7-c76ec796dbb1.settings.allowUploads','true'),('matrixBlockTypes.71ef5bda-46aa-486a-8884-89725ca1021f.fields.2bbf8a0f-3d22-46bb-95b7-c76ec796dbb1.settings.defaultUploadLocationSource','\"volume:7f377f2b-0a0c-495e-b3bc-c62a6388a0d0\"'),('matrixBlockTypes.71ef5bda-46aa-486a-8884-89725ca1021f.fields.2bbf8a0f-3d22-46bb-95b7-c76ec796dbb1.settings.defaultUploadLocationSubpath','\"\"'),('matrixBlockTypes.71ef5bda-46aa-486a-8884-89725ca1021f.fields.2bbf8a0f-3d22-46bb-95b7-c76ec796dbb1.settings.limit','\"1\"'),('matrixBlockTypes.71ef5bda-46aa-486a-8884-89725ca1021f.fields.2bbf8a0f-3d22-46bb-95b7-c76ec796dbb1.settings.localizeRelations','false'),('matrixBlockTypes.71ef5bda-46aa-486a-8884-89725ca1021f.fields.2bbf8a0f-3d22-46bb-95b7-c76ec796dbb1.settings.previewMode','\"thumbs\"'),('matrixBlockTypes.71ef5bda-46aa-486a-8884-89725ca1021f.fields.2bbf8a0f-3d22-46bb-95b7-c76ec796dbb1.settings.restrictFiles','\"1\"'),('matrixBlockTypes.71ef5bda-46aa-486a-8884-89725ca1021f.fields.2bbf8a0f-3d22-46bb-95b7-c76ec796dbb1.settings.selectionLabel','\"\"'),('matrixBlockTypes.71ef5bda-46aa-486a-8884-89725ca1021f.fields.2bbf8a0f-3d22-46bb-95b7-c76ec796dbb1.settings.showSiteMenu','true'),('matrixBlockTypes.71ef5bda-46aa-486a-8884-89725ca1021f.fields.2bbf8a0f-3d22-46bb-95b7-c76ec796dbb1.settings.showUnpermittedFiles','false'),('matrixBlockTypes.71ef5bda-46aa-486a-8884-89725ca1021f.fields.2bbf8a0f-3d22-46bb-95b7-c76ec796dbb1.settings.showUnpermittedVolumes','false'),('matrixBlockTypes.71ef5bda-46aa-486a-8884-89725ca1021f.fields.2bbf8a0f-3d22-46bb-95b7-c76ec796dbb1.settings.singleUploadLocationSource','\"volume:4d5610a8-c2cd-489b-9b3c-98dc59f9888e\"'),('matrixBlockTypes.71ef5bda-46aa-486a-8884-89725ca1021f.fields.2bbf8a0f-3d22-46bb-95b7-c76ec796dbb1.settings.singleUploadLocationSubpath','\"\"'),('matrixBlockTypes.71ef5bda-46aa-486a-8884-89725ca1021f.fields.2bbf8a0f-3d22-46bb-95b7-c76ec796dbb1.settings.source','null'),('matrixBlockTypes.71ef5bda-46aa-486a-8884-89725ca1021f.fields.2bbf8a0f-3d22-46bb-95b7-c76ec796dbb1.settings.sources','\"*\"'),('matrixBlockTypes.71ef5bda-46aa-486a-8884-89725ca1021f.fields.2bbf8a0f-3d22-46bb-95b7-c76ec796dbb1.settings.targetSiteId','null'),('matrixBlockTypes.71ef5bda-46aa-486a-8884-89725ca1021f.fields.2bbf8a0f-3d22-46bb-95b7-c76ec796dbb1.settings.useSingleFolder','false'),('matrixBlockTypes.71ef5bda-46aa-486a-8884-89725ca1021f.fields.2bbf8a0f-3d22-46bb-95b7-c76ec796dbb1.settings.validateRelatedElements','false'),('matrixBlockTypes.71ef5bda-46aa-486a-8884-89725ca1021f.fields.2bbf8a0f-3d22-46bb-95b7-c76ec796dbb1.settings.viewMode','\"list\"'),('matrixBlockTypes.71ef5bda-46aa-486a-8884-89725ca1021f.fields.2bbf8a0f-3d22-46bb-95b7-c76ec796dbb1.translationKeyFormat','null'),('matrixBlockTypes.71ef5bda-46aa-486a-8884-89725ca1021f.fields.2bbf8a0f-3d22-46bb-95b7-c76ec796dbb1.translationMethod','\"site\"'),('matrixBlockTypes.71ef5bda-46aa-486a-8884-89725ca1021f.fields.2bbf8a0f-3d22-46bb-95b7-c76ec796dbb1.type','\"craft\\\\fields\\\\Assets\"'),('matrixBlockTypes.71ef5bda-46aa-486a-8884-89725ca1021f.fields.459816de-c106-475f-9c6b-7314cf0fd93b.contentColumnType','\"text\"'),('matrixBlockTypes.71ef5bda-46aa-486a-8884-89725ca1021f.fields.459816de-c106-475f-9c6b-7314cf0fd93b.fieldGroup','null'),('matrixBlockTypes.71ef5bda-46aa-486a-8884-89725ca1021f.fields.459816de-c106-475f-9c6b-7314cf0fd93b.handle','\"cite\"'),('matrixBlockTypes.71ef5bda-46aa-486a-8884-89725ca1021f.fields.459816de-c106-475f-9c6b-7314cf0fd93b.instructions','\"\"'),('matrixBlockTypes.71ef5bda-46aa-486a-8884-89725ca1021f.fields.459816de-c106-475f-9c6b-7314cf0fd93b.name','\"Cite\"'),('matrixBlockTypes.71ef5bda-46aa-486a-8884-89725ca1021f.fields.459816de-c106-475f-9c6b-7314cf0fd93b.searchable','false'),('matrixBlockTypes.71ef5bda-46aa-486a-8884-89725ca1021f.fields.459816de-c106-475f-9c6b-7314cf0fd93b.settings.availableTransforms','\"*\"'),('matrixBlockTypes.71ef5bda-46aa-486a-8884-89725ca1021f.fields.459816de-c106-475f-9c6b-7314cf0fd93b.settings.availableVolumes','\"*\"'),('matrixBlockTypes.71ef5bda-46aa-486a-8884-89725ca1021f.fields.459816de-c106-475f-9c6b-7314cf0fd93b.settings.cleanupHtml','true'),('matrixBlockTypes.71ef5bda-46aa-486a-8884-89725ca1021f.fields.459816de-c106-475f-9c6b-7314cf0fd93b.settings.columnType','\"text\"'),('matrixBlockTypes.71ef5bda-46aa-486a-8884-89725ca1021f.fields.459816de-c106-475f-9c6b-7314cf0fd93b.settings.configSelectionMode','\"choose\"'),('matrixBlockTypes.71ef5bda-46aa-486a-8884-89725ca1021f.fields.459816de-c106-475f-9c6b-7314cf0fd93b.settings.defaultTransform','\"\"'),('matrixBlockTypes.71ef5bda-46aa-486a-8884-89725ca1021f.fields.459816de-c106-475f-9c6b-7314cf0fd93b.settings.manualConfig','\"\"'),('matrixBlockTypes.71ef5bda-46aa-486a-8884-89725ca1021f.fields.459816de-c106-475f-9c6b-7314cf0fd93b.settings.purifierConfig','\"\"'),('matrixBlockTypes.71ef5bda-46aa-486a-8884-89725ca1021f.fields.459816de-c106-475f-9c6b-7314cf0fd93b.settings.purifyHtml','\"1\"'),('matrixBlockTypes.71ef5bda-46aa-486a-8884-89725ca1021f.fields.459816de-c106-475f-9c6b-7314cf0fd93b.settings.redactorConfig','\"\"'),('matrixBlockTypes.71ef5bda-46aa-486a-8884-89725ca1021f.fields.459816de-c106-475f-9c6b-7314cf0fd93b.settings.removeEmptyTags','\"1\"'),('matrixBlockTypes.71ef5bda-46aa-486a-8884-89725ca1021f.fields.459816de-c106-475f-9c6b-7314cf0fd93b.settings.removeInlineStyles','\"1\"'),('matrixBlockTypes.71ef5bda-46aa-486a-8884-89725ca1021f.fields.459816de-c106-475f-9c6b-7314cf0fd93b.settings.removeNbsp','\"1\"'),('matrixBlockTypes.71ef5bda-46aa-486a-8884-89725ca1021f.fields.459816de-c106-475f-9c6b-7314cf0fd93b.settings.showHtmlButtonForNonAdmins','\"\"'),('matrixBlockTypes.71ef5bda-46aa-486a-8884-89725ca1021f.fields.459816de-c106-475f-9c6b-7314cf0fd93b.settings.showUnpermittedFiles','false'),('matrixBlockTypes.71ef5bda-46aa-486a-8884-89725ca1021f.fields.459816de-c106-475f-9c6b-7314cf0fd93b.settings.showUnpermittedVolumes','false'),('matrixBlockTypes.71ef5bda-46aa-486a-8884-89725ca1021f.fields.459816de-c106-475f-9c6b-7314cf0fd93b.settings.uiMode','\"enlarged\"'),('matrixBlockTypes.71ef5bda-46aa-486a-8884-89725ca1021f.fields.459816de-c106-475f-9c6b-7314cf0fd93b.translationKeyFormat','null'),('matrixBlockTypes.71ef5bda-46aa-486a-8884-89725ca1021f.fields.459816de-c106-475f-9c6b-7314cf0fd93b.translationMethod','\"none\"'),('matrixBlockTypes.71ef5bda-46aa-486a-8884-89725ca1021f.fields.459816de-c106-475f-9c6b-7314cf0fd93b.type','\"craft\\\\redactor\\\\Field\"'),('matrixBlockTypes.71ef5bda-46aa-486a-8884-89725ca1021f.fields.e6a7f0dd-834b-461b-b550-d3a557df65a0.contentColumnType','\"text\"'),('matrixBlockTypes.71ef5bda-46aa-486a-8884-89725ca1021f.fields.e6a7f0dd-834b-461b-b550-d3a557df65a0.fieldGroup','null'),('matrixBlockTypes.71ef5bda-46aa-486a-8884-89725ca1021f.fields.e6a7f0dd-834b-461b-b550-d3a557df65a0.handle','\"author\"'),('matrixBlockTypes.71ef5bda-46aa-486a-8884-89725ca1021f.fields.e6a7f0dd-834b-461b-b550-d3a557df65a0.instructions','\"\"'),('matrixBlockTypes.71ef5bda-46aa-486a-8884-89725ca1021f.fields.e6a7f0dd-834b-461b-b550-d3a557df65a0.name','\"Author\"'),('matrixBlockTypes.71ef5bda-46aa-486a-8884-89725ca1021f.fields.e6a7f0dd-834b-461b-b550-d3a557df65a0.searchable','false'),('matrixBlockTypes.71ef5bda-46aa-486a-8884-89725ca1021f.fields.e6a7f0dd-834b-461b-b550-d3a557df65a0.settings.byteLimit','null'),('matrixBlockTypes.71ef5bda-46aa-486a-8884-89725ca1021f.fields.e6a7f0dd-834b-461b-b550-d3a557df65a0.settings.charLimit','null'),('matrixBlockTypes.71ef5bda-46aa-486a-8884-89725ca1021f.fields.e6a7f0dd-834b-461b-b550-d3a557df65a0.settings.code','\"\"'),('matrixBlockTypes.71ef5bda-46aa-486a-8884-89725ca1021f.fields.e6a7f0dd-834b-461b-b550-d3a557df65a0.settings.columnType','null'),('matrixBlockTypes.71ef5bda-46aa-486a-8884-89725ca1021f.fields.e6a7f0dd-834b-461b-b550-d3a557df65a0.settings.initialRows','\"4\"'),('matrixBlockTypes.71ef5bda-46aa-486a-8884-89725ca1021f.fields.e6a7f0dd-834b-461b-b550-d3a557df65a0.settings.multiline','\"\"'),('matrixBlockTypes.71ef5bda-46aa-486a-8884-89725ca1021f.fields.e6a7f0dd-834b-461b-b550-d3a557df65a0.settings.placeholder','null'),('matrixBlockTypes.71ef5bda-46aa-486a-8884-89725ca1021f.fields.e6a7f0dd-834b-461b-b550-d3a557df65a0.settings.uiMode','\"normal\"'),('matrixBlockTypes.71ef5bda-46aa-486a-8884-89725ca1021f.fields.e6a7f0dd-834b-461b-b550-d3a557df65a0.translationKeyFormat','null'),('matrixBlockTypes.71ef5bda-46aa-486a-8884-89725ca1021f.fields.e6a7f0dd-834b-461b-b550-d3a557df65a0.translationMethod','\"none\"'),('matrixBlockTypes.71ef5bda-46aa-486a-8884-89725ca1021f.fields.e6a7f0dd-834b-461b-b550-d3a557df65a0.type','\"craft\\\\fields\\\\PlainText\"'),('matrixBlockTypes.71ef5bda-46aa-486a-8884-89725ca1021f.handle','\"testimonial\"'),('matrixBlockTypes.71ef5bda-46aa-486a-8884-89725ca1021f.name','\"Testimonial\"'),('matrixBlockTypes.71ef5bda-46aa-486a-8884-89725ca1021f.sortOrder','1'),('matrixBlockTypes.7b8590e5-9338-43a3-9d83-d0fb38e21640.field','\"11a1dd13-8f78-443a-a489-05e3cd768ac8\"'),('matrixBlockTypes.7b8590e5-9338-43a3-9d83-d0fb38e21640.fieldLayouts.6cb87dc4-874a-4d8e-b4c0-a830de3afa01.tabs.0.elements.0.fieldUid','\"a715d2fa-4a49-4753-a6a3-f597d773ff31\"'),('matrixBlockTypes.7b8590e5-9338-43a3-9d83-d0fb38e21640.fieldLayouts.6cb87dc4-874a-4d8e-b4c0-a830de3afa01.tabs.0.elements.0.instructions','null'),('matrixBlockTypes.7b8590e5-9338-43a3-9d83-d0fb38e21640.fieldLayouts.6cb87dc4-874a-4d8e-b4c0-a830de3afa01.tabs.0.elements.0.label','null'),('matrixBlockTypes.7b8590e5-9338-43a3-9d83-d0fb38e21640.fieldLayouts.6cb87dc4-874a-4d8e-b4c0-a830de3afa01.tabs.0.elements.0.required','false'),('matrixBlockTypes.7b8590e5-9338-43a3-9d83-d0fb38e21640.fieldLayouts.6cb87dc4-874a-4d8e-b4c0-a830de3afa01.tabs.0.elements.0.tip','null'),('matrixBlockTypes.7b8590e5-9338-43a3-9d83-d0fb38e21640.fieldLayouts.6cb87dc4-874a-4d8e-b4c0-a830de3afa01.tabs.0.elements.0.type','\"craft\\\\fieldlayoutelements\\\\CustomField\"'),('matrixBlockTypes.7b8590e5-9338-43a3-9d83-d0fb38e21640.fieldLayouts.6cb87dc4-874a-4d8e-b4c0-a830de3afa01.tabs.0.elements.0.warning','null'),('matrixBlockTypes.7b8590e5-9338-43a3-9d83-d0fb38e21640.fieldLayouts.6cb87dc4-874a-4d8e-b4c0-a830de3afa01.tabs.0.elements.0.width','100'),('matrixBlockTypes.7b8590e5-9338-43a3-9d83-d0fb38e21640.fieldLayouts.6cb87dc4-874a-4d8e-b4c0-a830de3afa01.tabs.0.elements.1.fieldUid','\"cf980bcd-2897-41a6-8710-9e1ba33d8bc7\"'),('matrixBlockTypes.7b8590e5-9338-43a3-9d83-d0fb38e21640.fieldLayouts.6cb87dc4-874a-4d8e-b4c0-a830de3afa01.tabs.0.elements.1.instructions','null'),('matrixBlockTypes.7b8590e5-9338-43a3-9d83-d0fb38e21640.fieldLayouts.6cb87dc4-874a-4d8e-b4c0-a830de3afa01.tabs.0.elements.1.label','null'),('matrixBlockTypes.7b8590e5-9338-43a3-9d83-d0fb38e21640.fieldLayouts.6cb87dc4-874a-4d8e-b4c0-a830de3afa01.tabs.0.elements.1.required','false'),('matrixBlockTypes.7b8590e5-9338-43a3-9d83-d0fb38e21640.fieldLayouts.6cb87dc4-874a-4d8e-b4c0-a830de3afa01.tabs.0.elements.1.tip','null'),('matrixBlockTypes.7b8590e5-9338-43a3-9d83-d0fb38e21640.fieldLayouts.6cb87dc4-874a-4d8e-b4c0-a830de3afa01.tabs.0.elements.1.type','\"craft\\\\fieldlayoutelements\\\\CustomField\"'),('matrixBlockTypes.7b8590e5-9338-43a3-9d83-d0fb38e21640.fieldLayouts.6cb87dc4-874a-4d8e-b4c0-a830de3afa01.tabs.0.elements.1.warning','null'),('matrixBlockTypes.7b8590e5-9338-43a3-9d83-d0fb38e21640.fieldLayouts.6cb87dc4-874a-4d8e-b4c0-a830de3afa01.tabs.0.elements.1.width','100'),('matrixBlockTypes.7b8590e5-9338-43a3-9d83-d0fb38e21640.fieldLayouts.6cb87dc4-874a-4d8e-b4c0-a830de3afa01.tabs.0.name','\"Content\"'),('matrixBlockTypes.7b8590e5-9338-43a3-9d83-d0fb38e21640.fieldLayouts.6cb87dc4-874a-4d8e-b4c0-a830de3afa01.tabs.0.sortOrder','1'),('matrixBlockTypes.7b8590e5-9338-43a3-9d83-d0fb38e21640.fields.a715d2fa-4a49-4753-a6a3-f597d773ff31.contentColumnType','\"string\"'),('matrixBlockTypes.7b8590e5-9338-43a3-9d83-d0fb38e21640.fields.a715d2fa-4a49-4753-a6a3-f597d773ff31.fieldGroup','null'),('matrixBlockTypes.7b8590e5-9338-43a3-9d83-d0fb38e21640.fields.a715d2fa-4a49-4753-a6a3-f597d773ff31.handle','\"icon\"'),('matrixBlockTypes.7b8590e5-9338-43a3-9d83-d0fb38e21640.fields.a715d2fa-4a49-4753-a6a3-f597d773ff31.instructions','\"\"'),('matrixBlockTypes.7b8590e5-9338-43a3-9d83-d0fb38e21640.fields.a715d2fa-4a49-4753-a6a3-f597d773ff31.name','\"Icon\"'),('matrixBlockTypes.7b8590e5-9338-43a3-9d83-d0fb38e21640.fields.a715d2fa-4a49-4753-a6a3-f597d773ff31.searchable','false'),('matrixBlockTypes.7b8590e5-9338-43a3-9d83-d0fb38e21640.fields.a715d2fa-4a49-4753-a6a3-f597d773ff31.settings.allowedKinds','null'),('matrixBlockTypes.7b8590e5-9338-43a3-9d83-d0fb38e21640.fields.a715d2fa-4a49-4753-a6a3-f597d773ff31.settings.allowSelfRelations','false'),('matrixBlockTypes.7b8590e5-9338-43a3-9d83-d0fb38e21640.fields.a715d2fa-4a49-4753-a6a3-f597d773ff31.settings.allowUploads','true'),('matrixBlockTypes.7b8590e5-9338-43a3-9d83-d0fb38e21640.fields.a715d2fa-4a49-4753-a6a3-f597d773ff31.settings.defaultUploadLocationSource','\"volume:febc00ea-0cb7-4ada-9e01-ca7a01332cba\"'),('matrixBlockTypes.7b8590e5-9338-43a3-9d83-d0fb38e21640.fields.a715d2fa-4a49-4753-a6a3-f597d773ff31.settings.defaultUploadLocationSubpath','\"\"'),('matrixBlockTypes.7b8590e5-9338-43a3-9d83-d0fb38e21640.fields.a715d2fa-4a49-4753-a6a3-f597d773ff31.settings.limit','\"1\"'),('matrixBlockTypes.7b8590e5-9338-43a3-9d83-d0fb38e21640.fields.a715d2fa-4a49-4753-a6a3-f597d773ff31.settings.localizeRelations','false'),('matrixBlockTypes.7b8590e5-9338-43a3-9d83-d0fb38e21640.fields.a715d2fa-4a49-4753-a6a3-f597d773ff31.settings.previewMode','\"full\"'),('matrixBlockTypes.7b8590e5-9338-43a3-9d83-d0fb38e21640.fields.a715d2fa-4a49-4753-a6a3-f597d773ff31.settings.restrictFiles','\"\"'),('matrixBlockTypes.7b8590e5-9338-43a3-9d83-d0fb38e21640.fields.a715d2fa-4a49-4753-a6a3-f597d773ff31.settings.selectionLabel','\"\"'),('matrixBlockTypes.7b8590e5-9338-43a3-9d83-d0fb38e21640.fields.a715d2fa-4a49-4753-a6a3-f597d773ff31.settings.showSiteMenu','true'),('matrixBlockTypes.7b8590e5-9338-43a3-9d83-d0fb38e21640.fields.a715d2fa-4a49-4753-a6a3-f597d773ff31.settings.showUnpermittedFiles','false'),('matrixBlockTypes.7b8590e5-9338-43a3-9d83-d0fb38e21640.fields.a715d2fa-4a49-4753-a6a3-f597d773ff31.settings.showUnpermittedVolumes','false'),('matrixBlockTypes.7b8590e5-9338-43a3-9d83-d0fb38e21640.fields.a715d2fa-4a49-4753-a6a3-f597d773ff31.settings.singleUploadLocationSource','\"volume:febc00ea-0cb7-4ada-9e01-ca7a01332cba\"'),('matrixBlockTypes.7b8590e5-9338-43a3-9d83-d0fb38e21640.fields.a715d2fa-4a49-4753-a6a3-f597d773ff31.settings.singleUploadLocationSubpath','\"\"'),('matrixBlockTypes.7b8590e5-9338-43a3-9d83-d0fb38e21640.fields.a715d2fa-4a49-4753-a6a3-f597d773ff31.settings.source','null'),('matrixBlockTypes.7b8590e5-9338-43a3-9d83-d0fb38e21640.fields.a715d2fa-4a49-4753-a6a3-f597d773ff31.settings.sources','\"*\"'),('matrixBlockTypes.7b8590e5-9338-43a3-9d83-d0fb38e21640.fields.a715d2fa-4a49-4753-a6a3-f597d773ff31.settings.targetSiteId','null'),('matrixBlockTypes.7b8590e5-9338-43a3-9d83-d0fb38e21640.fields.a715d2fa-4a49-4753-a6a3-f597d773ff31.settings.useSingleFolder','true'),('matrixBlockTypes.7b8590e5-9338-43a3-9d83-d0fb38e21640.fields.a715d2fa-4a49-4753-a6a3-f597d773ff31.settings.validateRelatedElements','false'),('matrixBlockTypes.7b8590e5-9338-43a3-9d83-d0fb38e21640.fields.a715d2fa-4a49-4753-a6a3-f597d773ff31.settings.viewMode','\"large\"'),('matrixBlockTypes.7b8590e5-9338-43a3-9d83-d0fb38e21640.fields.a715d2fa-4a49-4753-a6a3-f597d773ff31.translationKeyFormat','null'),('matrixBlockTypes.7b8590e5-9338-43a3-9d83-d0fb38e21640.fields.a715d2fa-4a49-4753-a6a3-f597d773ff31.translationMethod','\"site\"'),('matrixBlockTypes.7b8590e5-9338-43a3-9d83-d0fb38e21640.fields.a715d2fa-4a49-4753-a6a3-f597d773ff31.type','\"craft\\\\fields\\\\Assets\"'),('matrixBlockTypes.7b8590e5-9338-43a3-9d83-d0fb38e21640.fields.cf980bcd-2897-41a6-8710-9e1ba33d8bc7.contentColumnType','\"string\"'),('matrixBlockTypes.7b8590e5-9338-43a3-9d83-d0fb38e21640.fields.cf980bcd-2897-41a6-8710-9e1ba33d8bc7.fieldGroup','null'),('matrixBlockTypes.7b8590e5-9338-43a3-9d83-d0fb38e21640.fields.cf980bcd-2897-41a6-8710-9e1ba33d8bc7.handle','\"size\"'),('matrixBlockTypes.7b8590e5-9338-43a3-9d83-d0fb38e21640.fields.cf980bcd-2897-41a6-8710-9e1ba33d8bc7.instructions','\"\"'),('matrixBlockTypes.7b8590e5-9338-43a3-9d83-d0fb38e21640.fields.cf980bcd-2897-41a6-8710-9e1ba33d8bc7.name','\"Size\"'),('matrixBlockTypes.7b8590e5-9338-43a3-9d83-d0fb38e21640.fields.cf980bcd-2897-41a6-8710-9e1ba33d8bc7.searchable','false'),('matrixBlockTypes.7b8590e5-9338-43a3-9d83-d0fb38e21640.fields.cf980bcd-2897-41a6-8710-9e1ba33d8bc7.settings.optgroups','true'),('matrixBlockTypes.7b8590e5-9338-43a3-9d83-d0fb38e21640.fields.cf980bcd-2897-41a6-8710-9e1ba33d8bc7.settings.options.0.__assoc__.0.0','\"label\"'),('matrixBlockTypes.7b8590e5-9338-43a3-9d83-d0fb38e21640.fields.cf980bcd-2897-41a6-8710-9e1ba33d8bc7.settings.options.0.__assoc__.0.1','\"Android Chrome 512\"'),('matrixBlockTypes.7b8590e5-9338-43a3-9d83-d0fb38e21640.fields.cf980bcd-2897-41a6-8710-9e1ba33d8bc7.settings.options.0.__assoc__.1.0','\"value\"'),('matrixBlockTypes.7b8590e5-9338-43a3-9d83-d0fb38e21640.fields.cf980bcd-2897-41a6-8710-9e1ba33d8bc7.settings.options.0.__assoc__.1.1','\"512\"'),('matrixBlockTypes.7b8590e5-9338-43a3-9d83-d0fb38e21640.fields.cf980bcd-2897-41a6-8710-9e1ba33d8bc7.settings.options.0.__assoc__.2.0','\"default\"'),('matrixBlockTypes.7b8590e5-9338-43a3-9d83-d0fb38e21640.fields.cf980bcd-2897-41a6-8710-9e1ba33d8bc7.settings.options.0.__assoc__.2.1','\"1\"'),('matrixBlockTypes.7b8590e5-9338-43a3-9d83-d0fb38e21640.fields.cf980bcd-2897-41a6-8710-9e1ba33d8bc7.settings.options.1.__assoc__.0.0','\"label\"'),('matrixBlockTypes.7b8590e5-9338-43a3-9d83-d0fb38e21640.fields.cf980bcd-2897-41a6-8710-9e1ba33d8bc7.settings.options.1.__assoc__.0.1','\"Android Chrome 192\"'),('matrixBlockTypes.7b8590e5-9338-43a3-9d83-d0fb38e21640.fields.cf980bcd-2897-41a6-8710-9e1ba33d8bc7.settings.options.1.__assoc__.1.0','\"value\"'),('matrixBlockTypes.7b8590e5-9338-43a3-9d83-d0fb38e21640.fields.cf980bcd-2897-41a6-8710-9e1ba33d8bc7.settings.options.1.__assoc__.1.1','\"192\"'),('matrixBlockTypes.7b8590e5-9338-43a3-9d83-d0fb38e21640.fields.cf980bcd-2897-41a6-8710-9e1ba33d8bc7.settings.options.1.__assoc__.2.0','\"default\"'),('matrixBlockTypes.7b8590e5-9338-43a3-9d83-d0fb38e21640.fields.cf980bcd-2897-41a6-8710-9e1ba33d8bc7.settings.options.1.__assoc__.2.1','\"\"'),('matrixBlockTypes.7b8590e5-9338-43a3-9d83-d0fb38e21640.fields.cf980bcd-2897-41a6-8710-9e1ba33d8bc7.settings.options.2.__assoc__.0.0','\"label\"'),('matrixBlockTypes.7b8590e5-9338-43a3-9d83-d0fb38e21640.fields.cf980bcd-2897-41a6-8710-9e1ba33d8bc7.settings.options.2.__assoc__.0.1','\"Apple Touch Icon\"'),('matrixBlockTypes.7b8590e5-9338-43a3-9d83-d0fb38e21640.fields.cf980bcd-2897-41a6-8710-9e1ba33d8bc7.settings.options.2.__assoc__.1.0','\"value\"'),('matrixBlockTypes.7b8590e5-9338-43a3-9d83-d0fb38e21640.fields.cf980bcd-2897-41a6-8710-9e1ba33d8bc7.settings.options.2.__assoc__.1.1','\"180\"'),('matrixBlockTypes.7b8590e5-9338-43a3-9d83-d0fb38e21640.fields.cf980bcd-2897-41a6-8710-9e1ba33d8bc7.settings.options.2.__assoc__.2.0','\"default\"'),('matrixBlockTypes.7b8590e5-9338-43a3-9d83-d0fb38e21640.fields.cf980bcd-2897-41a6-8710-9e1ba33d8bc7.settings.options.2.__assoc__.2.1','\"\"'),('matrixBlockTypes.7b8590e5-9338-43a3-9d83-d0fb38e21640.fields.cf980bcd-2897-41a6-8710-9e1ba33d8bc7.settings.options.3.__assoc__.0.0','\"label\"'),('matrixBlockTypes.7b8590e5-9338-43a3-9d83-d0fb38e21640.fields.cf980bcd-2897-41a6-8710-9e1ba33d8bc7.settings.options.3.__assoc__.0.1','\"Favicon 32\"'),('matrixBlockTypes.7b8590e5-9338-43a3-9d83-d0fb38e21640.fields.cf980bcd-2897-41a6-8710-9e1ba33d8bc7.settings.options.3.__assoc__.1.0','\"value\"'),('matrixBlockTypes.7b8590e5-9338-43a3-9d83-d0fb38e21640.fields.cf980bcd-2897-41a6-8710-9e1ba33d8bc7.settings.options.3.__assoc__.1.1','\"32\"'),('matrixBlockTypes.7b8590e5-9338-43a3-9d83-d0fb38e21640.fields.cf980bcd-2897-41a6-8710-9e1ba33d8bc7.settings.options.3.__assoc__.2.0','\"default\"'),('matrixBlockTypes.7b8590e5-9338-43a3-9d83-d0fb38e21640.fields.cf980bcd-2897-41a6-8710-9e1ba33d8bc7.settings.options.3.__assoc__.2.1','\"\"'),('matrixBlockTypes.7b8590e5-9338-43a3-9d83-d0fb38e21640.fields.cf980bcd-2897-41a6-8710-9e1ba33d8bc7.settings.options.4.__assoc__.0.0','\"label\"'),('matrixBlockTypes.7b8590e5-9338-43a3-9d83-d0fb38e21640.fields.cf980bcd-2897-41a6-8710-9e1ba33d8bc7.settings.options.4.__assoc__.0.1','\"Favicon 16\"'),('matrixBlockTypes.7b8590e5-9338-43a3-9d83-d0fb38e21640.fields.cf980bcd-2897-41a6-8710-9e1ba33d8bc7.settings.options.4.__assoc__.1.0','\"value\"'),('matrixBlockTypes.7b8590e5-9338-43a3-9d83-d0fb38e21640.fields.cf980bcd-2897-41a6-8710-9e1ba33d8bc7.settings.options.4.__assoc__.1.1','\"16\"'),('matrixBlockTypes.7b8590e5-9338-43a3-9d83-d0fb38e21640.fields.cf980bcd-2897-41a6-8710-9e1ba33d8bc7.settings.options.4.__assoc__.2.0','\"default\"'),('matrixBlockTypes.7b8590e5-9338-43a3-9d83-d0fb38e21640.fields.cf980bcd-2897-41a6-8710-9e1ba33d8bc7.settings.options.4.__assoc__.2.1','\"\"'),('matrixBlockTypes.7b8590e5-9338-43a3-9d83-d0fb38e21640.fields.cf980bcd-2897-41a6-8710-9e1ba33d8bc7.settings.options.5.__assoc__.0.0','\"label\"'),('matrixBlockTypes.7b8590e5-9338-43a3-9d83-d0fb38e21640.fields.cf980bcd-2897-41a6-8710-9e1ba33d8bc7.settings.options.5.__assoc__.0.1','\"Favicon\"'),('matrixBlockTypes.7b8590e5-9338-43a3-9d83-d0fb38e21640.fields.cf980bcd-2897-41a6-8710-9e1ba33d8bc7.settings.options.5.__assoc__.1.0','\"value\"'),('matrixBlockTypes.7b8590e5-9338-43a3-9d83-d0fb38e21640.fields.cf980bcd-2897-41a6-8710-9e1ba33d8bc7.settings.options.5.__assoc__.1.1','\"ico\"'),('matrixBlockTypes.7b8590e5-9338-43a3-9d83-d0fb38e21640.fields.cf980bcd-2897-41a6-8710-9e1ba33d8bc7.settings.options.5.__assoc__.2.0','\"default\"'),('matrixBlockTypes.7b8590e5-9338-43a3-9d83-d0fb38e21640.fields.cf980bcd-2897-41a6-8710-9e1ba33d8bc7.settings.options.5.__assoc__.2.1','\"\"'),('matrixBlockTypes.7b8590e5-9338-43a3-9d83-d0fb38e21640.fields.cf980bcd-2897-41a6-8710-9e1ba33d8bc7.translationKeyFormat','null'),('matrixBlockTypes.7b8590e5-9338-43a3-9d83-d0fb38e21640.fields.cf980bcd-2897-41a6-8710-9e1ba33d8bc7.translationMethod','\"none\"'),('matrixBlockTypes.7b8590e5-9338-43a3-9d83-d0fb38e21640.fields.cf980bcd-2897-41a6-8710-9e1ba33d8bc7.type','\"craft\\\\fields\\\\Dropdown\"'),('matrixBlockTypes.7b8590e5-9338-43a3-9d83-d0fb38e21640.handle','\"favicon\"'),('matrixBlockTypes.7b8590e5-9338-43a3-9d83-d0fb38e21640.name','\"favicon\"'),('matrixBlockTypes.7b8590e5-9338-43a3-9d83-d0fb38e21640.sortOrder','1'),('matrixBlockTypes.80b52e80-1034-4322-a2a4-ff790554b9ae.field','\"1ed7075e-13cf-4a7b-9641-3eac2e130ce5\"'),('matrixBlockTypes.80b52e80-1034-4322-a2a4-ff790554b9ae.fieldLayouts.852657db-9f39-4b80-8ec0-e225430a7a72.tabs.0.elements.0.fieldUid','\"f43f331d-31cd-4b51-8cef-2127c175d3b4\"'),('matrixBlockTypes.80b52e80-1034-4322-a2a4-ff790554b9ae.fieldLayouts.852657db-9f39-4b80-8ec0-e225430a7a72.tabs.0.elements.0.instructions','null'),('matrixBlockTypes.80b52e80-1034-4322-a2a4-ff790554b9ae.fieldLayouts.852657db-9f39-4b80-8ec0-e225430a7a72.tabs.0.elements.0.label','null'),('matrixBlockTypes.80b52e80-1034-4322-a2a4-ff790554b9ae.fieldLayouts.852657db-9f39-4b80-8ec0-e225430a7a72.tabs.0.elements.0.required','false'),('matrixBlockTypes.80b52e80-1034-4322-a2a4-ff790554b9ae.fieldLayouts.852657db-9f39-4b80-8ec0-e225430a7a72.tabs.0.elements.0.tip','null'),('matrixBlockTypes.80b52e80-1034-4322-a2a4-ff790554b9ae.fieldLayouts.852657db-9f39-4b80-8ec0-e225430a7a72.tabs.0.elements.0.type','\"craft\\\\fieldlayoutelements\\\\CustomField\"'),('matrixBlockTypes.80b52e80-1034-4322-a2a4-ff790554b9ae.fieldLayouts.852657db-9f39-4b80-8ec0-e225430a7a72.tabs.0.elements.0.warning','null'),('matrixBlockTypes.80b52e80-1034-4322-a2a4-ff790554b9ae.fieldLayouts.852657db-9f39-4b80-8ec0-e225430a7a72.tabs.0.elements.0.width','50'),('matrixBlockTypes.80b52e80-1034-4322-a2a4-ff790554b9ae.fieldLayouts.852657db-9f39-4b80-8ec0-e225430a7a72.tabs.0.elements.1.fieldUid','\"d831fe25-ce30-4ff5-95d6-61a8ce2ddbf2\"'),('matrixBlockTypes.80b52e80-1034-4322-a2a4-ff790554b9ae.fieldLayouts.852657db-9f39-4b80-8ec0-e225430a7a72.tabs.0.elements.1.instructions','null'),('matrixBlockTypes.80b52e80-1034-4322-a2a4-ff790554b9ae.fieldLayouts.852657db-9f39-4b80-8ec0-e225430a7a72.tabs.0.elements.1.label','null'),('matrixBlockTypes.80b52e80-1034-4322-a2a4-ff790554b9ae.fieldLayouts.852657db-9f39-4b80-8ec0-e225430a7a72.tabs.0.elements.1.required','false'),('matrixBlockTypes.80b52e80-1034-4322-a2a4-ff790554b9ae.fieldLayouts.852657db-9f39-4b80-8ec0-e225430a7a72.tabs.0.elements.1.tip','null'),('matrixBlockTypes.80b52e80-1034-4322-a2a4-ff790554b9ae.fieldLayouts.852657db-9f39-4b80-8ec0-e225430a7a72.tabs.0.elements.1.type','\"craft\\\\fieldlayoutelements\\\\CustomField\"'),('matrixBlockTypes.80b52e80-1034-4322-a2a4-ff790554b9ae.fieldLayouts.852657db-9f39-4b80-8ec0-e225430a7a72.tabs.0.elements.1.warning','null'),('matrixBlockTypes.80b52e80-1034-4322-a2a4-ff790554b9ae.fieldLayouts.852657db-9f39-4b80-8ec0-e225430a7a72.tabs.0.elements.1.width','50'),('matrixBlockTypes.80b52e80-1034-4322-a2a4-ff790554b9ae.fieldLayouts.852657db-9f39-4b80-8ec0-e225430a7a72.tabs.0.elements.2.fieldUid','\"916eaaa3-67a6-4502-8db7-0b1c0ef7789d\"'),('matrixBlockTypes.80b52e80-1034-4322-a2a4-ff790554b9ae.fieldLayouts.852657db-9f39-4b80-8ec0-e225430a7a72.tabs.0.elements.2.instructions','null'),('matrixBlockTypes.80b52e80-1034-4322-a2a4-ff790554b9ae.fieldLayouts.852657db-9f39-4b80-8ec0-e225430a7a72.tabs.0.elements.2.label','null'),('matrixBlockTypes.80b52e80-1034-4322-a2a4-ff790554b9ae.fieldLayouts.852657db-9f39-4b80-8ec0-e225430a7a72.tabs.0.elements.2.required','false'),('matrixBlockTypes.80b52e80-1034-4322-a2a4-ff790554b9ae.fieldLayouts.852657db-9f39-4b80-8ec0-e225430a7a72.tabs.0.elements.2.tip','null'),('matrixBlockTypes.80b52e80-1034-4322-a2a4-ff790554b9ae.fieldLayouts.852657db-9f39-4b80-8ec0-e225430a7a72.tabs.0.elements.2.type','\"craft\\\\fieldlayoutelements\\\\CustomField\"'),('matrixBlockTypes.80b52e80-1034-4322-a2a4-ff790554b9ae.fieldLayouts.852657db-9f39-4b80-8ec0-e225430a7a72.tabs.0.elements.2.warning','null'),('matrixBlockTypes.80b52e80-1034-4322-a2a4-ff790554b9ae.fieldLayouts.852657db-9f39-4b80-8ec0-e225430a7a72.tabs.0.elements.2.width','50'),('matrixBlockTypes.80b52e80-1034-4322-a2a4-ff790554b9ae.fieldLayouts.852657db-9f39-4b80-8ec0-e225430a7a72.tabs.0.elements.3.fieldUid','\"c4e4235e-877b-45a7-89ff-b54e138b2d17\"'),('matrixBlockTypes.80b52e80-1034-4322-a2a4-ff790554b9ae.fieldLayouts.852657db-9f39-4b80-8ec0-e225430a7a72.tabs.0.elements.3.instructions','null'),('matrixBlockTypes.80b52e80-1034-4322-a2a4-ff790554b9ae.fieldLayouts.852657db-9f39-4b80-8ec0-e225430a7a72.tabs.0.elements.3.label','null'),('matrixBlockTypes.80b52e80-1034-4322-a2a4-ff790554b9ae.fieldLayouts.852657db-9f39-4b80-8ec0-e225430a7a72.tabs.0.elements.3.required','false'),('matrixBlockTypes.80b52e80-1034-4322-a2a4-ff790554b9ae.fieldLayouts.852657db-9f39-4b80-8ec0-e225430a7a72.tabs.0.elements.3.tip','null'),('matrixBlockTypes.80b52e80-1034-4322-a2a4-ff790554b9ae.fieldLayouts.852657db-9f39-4b80-8ec0-e225430a7a72.tabs.0.elements.3.type','\"craft\\\\fieldlayoutelements\\\\CustomField\"'),('matrixBlockTypes.80b52e80-1034-4322-a2a4-ff790554b9ae.fieldLayouts.852657db-9f39-4b80-8ec0-e225430a7a72.tabs.0.elements.3.warning','null'),('matrixBlockTypes.80b52e80-1034-4322-a2a4-ff790554b9ae.fieldLayouts.852657db-9f39-4b80-8ec0-e225430a7a72.tabs.0.elements.3.width','50'),('matrixBlockTypes.80b52e80-1034-4322-a2a4-ff790554b9ae.fieldLayouts.852657db-9f39-4b80-8ec0-e225430a7a72.tabs.0.elements.4.fieldUid','\"302676b6-7a8f-4bdd-88d7-87e82a569026\"'),('matrixBlockTypes.80b52e80-1034-4322-a2a4-ff790554b9ae.fieldLayouts.852657db-9f39-4b80-8ec0-e225430a7a72.tabs.0.elements.4.instructions','null'),('matrixBlockTypes.80b52e80-1034-4322-a2a4-ff790554b9ae.fieldLayouts.852657db-9f39-4b80-8ec0-e225430a7a72.tabs.0.elements.4.label','null'),('matrixBlockTypes.80b52e80-1034-4322-a2a4-ff790554b9ae.fieldLayouts.852657db-9f39-4b80-8ec0-e225430a7a72.tabs.0.elements.4.required','false'),('matrixBlockTypes.80b52e80-1034-4322-a2a4-ff790554b9ae.fieldLayouts.852657db-9f39-4b80-8ec0-e225430a7a72.tabs.0.elements.4.tip','null'),('matrixBlockTypes.80b52e80-1034-4322-a2a4-ff790554b9ae.fieldLayouts.852657db-9f39-4b80-8ec0-e225430a7a72.tabs.0.elements.4.type','\"craft\\\\fieldlayoutelements\\\\CustomField\"'),('matrixBlockTypes.80b52e80-1034-4322-a2a4-ff790554b9ae.fieldLayouts.852657db-9f39-4b80-8ec0-e225430a7a72.tabs.0.elements.4.warning','null'),('matrixBlockTypes.80b52e80-1034-4322-a2a4-ff790554b9ae.fieldLayouts.852657db-9f39-4b80-8ec0-e225430a7a72.tabs.0.elements.4.width','100'),('matrixBlockTypes.80b52e80-1034-4322-a2a4-ff790554b9ae.fieldLayouts.852657db-9f39-4b80-8ec0-e225430a7a72.tabs.0.elements.5.fieldUid','\"701a9b66-586b-4260-bc3b-009a77a6d3d3\"'),('matrixBlockTypes.80b52e80-1034-4322-a2a4-ff790554b9ae.fieldLayouts.852657db-9f39-4b80-8ec0-e225430a7a72.tabs.0.elements.5.instructions','null'),('matrixBlockTypes.80b52e80-1034-4322-a2a4-ff790554b9ae.fieldLayouts.852657db-9f39-4b80-8ec0-e225430a7a72.tabs.0.elements.5.label','null'),('matrixBlockTypes.80b52e80-1034-4322-a2a4-ff790554b9ae.fieldLayouts.852657db-9f39-4b80-8ec0-e225430a7a72.tabs.0.elements.5.required','false'),('matrixBlockTypes.80b52e80-1034-4322-a2a4-ff790554b9ae.fieldLayouts.852657db-9f39-4b80-8ec0-e225430a7a72.tabs.0.elements.5.tip','null'),('matrixBlockTypes.80b52e80-1034-4322-a2a4-ff790554b9ae.fieldLayouts.852657db-9f39-4b80-8ec0-e225430a7a72.tabs.0.elements.5.type','\"craft\\\\fieldlayoutelements\\\\CustomField\"'),('matrixBlockTypes.80b52e80-1034-4322-a2a4-ff790554b9ae.fieldLayouts.852657db-9f39-4b80-8ec0-e225430a7a72.tabs.0.elements.5.warning','null'),('matrixBlockTypes.80b52e80-1034-4322-a2a4-ff790554b9ae.fieldLayouts.852657db-9f39-4b80-8ec0-e225430a7a72.tabs.0.elements.5.width','50'),('matrixBlockTypes.80b52e80-1034-4322-a2a4-ff790554b9ae.fieldLayouts.852657db-9f39-4b80-8ec0-e225430a7a72.tabs.0.elements.6.fieldUid','\"53111f06-962f-4c3d-8430-cfefb4d8a4a5\"'),('matrixBlockTypes.80b52e80-1034-4322-a2a4-ff790554b9ae.fieldLayouts.852657db-9f39-4b80-8ec0-e225430a7a72.tabs.0.elements.6.instructions','null'),('matrixBlockTypes.80b52e80-1034-4322-a2a4-ff790554b9ae.fieldLayouts.852657db-9f39-4b80-8ec0-e225430a7a72.tabs.0.elements.6.label','null'),('matrixBlockTypes.80b52e80-1034-4322-a2a4-ff790554b9ae.fieldLayouts.852657db-9f39-4b80-8ec0-e225430a7a72.tabs.0.elements.6.required','false'),('matrixBlockTypes.80b52e80-1034-4322-a2a4-ff790554b9ae.fieldLayouts.852657db-9f39-4b80-8ec0-e225430a7a72.tabs.0.elements.6.tip','null'),('matrixBlockTypes.80b52e80-1034-4322-a2a4-ff790554b9ae.fieldLayouts.852657db-9f39-4b80-8ec0-e225430a7a72.tabs.0.elements.6.type','\"craft\\\\fieldlayoutelements\\\\CustomField\"'),('matrixBlockTypes.80b52e80-1034-4322-a2a4-ff790554b9ae.fieldLayouts.852657db-9f39-4b80-8ec0-e225430a7a72.tabs.0.elements.6.warning','null'),('matrixBlockTypes.80b52e80-1034-4322-a2a4-ff790554b9ae.fieldLayouts.852657db-9f39-4b80-8ec0-e225430a7a72.tabs.0.elements.6.width','25'),('matrixBlockTypes.80b52e80-1034-4322-a2a4-ff790554b9ae.fieldLayouts.852657db-9f39-4b80-8ec0-e225430a7a72.tabs.0.elements.7.fieldUid','\"3a2e75a2-4462-43c6-8db6-64d5aef548e8\"'),('matrixBlockTypes.80b52e80-1034-4322-a2a4-ff790554b9ae.fieldLayouts.852657db-9f39-4b80-8ec0-e225430a7a72.tabs.0.elements.7.instructions','null'),('matrixBlockTypes.80b52e80-1034-4322-a2a4-ff790554b9ae.fieldLayouts.852657db-9f39-4b80-8ec0-e225430a7a72.tabs.0.elements.7.label','null'),('matrixBlockTypes.80b52e80-1034-4322-a2a4-ff790554b9ae.fieldLayouts.852657db-9f39-4b80-8ec0-e225430a7a72.tabs.0.elements.7.required','false'),('matrixBlockTypes.80b52e80-1034-4322-a2a4-ff790554b9ae.fieldLayouts.852657db-9f39-4b80-8ec0-e225430a7a72.tabs.0.elements.7.tip','null'),('matrixBlockTypes.80b52e80-1034-4322-a2a4-ff790554b9ae.fieldLayouts.852657db-9f39-4b80-8ec0-e225430a7a72.tabs.0.elements.7.type','\"craft\\\\fieldlayoutelements\\\\CustomField\"'),('matrixBlockTypes.80b52e80-1034-4322-a2a4-ff790554b9ae.fieldLayouts.852657db-9f39-4b80-8ec0-e225430a7a72.tabs.0.elements.7.warning','null'),('matrixBlockTypes.80b52e80-1034-4322-a2a4-ff790554b9ae.fieldLayouts.852657db-9f39-4b80-8ec0-e225430a7a72.tabs.0.elements.7.width','25'),('matrixBlockTypes.80b52e80-1034-4322-a2a4-ff790554b9ae.fieldLayouts.852657db-9f39-4b80-8ec0-e225430a7a72.tabs.0.name','\"Content\"'),('matrixBlockTypes.80b52e80-1034-4322-a2a4-ff790554b9ae.fieldLayouts.852657db-9f39-4b80-8ec0-e225430a7a72.tabs.0.sortOrder','1'),('matrixBlockTypes.80b52e80-1034-4322-a2a4-ff790554b9ae.fields.302676b6-7a8f-4bdd-88d7-87e82a569026.contentColumnType','\"text\"'),('matrixBlockTypes.80b52e80-1034-4322-a2a4-ff790554b9ae.fields.302676b6-7a8f-4bdd-88d7-87e82a569026.fieldGroup','null'),('matrixBlockTypes.80b52e80-1034-4322-a2a4-ff790554b9ae.fields.302676b6-7a8f-4bdd-88d7-87e82a569026.handle','\"description\"'),('matrixBlockTypes.80b52e80-1034-4322-a2a4-ff790554b9ae.fields.302676b6-7a8f-4bdd-88d7-87e82a569026.instructions','\"\"'),('matrixBlockTypes.80b52e80-1034-4322-a2a4-ff790554b9ae.fields.302676b6-7a8f-4bdd-88d7-87e82a569026.name','\"Description\"'),('matrixBlockTypes.80b52e80-1034-4322-a2a4-ff790554b9ae.fields.302676b6-7a8f-4bdd-88d7-87e82a569026.searchable','false'),('matrixBlockTypes.80b52e80-1034-4322-a2a4-ff790554b9ae.fields.302676b6-7a8f-4bdd-88d7-87e82a569026.settings.availableTransforms','\"*\"'),('matrixBlockTypes.80b52e80-1034-4322-a2a4-ff790554b9ae.fields.302676b6-7a8f-4bdd-88d7-87e82a569026.settings.availableVolumes','\"*\"'),('matrixBlockTypes.80b52e80-1034-4322-a2a4-ff790554b9ae.fields.302676b6-7a8f-4bdd-88d7-87e82a569026.settings.cleanupHtml','true'),('matrixBlockTypes.80b52e80-1034-4322-a2a4-ff790554b9ae.fields.302676b6-7a8f-4bdd-88d7-87e82a569026.settings.columnType','\"text\"'),('matrixBlockTypes.80b52e80-1034-4322-a2a4-ff790554b9ae.fields.302676b6-7a8f-4bdd-88d7-87e82a569026.settings.configSelectionMode','\"choose\"'),('matrixBlockTypes.80b52e80-1034-4322-a2a4-ff790554b9ae.fields.302676b6-7a8f-4bdd-88d7-87e82a569026.settings.defaultTransform','\"\"'),('matrixBlockTypes.80b52e80-1034-4322-a2a4-ff790554b9ae.fields.302676b6-7a8f-4bdd-88d7-87e82a569026.settings.manualConfig','\"\"'),('matrixBlockTypes.80b52e80-1034-4322-a2a4-ff790554b9ae.fields.302676b6-7a8f-4bdd-88d7-87e82a569026.settings.purifierConfig','\"\"'),('matrixBlockTypes.80b52e80-1034-4322-a2a4-ff790554b9ae.fields.302676b6-7a8f-4bdd-88d7-87e82a569026.settings.purifyHtml','\"1\"'),('matrixBlockTypes.80b52e80-1034-4322-a2a4-ff790554b9ae.fields.302676b6-7a8f-4bdd-88d7-87e82a569026.settings.redactorConfig','\"\"'),('matrixBlockTypes.80b52e80-1034-4322-a2a4-ff790554b9ae.fields.302676b6-7a8f-4bdd-88d7-87e82a569026.settings.removeEmptyTags','\"1\"'),('matrixBlockTypes.80b52e80-1034-4322-a2a4-ff790554b9ae.fields.302676b6-7a8f-4bdd-88d7-87e82a569026.settings.removeInlineStyles','\"1\"'),('matrixBlockTypes.80b52e80-1034-4322-a2a4-ff790554b9ae.fields.302676b6-7a8f-4bdd-88d7-87e82a569026.settings.removeNbsp','\"1\"'),('matrixBlockTypes.80b52e80-1034-4322-a2a4-ff790554b9ae.fields.302676b6-7a8f-4bdd-88d7-87e82a569026.settings.showHtmlButtonForNonAdmins','\"\"'),('matrixBlockTypes.80b52e80-1034-4322-a2a4-ff790554b9ae.fields.302676b6-7a8f-4bdd-88d7-87e82a569026.settings.showUnpermittedFiles','false'),('matrixBlockTypes.80b52e80-1034-4322-a2a4-ff790554b9ae.fields.302676b6-7a8f-4bdd-88d7-87e82a569026.settings.showUnpermittedVolumes','false'),('matrixBlockTypes.80b52e80-1034-4322-a2a4-ff790554b9ae.fields.302676b6-7a8f-4bdd-88d7-87e82a569026.settings.uiMode','\"enlarged\"'),('matrixBlockTypes.80b52e80-1034-4322-a2a4-ff790554b9ae.fields.302676b6-7a8f-4bdd-88d7-87e82a569026.translationKeyFormat','null'),('matrixBlockTypes.80b52e80-1034-4322-a2a4-ff790554b9ae.fields.302676b6-7a8f-4bdd-88d7-87e82a569026.translationMethod','\"none\"'),('matrixBlockTypes.80b52e80-1034-4322-a2a4-ff790554b9ae.fields.302676b6-7a8f-4bdd-88d7-87e82a569026.type','\"craft\\\\redactor\\\\Field\"'),('matrixBlockTypes.80b52e80-1034-4322-a2a4-ff790554b9ae.fields.3a2e75a2-4462-43c6-8db6-64d5aef548e8.contentColumnType','\"string\"'),('matrixBlockTypes.80b52e80-1034-4322-a2a4-ff790554b9ae.fields.3a2e75a2-4462-43c6-8db6-64d5aef548e8.fieldGroup','null'),('matrixBlockTypes.80b52e80-1034-4322-a2a4-ff790554b9ae.fields.3a2e75a2-4462-43c6-8db6-64d5aef548e8.handle','\"retina\"'),('matrixBlockTypes.80b52e80-1034-4322-a2a4-ff790554b9ae.fields.3a2e75a2-4462-43c6-8db6-64d5aef548e8.instructions','\"\"'),('matrixBlockTypes.80b52e80-1034-4322-a2a4-ff790554b9ae.fields.3a2e75a2-4462-43c6-8db6-64d5aef548e8.name','\"Retina\"'),('matrixBlockTypes.80b52e80-1034-4322-a2a4-ff790554b9ae.fields.3a2e75a2-4462-43c6-8db6-64d5aef548e8.searchable','false'),('matrixBlockTypes.80b52e80-1034-4322-a2a4-ff790554b9ae.fields.3a2e75a2-4462-43c6-8db6-64d5aef548e8.settings.allowedKinds.0','\"image\"'),('matrixBlockTypes.80b52e80-1034-4322-a2a4-ff790554b9ae.fields.3a2e75a2-4462-43c6-8db6-64d5aef548e8.settings.allowSelfRelations','false'),('matrixBlockTypes.80b52e80-1034-4322-a2a4-ff790554b9ae.fields.3a2e75a2-4462-43c6-8db6-64d5aef548e8.settings.allowUploads','true'),('matrixBlockTypes.80b52e80-1034-4322-a2a4-ff790554b9ae.fields.3a2e75a2-4462-43c6-8db6-64d5aef548e8.settings.defaultUploadLocationSource','\"volume:e57bd544-ae5e-48e4-9e5c-a22ad56d701d\"'),('matrixBlockTypes.80b52e80-1034-4322-a2a4-ff790554b9ae.fields.3a2e75a2-4462-43c6-8db6-64d5aef548e8.settings.defaultUploadLocationSubpath','\"\"'),('matrixBlockTypes.80b52e80-1034-4322-a2a4-ff790554b9ae.fields.3a2e75a2-4462-43c6-8db6-64d5aef548e8.settings.limit','\"1\"'),('matrixBlockTypes.80b52e80-1034-4322-a2a4-ff790554b9ae.fields.3a2e75a2-4462-43c6-8db6-64d5aef548e8.settings.localizeRelations','false'),('matrixBlockTypes.80b52e80-1034-4322-a2a4-ff790554b9ae.fields.3a2e75a2-4462-43c6-8db6-64d5aef548e8.settings.previewMode','\"full\"'),('matrixBlockTypes.80b52e80-1034-4322-a2a4-ff790554b9ae.fields.3a2e75a2-4462-43c6-8db6-64d5aef548e8.settings.restrictFiles','\"1\"'),('matrixBlockTypes.80b52e80-1034-4322-a2a4-ff790554b9ae.fields.3a2e75a2-4462-43c6-8db6-64d5aef548e8.settings.selectionLabel','\"\"'),('matrixBlockTypes.80b52e80-1034-4322-a2a4-ff790554b9ae.fields.3a2e75a2-4462-43c6-8db6-64d5aef548e8.settings.showSiteMenu','true'),('matrixBlockTypes.80b52e80-1034-4322-a2a4-ff790554b9ae.fields.3a2e75a2-4462-43c6-8db6-64d5aef548e8.settings.showUnpermittedFiles','false'),('matrixBlockTypes.80b52e80-1034-4322-a2a4-ff790554b9ae.fields.3a2e75a2-4462-43c6-8db6-64d5aef548e8.settings.showUnpermittedVolumes','false'),('matrixBlockTypes.80b52e80-1034-4322-a2a4-ff790554b9ae.fields.3a2e75a2-4462-43c6-8db6-64d5aef548e8.settings.singleUploadLocationSource','\"volume:4d5610a8-c2cd-489b-9b3c-98dc59f9888e\"'),('matrixBlockTypes.80b52e80-1034-4322-a2a4-ff790554b9ae.fields.3a2e75a2-4462-43c6-8db6-64d5aef548e8.settings.singleUploadLocationSubpath','\"\"'),('matrixBlockTypes.80b52e80-1034-4322-a2a4-ff790554b9ae.fields.3a2e75a2-4462-43c6-8db6-64d5aef548e8.settings.source','null'),('matrixBlockTypes.80b52e80-1034-4322-a2a4-ff790554b9ae.fields.3a2e75a2-4462-43c6-8db6-64d5aef548e8.settings.sources','\"*\"'),('matrixBlockTypes.80b52e80-1034-4322-a2a4-ff790554b9ae.fields.3a2e75a2-4462-43c6-8db6-64d5aef548e8.settings.targetSiteId','null'),('matrixBlockTypes.80b52e80-1034-4322-a2a4-ff790554b9ae.fields.3a2e75a2-4462-43c6-8db6-64d5aef548e8.settings.useSingleFolder','false'),('matrixBlockTypes.80b52e80-1034-4322-a2a4-ff790554b9ae.fields.3a2e75a2-4462-43c6-8db6-64d5aef548e8.settings.validateRelatedElements','false'),('matrixBlockTypes.80b52e80-1034-4322-a2a4-ff790554b9ae.fields.3a2e75a2-4462-43c6-8db6-64d5aef548e8.settings.viewMode','\"large\"'),('matrixBlockTypes.80b52e80-1034-4322-a2a4-ff790554b9ae.fields.3a2e75a2-4462-43c6-8db6-64d5aef548e8.translationKeyFormat','null'),('matrixBlockTypes.80b52e80-1034-4322-a2a4-ff790554b9ae.fields.3a2e75a2-4462-43c6-8db6-64d5aef548e8.translationMethod','\"site\"'),('matrixBlockTypes.80b52e80-1034-4322-a2a4-ff790554b9ae.fields.3a2e75a2-4462-43c6-8db6-64d5aef548e8.type','\"craft\\\\fields\\\\Assets\"'),('matrixBlockTypes.80b52e80-1034-4322-a2a4-ff790554b9ae.fields.53111f06-962f-4c3d-8430-cfefb4d8a4a5.contentColumnType','\"string\"'),('matrixBlockTypes.80b52e80-1034-4322-a2a4-ff790554b9ae.fields.53111f06-962f-4c3d-8430-cfefb4d8a4a5.fieldGroup','null'),('matrixBlockTypes.80b52e80-1034-4322-a2a4-ff790554b9ae.fields.53111f06-962f-4c3d-8430-cfefb4d8a4a5.handle','\"regular\"'),('matrixBlockTypes.80b52e80-1034-4322-a2a4-ff790554b9ae.fields.53111f06-962f-4c3d-8430-cfefb4d8a4a5.instructions','\"\"'),('matrixBlockTypes.80b52e80-1034-4322-a2a4-ff790554b9ae.fields.53111f06-962f-4c3d-8430-cfefb4d8a4a5.name','\"Regular\"'),('matrixBlockTypes.80b52e80-1034-4322-a2a4-ff790554b9ae.fields.53111f06-962f-4c3d-8430-cfefb4d8a4a5.searchable','false'),('matrixBlockTypes.80b52e80-1034-4322-a2a4-ff790554b9ae.fields.53111f06-962f-4c3d-8430-cfefb4d8a4a5.settings.allowedKinds.0','\"image\"'),('matrixBlockTypes.80b52e80-1034-4322-a2a4-ff790554b9ae.fields.53111f06-962f-4c3d-8430-cfefb4d8a4a5.settings.allowSelfRelations','false'),('matrixBlockTypes.80b52e80-1034-4322-a2a4-ff790554b9ae.fields.53111f06-962f-4c3d-8430-cfefb4d8a4a5.settings.allowUploads','true'),('matrixBlockTypes.80b52e80-1034-4322-a2a4-ff790554b9ae.fields.53111f06-962f-4c3d-8430-cfefb4d8a4a5.settings.defaultUploadLocationSource','\"volume:e57bd544-ae5e-48e4-9e5c-a22ad56d701d\"'),('matrixBlockTypes.80b52e80-1034-4322-a2a4-ff790554b9ae.fields.53111f06-962f-4c3d-8430-cfefb4d8a4a5.settings.defaultUploadLocationSubpath','\"\"'),('matrixBlockTypes.80b52e80-1034-4322-a2a4-ff790554b9ae.fields.53111f06-962f-4c3d-8430-cfefb4d8a4a5.settings.limit','\"1\"'),('matrixBlockTypes.80b52e80-1034-4322-a2a4-ff790554b9ae.fields.53111f06-962f-4c3d-8430-cfefb4d8a4a5.settings.localizeRelations','false'),('matrixBlockTypes.80b52e80-1034-4322-a2a4-ff790554b9ae.fields.53111f06-962f-4c3d-8430-cfefb4d8a4a5.settings.previewMode','\"full\"'),('matrixBlockTypes.80b52e80-1034-4322-a2a4-ff790554b9ae.fields.53111f06-962f-4c3d-8430-cfefb4d8a4a5.settings.restrictFiles','\"1\"'),('matrixBlockTypes.80b52e80-1034-4322-a2a4-ff790554b9ae.fields.53111f06-962f-4c3d-8430-cfefb4d8a4a5.settings.selectionLabel','\"\"'),('matrixBlockTypes.80b52e80-1034-4322-a2a4-ff790554b9ae.fields.53111f06-962f-4c3d-8430-cfefb4d8a4a5.settings.showSiteMenu','true'),('matrixBlockTypes.80b52e80-1034-4322-a2a4-ff790554b9ae.fields.53111f06-962f-4c3d-8430-cfefb4d8a4a5.settings.showUnpermittedFiles','false'),('matrixBlockTypes.80b52e80-1034-4322-a2a4-ff790554b9ae.fields.53111f06-962f-4c3d-8430-cfefb4d8a4a5.settings.showUnpermittedVolumes','false'),('matrixBlockTypes.80b52e80-1034-4322-a2a4-ff790554b9ae.fields.53111f06-962f-4c3d-8430-cfefb4d8a4a5.settings.singleUploadLocationSource','\"volume:4d5610a8-c2cd-489b-9b3c-98dc59f9888e\"'),('matrixBlockTypes.80b52e80-1034-4322-a2a4-ff790554b9ae.fields.53111f06-962f-4c3d-8430-cfefb4d8a4a5.settings.singleUploadLocationSubpath','\"\"'),('matrixBlockTypes.80b52e80-1034-4322-a2a4-ff790554b9ae.fields.53111f06-962f-4c3d-8430-cfefb4d8a4a5.settings.source','null'),('matrixBlockTypes.80b52e80-1034-4322-a2a4-ff790554b9ae.fields.53111f06-962f-4c3d-8430-cfefb4d8a4a5.settings.sources','\"*\"'),('matrixBlockTypes.80b52e80-1034-4322-a2a4-ff790554b9ae.fields.53111f06-962f-4c3d-8430-cfefb4d8a4a5.settings.targetSiteId','null'),('matrixBlockTypes.80b52e80-1034-4322-a2a4-ff790554b9ae.fields.53111f06-962f-4c3d-8430-cfefb4d8a4a5.settings.useSingleFolder','false'),('matrixBlockTypes.80b52e80-1034-4322-a2a4-ff790554b9ae.fields.53111f06-962f-4c3d-8430-cfefb4d8a4a5.settings.validateRelatedElements','false'),('matrixBlockTypes.80b52e80-1034-4322-a2a4-ff790554b9ae.fields.53111f06-962f-4c3d-8430-cfefb4d8a4a5.settings.viewMode','\"large\"'),('matrixBlockTypes.80b52e80-1034-4322-a2a4-ff790554b9ae.fields.53111f06-962f-4c3d-8430-cfefb4d8a4a5.translationKeyFormat','null'),('matrixBlockTypes.80b52e80-1034-4322-a2a4-ff790554b9ae.fields.53111f06-962f-4c3d-8430-cfefb4d8a4a5.translationMethod','\"site\"'),('matrixBlockTypes.80b52e80-1034-4322-a2a4-ff790554b9ae.fields.53111f06-962f-4c3d-8430-cfefb4d8a4a5.type','\"craft\\\\fields\\\\Assets\"'),('matrixBlockTypes.80b52e80-1034-4322-a2a4-ff790554b9ae.fields.701a9b66-586b-4260-bc3b-009a77a6d3d3.contentColumnType','\"string\"'),('matrixBlockTypes.80b52e80-1034-4322-a2a4-ff790554b9ae.fields.701a9b66-586b-4260-bc3b-009a77a6d3d3.fieldGroup','null'),('matrixBlockTypes.80b52e80-1034-4322-a2a4-ff790554b9ae.fields.701a9b66-586b-4260-bc3b-009a77a6d3d3.handle','\"full\"'),('matrixBlockTypes.80b52e80-1034-4322-a2a4-ff790554b9ae.fields.701a9b66-586b-4260-bc3b-009a77a6d3d3.instructions','\"\"'),('matrixBlockTypes.80b52e80-1034-4322-a2a4-ff790554b9ae.fields.701a9b66-586b-4260-bc3b-009a77a6d3d3.name','\"Full\"'),('matrixBlockTypes.80b52e80-1034-4322-a2a4-ff790554b9ae.fields.701a9b66-586b-4260-bc3b-009a77a6d3d3.searchable','false'),('matrixBlockTypes.80b52e80-1034-4322-a2a4-ff790554b9ae.fields.701a9b66-586b-4260-bc3b-009a77a6d3d3.settings.allowedKinds.0','\"image\"'),('matrixBlockTypes.80b52e80-1034-4322-a2a4-ff790554b9ae.fields.701a9b66-586b-4260-bc3b-009a77a6d3d3.settings.allowSelfRelations','false'),('matrixBlockTypes.80b52e80-1034-4322-a2a4-ff790554b9ae.fields.701a9b66-586b-4260-bc3b-009a77a6d3d3.settings.allowUploads','true'),('matrixBlockTypes.80b52e80-1034-4322-a2a4-ff790554b9ae.fields.701a9b66-586b-4260-bc3b-009a77a6d3d3.settings.defaultUploadLocationSource','\"volume:e57bd544-ae5e-48e4-9e5c-a22ad56d701d\"'),('matrixBlockTypes.80b52e80-1034-4322-a2a4-ff790554b9ae.fields.701a9b66-586b-4260-bc3b-009a77a6d3d3.settings.defaultUploadLocationSubpath','\"\"'),('matrixBlockTypes.80b52e80-1034-4322-a2a4-ff790554b9ae.fields.701a9b66-586b-4260-bc3b-009a77a6d3d3.settings.limit','\"1\"'),('matrixBlockTypes.80b52e80-1034-4322-a2a4-ff790554b9ae.fields.701a9b66-586b-4260-bc3b-009a77a6d3d3.settings.localizeRelations','false'),('matrixBlockTypes.80b52e80-1034-4322-a2a4-ff790554b9ae.fields.701a9b66-586b-4260-bc3b-009a77a6d3d3.settings.previewMode','\"full\"'),('matrixBlockTypes.80b52e80-1034-4322-a2a4-ff790554b9ae.fields.701a9b66-586b-4260-bc3b-009a77a6d3d3.settings.restrictFiles','\"1\"'),('matrixBlockTypes.80b52e80-1034-4322-a2a4-ff790554b9ae.fields.701a9b66-586b-4260-bc3b-009a77a6d3d3.settings.selectionLabel','\"\"'),('matrixBlockTypes.80b52e80-1034-4322-a2a4-ff790554b9ae.fields.701a9b66-586b-4260-bc3b-009a77a6d3d3.settings.showSiteMenu','true'),('matrixBlockTypes.80b52e80-1034-4322-a2a4-ff790554b9ae.fields.701a9b66-586b-4260-bc3b-009a77a6d3d3.settings.showUnpermittedFiles','false'),('matrixBlockTypes.80b52e80-1034-4322-a2a4-ff790554b9ae.fields.701a9b66-586b-4260-bc3b-009a77a6d3d3.settings.showUnpermittedVolumes','false'),('matrixBlockTypes.80b52e80-1034-4322-a2a4-ff790554b9ae.fields.701a9b66-586b-4260-bc3b-009a77a6d3d3.settings.singleUploadLocationSource','\"volume:4d5610a8-c2cd-489b-9b3c-98dc59f9888e\"'),('matrixBlockTypes.80b52e80-1034-4322-a2a4-ff790554b9ae.fields.701a9b66-586b-4260-bc3b-009a77a6d3d3.settings.singleUploadLocationSubpath','\"\"'),('matrixBlockTypes.80b52e80-1034-4322-a2a4-ff790554b9ae.fields.701a9b66-586b-4260-bc3b-009a77a6d3d3.settings.source','null'),('matrixBlockTypes.80b52e80-1034-4322-a2a4-ff790554b9ae.fields.701a9b66-586b-4260-bc3b-009a77a6d3d3.settings.sources','\"*\"'),('matrixBlockTypes.80b52e80-1034-4322-a2a4-ff790554b9ae.fields.701a9b66-586b-4260-bc3b-009a77a6d3d3.settings.targetSiteId','null'),('matrixBlockTypes.80b52e80-1034-4322-a2a4-ff790554b9ae.fields.701a9b66-586b-4260-bc3b-009a77a6d3d3.settings.useSingleFolder','false'),('matrixBlockTypes.80b52e80-1034-4322-a2a4-ff790554b9ae.fields.701a9b66-586b-4260-bc3b-009a77a6d3d3.settings.validateRelatedElements','false'),('matrixBlockTypes.80b52e80-1034-4322-a2a4-ff790554b9ae.fields.701a9b66-586b-4260-bc3b-009a77a6d3d3.settings.viewMode','\"large\"'),('matrixBlockTypes.80b52e80-1034-4322-a2a4-ff790554b9ae.fields.701a9b66-586b-4260-bc3b-009a77a6d3d3.translationKeyFormat','null'),('matrixBlockTypes.80b52e80-1034-4322-a2a4-ff790554b9ae.fields.701a9b66-586b-4260-bc3b-009a77a6d3d3.translationMethod','\"site\"'),('matrixBlockTypes.80b52e80-1034-4322-a2a4-ff790554b9ae.fields.701a9b66-586b-4260-bc3b-009a77a6d3d3.type','\"craft\\\\fields\\\\Assets\"'),('matrixBlockTypes.80b52e80-1034-4322-a2a4-ff790554b9ae.fields.916eaaa3-67a6-4502-8db7-0b1c0ef7789d.contentColumnType','\"text\"'),('matrixBlockTypes.80b52e80-1034-4322-a2a4-ff790554b9ae.fields.916eaaa3-67a6-4502-8db7-0b1c0ef7789d.fieldGroup','null'),('matrixBlockTypes.80b52e80-1034-4322-a2a4-ff790554b9ae.fields.916eaaa3-67a6-4502-8db7-0b1c0ef7789d.handle','\"project\"'),('matrixBlockTypes.80b52e80-1034-4322-a2a4-ff790554b9ae.fields.916eaaa3-67a6-4502-8db7-0b1c0ef7789d.instructions','\"\"'),('matrixBlockTypes.80b52e80-1034-4322-a2a4-ff790554b9ae.fields.916eaaa3-67a6-4502-8db7-0b1c0ef7789d.name','\"Project\"'),('matrixBlockTypes.80b52e80-1034-4322-a2a4-ff790554b9ae.fields.916eaaa3-67a6-4502-8db7-0b1c0ef7789d.searchable','false'),('matrixBlockTypes.80b52e80-1034-4322-a2a4-ff790554b9ae.fields.916eaaa3-67a6-4502-8db7-0b1c0ef7789d.settings.byteLimit','null'),('matrixBlockTypes.80b52e80-1034-4322-a2a4-ff790554b9ae.fields.916eaaa3-67a6-4502-8db7-0b1c0ef7789d.settings.charLimit','null'),('matrixBlockTypes.80b52e80-1034-4322-a2a4-ff790554b9ae.fields.916eaaa3-67a6-4502-8db7-0b1c0ef7789d.settings.code','\"\"'),('matrixBlockTypes.80b52e80-1034-4322-a2a4-ff790554b9ae.fields.916eaaa3-67a6-4502-8db7-0b1c0ef7789d.settings.columnType','null'),('matrixBlockTypes.80b52e80-1034-4322-a2a4-ff790554b9ae.fields.916eaaa3-67a6-4502-8db7-0b1c0ef7789d.settings.initialRows','\"4\"'),('matrixBlockTypes.80b52e80-1034-4322-a2a4-ff790554b9ae.fields.916eaaa3-67a6-4502-8db7-0b1c0ef7789d.settings.multiline','\"\"'),('matrixBlockTypes.80b52e80-1034-4322-a2a4-ff790554b9ae.fields.916eaaa3-67a6-4502-8db7-0b1c0ef7789d.settings.placeholder','null'),('matrixBlockTypes.80b52e80-1034-4322-a2a4-ff790554b9ae.fields.916eaaa3-67a6-4502-8db7-0b1c0ef7789d.settings.uiMode','\"normal\"'),('matrixBlockTypes.80b52e80-1034-4322-a2a4-ff790554b9ae.fields.916eaaa3-67a6-4502-8db7-0b1c0ef7789d.translationKeyFormat','null'),('matrixBlockTypes.80b52e80-1034-4322-a2a4-ff790554b9ae.fields.916eaaa3-67a6-4502-8db7-0b1c0ef7789d.translationMethod','\"none\"'),('matrixBlockTypes.80b52e80-1034-4322-a2a4-ff790554b9ae.fields.916eaaa3-67a6-4502-8db7-0b1c0ef7789d.type','\"craft\\\\fields\\\\PlainText\"'),('matrixBlockTypes.80b52e80-1034-4322-a2a4-ff790554b9ae.fields.c4e4235e-877b-45a7-89ff-b54e138b2d17.contentColumnType','\"string(255)\"'),('matrixBlockTypes.80b52e80-1034-4322-a2a4-ff790554b9ae.fields.c4e4235e-877b-45a7-89ff-b54e138b2d17.fieldGroup','null'),('matrixBlockTypes.80b52e80-1034-4322-a2a4-ff790554b9ae.fields.c4e4235e-877b-45a7-89ff-b54e138b2d17.handle','\"hyperlink\"'),('matrixBlockTypes.80b52e80-1034-4322-a2a4-ff790554b9ae.fields.c4e4235e-877b-45a7-89ff-b54e138b2d17.instructions','\"\"'),('matrixBlockTypes.80b52e80-1034-4322-a2a4-ff790554b9ae.fields.c4e4235e-877b-45a7-89ff-b54e138b2d17.name','\"HyperLink\"'),('matrixBlockTypes.80b52e80-1034-4322-a2a4-ff790554b9ae.fields.c4e4235e-877b-45a7-89ff-b54e138b2d17.searchable','false'),('matrixBlockTypes.80b52e80-1034-4322-a2a4-ff790554b9ae.fields.c4e4235e-877b-45a7-89ff-b54e138b2d17.settings.maxLength','\"255\"'),('matrixBlockTypes.80b52e80-1034-4322-a2a4-ff790554b9ae.fields.c4e4235e-877b-45a7-89ff-b54e138b2d17.settings.placeholder','null'),('matrixBlockTypes.80b52e80-1034-4322-a2a4-ff790554b9ae.fields.c4e4235e-877b-45a7-89ff-b54e138b2d17.settings.types.0','\"url\"'),('matrixBlockTypes.80b52e80-1034-4322-a2a4-ff790554b9ae.fields.c4e4235e-877b-45a7-89ff-b54e138b2d17.translationKeyFormat','null'),('matrixBlockTypes.80b52e80-1034-4322-a2a4-ff790554b9ae.fields.c4e4235e-877b-45a7-89ff-b54e138b2d17.translationMethod','\"none\"'),('matrixBlockTypes.80b52e80-1034-4322-a2a4-ff790554b9ae.fields.c4e4235e-877b-45a7-89ff-b54e138b2d17.type','\"craft\\\\fields\\\\Url\"'),('matrixBlockTypes.80b52e80-1034-4322-a2a4-ff790554b9ae.fields.d831fe25-ce30-4ff5-95d6-61a8ce2ddbf2.contentColumnType','\"string\"'),('matrixBlockTypes.80b52e80-1034-4322-a2a4-ff790554b9ae.fields.d831fe25-ce30-4ff5-95d6-61a8ce2ddbf2.fieldGroup','null'),('matrixBlockTypes.80b52e80-1034-4322-a2a4-ff790554b9ae.fields.d831fe25-ce30-4ff5-95d6-61a8ce2ddbf2.handle','\"category\"'),('matrixBlockTypes.80b52e80-1034-4322-a2a4-ff790554b9ae.fields.d831fe25-ce30-4ff5-95d6-61a8ce2ddbf2.instructions','\"\"'),('matrixBlockTypes.80b52e80-1034-4322-a2a4-ff790554b9ae.fields.d831fe25-ce30-4ff5-95d6-61a8ce2ddbf2.name','\"Category\"'),('matrixBlockTypes.80b52e80-1034-4322-a2a4-ff790554b9ae.fields.d831fe25-ce30-4ff5-95d6-61a8ce2ddbf2.searchable','false'),('matrixBlockTypes.80b52e80-1034-4322-a2a4-ff790554b9ae.fields.d831fe25-ce30-4ff5-95d6-61a8ce2ddbf2.settings.allowLimit','false'),('matrixBlockTypes.80b52e80-1034-4322-a2a4-ff790554b9ae.fields.d831fe25-ce30-4ff5-95d6-61a8ce2ddbf2.settings.allowMultipleSources','false'),('matrixBlockTypes.80b52e80-1034-4322-a2a4-ff790554b9ae.fields.d831fe25-ce30-4ff5-95d6-61a8ce2ddbf2.settings.allowSelfRelations','false'),('matrixBlockTypes.80b52e80-1034-4322-a2a4-ff790554b9ae.fields.d831fe25-ce30-4ff5-95d6-61a8ce2ddbf2.settings.branchLimit','\"1\"'),('matrixBlockTypes.80b52e80-1034-4322-a2a4-ff790554b9ae.fields.d831fe25-ce30-4ff5-95d6-61a8ce2ddbf2.settings.limit','null'),('matrixBlockTypes.80b52e80-1034-4322-a2a4-ff790554b9ae.fields.d831fe25-ce30-4ff5-95d6-61a8ce2ddbf2.settings.localizeRelations','false'),('matrixBlockTypes.80b52e80-1034-4322-a2a4-ff790554b9ae.fields.d831fe25-ce30-4ff5-95d6-61a8ce2ddbf2.settings.selectionLabel','\"\"'),('matrixBlockTypes.80b52e80-1034-4322-a2a4-ff790554b9ae.fields.d831fe25-ce30-4ff5-95d6-61a8ce2ddbf2.settings.showSiteMenu','true'),('matrixBlockTypes.80b52e80-1034-4322-a2a4-ff790554b9ae.fields.d831fe25-ce30-4ff5-95d6-61a8ce2ddbf2.settings.source','\"group:cd85444c-6f1f-4ef8-be46-b4f3f40cdf21\"'),('matrixBlockTypes.80b52e80-1034-4322-a2a4-ff790554b9ae.fields.d831fe25-ce30-4ff5-95d6-61a8ce2ddbf2.settings.sources','\"*\"'),('matrixBlockTypes.80b52e80-1034-4322-a2a4-ff790554b9ae.fields.d831fe25-ce30-4ff5-95d6-61a8ce2ddbf2.settings.targetSiteId','null'),('matrixBlockTypes.80b52e80-1034-4322-a2a4-ff790554b9ae.fields.d831fe25-ce30-4ff5-95d6-61a8ce2ddbf2.settings.validateRelatedElements','false'),('matrixBlockTypes.80b52e80-1034-4322-a2a4-ff790554b9ae.fields.d831fe25-ce30-4ff5-95d6-61a8ce2ddbf2.settings.viewMode','null'),('matrixBlockTypes.80b52e80-1034-4322-a2a4-ff790554b9ae.fields.d831fe25-ce30-4ff5-95d6-61a8ce2ddbf2.translationKeyFormat','null'),('matrixBlockTypes.80b52e80-1034-4322-a2a4-ff790554b9ae.fields.d831fe25-ce30-4ff5-95d6-61a8ce2ddbf2.translationMethod','\"site\"'),('matrixBlockTypes.80b52e80-1034-4322-a2a4-ff790554b9ae.fields.d831fe25-ce30-4ff5-95d6-61a8ce2ddbf2.type','\"craft\\\\fields\\\\Categories\"'),('matrixBlockTypes.80b52e80-1034-4322-a2a4-ff790554b9ae.fields.f43f331d-31cd-4b51-8cef-2127c175d3b4.contentColumnType','\"text\"'),('matrixBlockTypes.80b52e80-1034-4322-a2a4-ff790554b9ae.fields.f43f331d-31cd-4b51-8cef-2127c175d3b4.fieldGroup','null'),('matrixBlockTypes.80b52e80-1034-4322-a2a4-ff790554b9ae.fields.f43f331d-31cd-4b51-8cef-2127c175d3b4.handle','\"caption\"'),('matrixBlockTypes.80b52e80-1034-4322-a2a4-ff790554b9ae.fields.f43f331d-31cd-4b51-8cef-2127c175d3b4.instructions','\"\"'),('matrixBlockTypes.80b52e80-1034-4322-a2a4-ff790554b9ae.fields.f43f331d-31cd-4b51-8cef-2127c175d3b4.name','\"Caption\"'),('matrixBlockTypes.80b52e80-1034-4322-a2a4-ff790554b9ae.fields.f43f331d-31cd-4b51-8cef-2127c175d3b4.searchable','false'),('matrixBlockTypes.80b52e80-1034-4322-a2a4-ff790554b9ae.fields.f43f331d-31cd-4b51-8cef-2127c175d3b4.settings.byteLimit','null'),('matrixBlockTypes.80b52e80-1034-4322-a2a4-ff790554b9ae.fields.f43f331d-31cd-4b51-8cef-2127c175d3b4.settings.charLimit','null'),('matrixBlockTypes.80b52e80-1034-4322-a2a4-ff790554b9ae.fields.f43f331d-31cd-4b51-8cef-2127c175d3b4.settings.code','\"\"'),('matrixBlockTypes.80b52e80-1034-4322-a2a4-ff790554b9ae.fields.f43f331d-31cd-4b51-8cef-2127c175d3b4.settings.columnType','null'),('matrixBlockTypes.80b52e80-1034-4322-a2a4-ff790554b9ae.fields.f43f331d-31cd-4b51-8cef-2127c175d3b4.settings.initialRows','\"4\"'),('matrixBlockTypes.80b52e80-1034-4322-a2a4-ff790554b9ae.fields.f43f331d-31cd-4b51-8cef-2127c175d3b4.settings.multiline','\"\"'),('matrixBlockTypes.80b52e80-1034-4322-a2a4-ff790554b9ae.fields.f43f331d-31cd-4b51-8cef-2127c175d3b4.settings.placeholder','null'),('matrixBlockTypes.80b52e80-1034-4322-a2a4-ff790554b9ae.fields.f43f331d-31cd-4b51-8cef-2127c175d3b4.settings.uiMode','\"normal\"'),('matrixBlockTypes.80b52e80-1034-4322-a2a4-ff790554b9ae.fields.f43f331d-31cd-4b51-8cef-2127c175d3b4.translationKeyFormat','null'),('matrixBlockTypes.80b52e80-1034-4322-a2a4-ff790554b9ae.fields.f43f331d-31cd-4b51-8cef-2127c175d3b4.translationMethod','\"none\"'),('matrixBlockTypes.80b52e80-1034-4322-a2a4-ff790554b9ae.fields.f43f331d-31cd-4b51-8cef-2127c175d3b4.type','\"craft\\\\fields\\\\PlainText\"'),('matrixBlockTypes.80b52e80-1034-4322-a2a4-ff790554b9ae.handle','\"folio\"'),('matrixBlockTypes.80b52e80-1034-4322-a2a4-ff790554b9ae.name','\"Folio\"'),('matrixBlockTypes.80b52e80-1034-4322-a2a4-ff790554b9ae.sortOrder','1'),('matrixBlockTypes.9b8542e7-df13-4299-a253-c8066e92f75f.field','\"c0197541-100f-48fd-8943-da38e9e12221\"'),('matrixBlockTypes.9b8542e7-df13-4299-a253-c8066e92f75f.fieldLayouts.f1066fbd-16e5-4673-a677-d1b68a390ec7.tabs.0.elements.0.fieldUid','\"1a97a38d-2f2e-4ae4-bb58-892785b8f2c3\"'),('matrixBlockTypes.9b8542e7-df13-4299-a253-c8066e92f75f.fieldLayouts.f1066fbd-16e5-4673-a677-d1b68a390ec7.tabs.0.elements.0.instructions','null'),('matrixBlockTypes.9b8542e7-df13-4299-a253-c8066e92f75f.fieldLayouts.f1066fbd-16e5-4673-a677-d1b68a390ec7.tabs.0.elements.0.label','null'),('matrixBlockTypes.9b8542e7-df13-4299-a253-c8066e92f75f.fieldLayouts.f1066fbd-16e5-4673-a677-d1b68a390ec7.tabs.0.elements.0.required','false'),('matrixBlockTypes.9b8542e7-df13-4299-a253-c8066e92f75f.fieldLayouts.f1066fbd-16e5-4673-a677-d1b68a390ec7.tabs.0.elements.0.tip','null'),('matrixBlockTypes.9b8542e7-df13-4299-a253-c8066e92f75f.fieldLayouts.f1066fbd-16e5-4673-a677-d1b68a390ec7.tabs.0.elements.0.type','\"craft\\\\fieldlayoutelements\\\\CustomField\"'),('matrixBlockTypes.9b8542e7-df13-4299-a253-c8066e92f75f.fieldLayouts.f1066fbd-16e5-4673-a677-d1b68a390ec7.tabs.0.elements.0.warning','null'),('matrixBlockTypes.9b8542e7-df13-4299-a253-c8066e92f75f.fieldLayouts.f1066fbd-16e5-4673-a677-d1b68a390ec7.tabs.0.elements.0.width','100'),('matrixBlockTypes.9b8542e7-df13-4299-a253-c8066e92f75f.fieldLayouts.f1066fbd-16e5-4673-a677-d1b68a390ec7.tabs.0.elements.1.fieldUid','\"3d6e0d5b-904d-4dc1-a883-aae147c21e2f\"'),('matrixBlockTypes.9b8542e7-df13-4299-a253-c8066e92f75f.fieldLayouts.f1066fbd-16e5-4673-a677-d1b68a390ec7.tabs.0.elements.1.instructions','null'),('matrixBlockTypes.9b8542e7-df13-4299-a253-c8066e92f75f.fieldLayouts.f1066fbd-16e5-4673-a677-d1b68a390ec7.tabs.0.elements.1.label','null'),('matrixBlockTypes.9b8542e7-df13-4299-a253-c8066e92f75f.fieldLayouts.f1066fbd-16e5-4673-a677-d1b68a390ec7.tabs.0.elements.1.required','false'),('matrixBlockTypes.9b8542e7-df13-4299-a253-c8066e92f75f.fieldLayouts.f1066fbd-16e5-4673-a677-d1b68a390ec7.tabs.0.elements.1.tip','null'),('matrixBlockTypes.9b8542e7-df13-4299-a253-c8066e92f75f.fieldLayouts.f1066fbd-16e5-4673-a677-d1b68a390ec7.tabs.0.elements.1.type','\"craft\\\\fieldlayoutelements\\\\CustomField\"'),('matrixBlockTypes.9b8542e7-df13-4299-a253-c8066e92f75f.fieldLayouts.f1066fbd-16e5-4673-a677-d1b68a390ec7.tabs.0.elements.1.warning','null'),('matrixBlockTypes.9b8542e7-df13-4299-a253-c8066e92f75f.fieldLayouts.f1066fbd-16e5-4673-a677-d1b68a390ec7.tabs.0.elements.1.width','100'),('matrixBlockTypes.9b8542e7-df13-4299-a253-c8066e92f75f.fieldLayouts.f1066fbd-16e5-4673-a677-d1b68a390ec7.tabs.0.name','\"Content\"'),('matrixBlockTypes.9b8542e7-df13-4299-a253-c8066e92f75f.fieldLayouts.f1066fbd-16e5-4673-a677-d1b68a390ec7.tabs.0.sortOrder','1'),('matrixBlockTypes.9b8542e7-df13-4299-a253-c8066e92f75f.fields.1a97a38d-2f2e-4ae4-bb58-892785b8f2c3.contentColumnType','\"text\"'),('matrixBlockTypes.9b8542e7-df13-4299-a253-c8066e92f75f.fields.1a97a38d-2f2e-4ae4-bb58-892785b8f2c3.fieldGroup','null'),('matrixBlockTypes.9b8542e7-df13-4299-a253-c8066e92f75f.fields.1a97a38d-2f2e-4ae4-bb58-892785b8f2c3.handle','\"caption\"'),('matrixBlockTypes.9b8542e7-df13-4299-a253-c8066e92f75f.fields.1a97a38d-2f2e-4ae4-bb58-892785b8f2c3.instructions','\"\"'),('matrixBlockTypes.9b8542e7-df13-4299-a253-c8066e92f75f.fields.1a97a38d-2f2e-4ae4-bb58-892785b8f2c3.name','\"Caption\"'),('matrixBlockTypes.9b8542e7-df13-4299-a253-c8066e92f75f.fields.1a97a38d-2f2e-4ae4-bb58-892785b8f2c3.searchable','false'),('matrixBlockTypes.9b8542e7-df13-4299-a253-c8066e92f75f.fields.1a97a38d-2f2e-4ae4-bb58-892785b8f2c3.settings.byteLimit','null'),('matrixBlockTypes.9b8542e7-df13-4299-a253-c8066e92f75f.fields.1a97a38d-2f2e-4ae4-bb58-892785b8f2c3.settings.charLimit','null'),('matrixBlockTypes.9b8542e7-df13-4299-a253-c8066e92f75f.fields.1a97a38d-2f2e-4ae4-bb58-892785b8f2c3.settings.code','\"\"'),('matrixBlockTypes.9b8542e7-df13-4299-a253-c8066e92f75f.fields.1a97a38d-2f2e-4ae4-bb58-892785b8f2c3.settings.columnType','null'),('matrixBlockTypes.9b8542e7-df13-4299-a253-c8066e92f75f.fields.1a97a38d-2f2e-4ae4-bb58-892785b8f2c3.settings.initialRows','\"4\"'),('matrixBlockTypes.9b8542e7-df13-4299-a253-c8066e92f75f.fields.1a97a38d-2f2e-4ae4-bb58-892785b8f2c3.settings.multiline','\"\"'),('matrixBlockTypes.9b8542e7-df13-4299-a253-c8066e92f75f.fields.1a97a38d-2f2e-4ae4-bb58-892785b8f2c3.settings.placeholder','null'),('matrixBlockTypes.9b8542e7-df13-4299-a253-c8066e92f75f.fields.1a97a38d-2f2e-4ae4-bb58-892785b8f2c3.settings.uiMode','\"normal\"'),('matrixBlockTypes.9b8542e7-df13-4299-a253-c8066e92f75f.fields.1a97a38d-2f2e-4ae4-bb58-892785b8f2c3.translationKeyFormat','null'),('matrixBlockTypes.9b8542e7-df13-4299-a253-c8066e92f75f.fields.1a97a38d-2f2e-4ae4-bb58-892785b8f2c3.translationMethod','\"none\"'),('matrixBlockTypes.9b8542e7-df13-4299-a253-c8066e92f75f.fields.1a97a38d-2f2e-4ae4-bb58-892785b8f2c3.type','\"craft\\\\fields\\\\PlainText\"'),('matrixBlockTypes.9b8542e7-df13-4299-a253-c8066e92f75f.fields.3d6e0d5b-904d-4dc1-a883-aae147c21e2f.contentColumnType','\"text\"'),('matrixBlockTypes.9b8542e7-df13-4299-a253-c8066e92f75f.fields.3d6e0d5b-904d-4dc1-a883-aae147c21e2f.fieldGroup','null'),('matrixBlockTypes.9b8542e7-df13-4299-a253-c8066e92f75f.fields.3d6e0d5b-904d-4dc1-a883-aae147c21e2f.handle','\"description\"'),('matrixBlockTypes.9b8542e7-df13-4299-a253-c8066e92f75f.fields.3d6e0d5b-904d-4dc1-a883-aae147c21e2f.instructions','\"\"'),('matrixBlockTypes.9b8542e7-df13-4299-a253-c8066e92f75f.fields.3d6e0d5b-904d-4dc1-a883-aae147c21e2f.name','\"Description\"'),('matrixBlockTypes.9b8542e7-df13-4299-a253-c8066e92f75f.fields.3d6e0d5b-904d-4dc1-a883-aae147c21e2f.searchable','false'),('matrixBlockTypes.9b8542e7-df13-4299-a253-c8066e92f75f.fields.3d6e0d5b-904d-4dc1-a883-aae147c21e2f.settings.availableTransforms','\"*\"'),('matrixBlockTypes.9b8542e7-df13-4299-a253-c8066e92f75f.fields.3d6e0d5b-904d-4dc1-a883-aae147c21e2f.settings.availableVolumes','\"*\"'),('matrixBlockTypes.9b8542e7-df13-4299-a253-c8066e92f75f.fields.3d6e0d5b-904d-4dc1-a883-aae147c21e2f.settings.cleanupHtml','true'),('matrixBlockTypes.9b8542e7-df13-4299-a253-c8066e92f75f.fields.3d6e0d5b-904d-4dc1-a883-aae147c21e2f.settings.columnType','\"text\"'),('matrixBlockTypes.9b8542e7-df13-4299-a253-c8066e92f75f.fields.3d6e0d5b-904d-4dc1-a883-aae147c21e2f.settings.configSelectionMode','\"choose\"'),('matrixBlockTypes.9b8542e7-df13-4299-a253-c8066e92f75f.fields.3d6e0d5b-904d-4dc1-a883-aae147c21e2f.settings.defaultTransform','\"\"'),('matrixBlockTypes.9b8542e7-df13-4299-a253-c8066e92f75f.fields.3d6e0d5b-904d-4dc1-a883-aae147c21e2f.settings.manualConfig','\"\"'),('matrixBlockTypes.9b8542e7-df13-4299-a253-c8066e92f75f.fields.3d6e0d5b-904d-4dc1-a883-aae147c21e2f.settings.purifierConfig','\"\"'),('matrixBlockTypes.9b8542e7-df13-4299-a253-c8066e92f75f.fields.3d6e0d5b-904d-4dc1-a883-aae147c21e2f.settings.purifyHtml','\"1\"'),('matrixBlockTypes.9b8542e7-df13-4299-a253-c8066e92f75f.fields.3d6e0d5b-904d-4dc1-a883-aae147c21e2f.settings.redactorConfig','\"\"'),('matrixBlockTypes.9b8542e7-df13-4299-a253-c8066e92f75f.fields.3d6e0d5b-904d-4dc1-a883-aae147c21e2f.settings.removeEmptyTags','\"1\"'),('matrixBlockTypes.9b8542e7-df13-4299-a253-c8066e92f75f.fields.3d6e0d5b-904d-4dc1-a883-aae147c21e2f.settings.removeInlineStyles','\"1\"'),('matrixBlockTypes.9b8542e7-df13-4299-a253-c8066e92f75f.fields.3d6e0d5b-904d-4dc1-a883-aae147c21e2f.settings.removeNbsp','\"1\"'),('matrixBlockTypes.9b8542e7-df13-4299-a253-c8066e92f75f.fields.3d6e0d5b-904d-4dc1-a883-aae147c21e2f.settings.showHtmlButtonForNonAdmins','\"\"'),('matrixBlockTypes.9b8542e7-df13-4299-a253-c8066e92f75f.fields.3d6e0d5b-904d-4dc1-a883-aae147c21e2f.settings.showUnpermittedFiles','false'),('matrixBlockTypes.9b8542e7-df13-4299-a253-c8066e92f75f.fields.3d6e0d5b-904d-4dc1-a883-aae147c21e2f.settings.showUnpermittedVolumes','false'),('matrixBlockTypes.9b8542e7-df13-4299-a253-c8066e92f75f.fields.3d6e0d5b-904d-4dc1-a883-aae147c21e2f.settings.uiMode','\"enlarged\"'),('matrixBlockTypes.9b8542e7-df13-4299-a253-c8066e92f75f.fields.3d6e0d5b-904d-4dc1-a883-aae147c21e2f.translationKeyFormat','null'),('matrixBlockTypes.9b8542e7-df13-4299-a253-c8066e92f75f.fields.3d6e0d5b-904d-4dc1-a883-aae147c21e2f.translationMethod','\"none\"'),('matrixBlockTypes.9b8542e7-df13-4299-a253-c8066e92f75f.fields.3d6e0d5b-904d-4dc1-a883-aae147c21e2f.type','\"craft\\\\redactor\\\\Field\"'),('matrixBlockTypes.9b8542e7-df13-4299-a253-c8066e92f75f.handle','\"step\"'),('matrixBlockTypes.9b8542e7-df13-4299-a253-c8066e92f75f.name','\"Step\"'),('matrixBlockTypes.9b8542e7-df13-4299-a253-c8066e92f75f.sortOrder','1'),('matrixBlockTypes.9f18f3bf-74c6-4089-ba9e-7dfef6ddf8d6.field','\"fcf95640-20ba-4747-bb97-d0a18d54944e\"'),('matrixBlockTypes.9f18f3bf-74c6-4089-ba9e-7dfef6ddf8d6.fieldLayouts.bf1092f5-fc4e-4251-a9fe-c89d5afcd836.tabs.0.elements.0.fieldUid','\"47b82e32-50b6-46fe-83d2-4853d71a1975\"'),('matrixBlockTypes.9f18f3bf-74c6-4089-ba9e-7dfef6ddf8d6.fieldLayouts.bf1092f5-fc4e-4251-a9fe-c89d5afcd836.tabs.0.elements.0.instructions','null'),('matrixBlockTypes.9f18f3bf-74c6-4089-ba9e-7dfef6ddf8d6.fieldLayouts.bf1092f5-fc4e-4251-a9fe-c89d5afcd836.tabs.0.elements.0.label','null'),('matrixBlockTypes.9f18f3bf-74c6-4089-ba9e-7dfef6ddf8d6.fieldLayouts.bf1092f5-fc4e-4251-a9fe-c89d5afcd836.tabs.0.elements.0.required','false'),('matrixBlockTypes.9f18f3bf-74c6-4089-ba9e-7dfef6ddf8d6.fieldLayouts.bf1092f5-fc4e-4251-a9fe-c89d5afcd836.tabs.0.elements.0.tip','null'),('matrixBlockTypes.9f18f3bf-74c6-4089-ba9e-7dfef6ddf8d6.fieldLayouts.bf1092f5-fc4e-4251-a9fe-c89d5afcd836.tabs.0.elements.0.type','\"craft\\\\fieldlayoutelements\\\\CustomField\"'),('matrixBlockTypes.9f18f3bf-74c6-4089-ba9e-7dfef6ddf8d6.fieldLayouts.bf1092f5-fc4e-4251-a9fe-c89d5afcd836.tabs.0.elements.0.warning','null'),('matrixBlockTypes.9f18f3bf-74c6-4089-ba9e-7dfef6ddf8d6.fieldLayouts.bf1092f5-fc4e-4251-a9fe-c89d5afcd836.tabs.0.elements.0.width','100'),('matrixBlockTypes.9f18f3bf-74c6-4089-ba9e-7dfef6ddf8d6.fieldLayouts.bf1092f5-fc4e-4251-a9fe-c89d5afcd836.tabs.0.elements.1.fieldUid','\"b98c8d5a-c740-42b8-9a7d-4135fd7350a4\"'),('matrixBlockTypes.9f18f3bf-74c6-4089-ba9e-7dfef6ddf8d6.fieldLayouts.bf1092f5-fc4e-4251-a9fe-c89d5afcd836.tabs.0.elements.1.instructions','null'),('matrixBlockTypes.9f18f3bf-74c6-4089-ba9e-7dfef6ddf8d6.fieldLayouts.bf1092f5-fc4e-4251-a9fe-c89d5afcd836.tabs.0.elements.1.label','null'),('matrixBlockTypes.9f18f3bf-74c6-4089-ba9e-7dfef6ddf8d6.fieldLayouts.bf1092f5-fc4e-4251-a9fe-c89d5afcd836.tabs.0.elements.1.required','false'),('matrixBlockTypes.9f18f3bf-74c6-4089-ba9e-7dfef6ddf8d6.fieldLayouts.bf1092f5-fc4e-4251-a9fe-c89d5afcd836.tabs.0.elements.1.tip','null'),('matrixBlockTypes.9f18f3bf-74c6-4089-ba9e-7dfef6ddf8d6.fieldLayouts.bf1092f5-fc4e-4251-a9fe-c89d5afcd836.tabs.0.elements.1.type','\"craft\\\\fieldlayoutelements\\\\CustomField\"'),('matrixBlockTypes.9f18f3bf-74c6-4089-ba9e-7dfef6ddf8d6.fieldLayouts.bf1092f5-fc4e-4251-a9fe-c89d5afcd836.tabs.0.elements.1.warning','null'),('matrixBlockTypes.9f18f3bf-74c6-4089-ba9e-7dfef6ddf8d6.fieldLayouts.bf1092f5-fc4e-4251-a9fe-c89d5afcd836.tabs.0.elements.1.width','100'),('matrixBlockTypes.9f18f3bf-74c6-4089-ba9e-7dfef6ddf8d6.fieldLayouts.bf1092f5-fc4e-4251-a9fe-c89d5afcd836.tabs.0.elements.2.fieldUid','\"167dfa2b-0e22-4cc0-806b-304e9304ebf7\"'),('matrixBlockTypes.9f18f3bf-74c6-4089-ba9e-7dfef6ddf8d6.fieldLayouts.bf1092f5-fc4e-4251-a9fe-c89d5afcd836.tabs.0.elements.2.instructions','null'),('matrixBlockTypes.9f18f3bf-74c6-4089-ba9e-7dfef6ddf8d6.fieldLayouts.bf1092f5-fc4e-4251-a9fe-c89d5afcd836.tabs.0.elements.2.label','null'),('matrixBlockTypes.9f18f3bf-74c6-4089-ba9e-7dfef6ddf8d6.fieldLayouts.bf1092f5-fc4e-4251-a9fe-c89d5afcd836.tabs.0.elements.2.required','false'),('matrixBlockTypes.9f18f3bf-74c6-4089-ba9e-7dfef6ddf8d6.fieldLayouts.bf1092f5-fc4e-4251-a9fe-c89d5afcd836.tabs.0.elements.2.tip','null'),('matrixBlockTypes.9f18f3bf-74c6-4089-ba9e-7dfef6ddf8d6.fieldLayouts.bf1092f5-fc4e-4251-a9fe-c89d5afcd836.tabs.0.elements.2.type','\"craft\\\\fieldlayoutelements\\\\CustomField\"'),('matrixBlockTypes.9f18f3bf-74c6-4089-ba9e-7dfef6ddf8d6.fieldLayouts.bf1092f5-fc4e-4251-a9fe-c89d5afcd836.tabs.0.elements.2.warning','null'),('matrixBlockTypes.9f18f3bf-74c6-4089-ba9e-7dfef6ddf8d6.fieldLayouts.bf1092f5-fc4e-4251-a9fe-c89d5afcd836.tabs.0.elements.2.width','100'),('matrixBlockTypes.9f18f3bf-74c6-4089-ba9e-7dfef6ddf8d6.fieldLayouts.bf1092f5-fc4e-4251-a9fe-c89d5afcd836.tabs.0.name','\"Content\"'),('matrixBlockTypes.9f18f3bf-74c6-4089-ba9e-7dfef6ddf8d6.fieldLayouts.bf1092f5-fc4e-4251-a9fe-c89d5afcd836.tabs.0.sortOrder','1'),('matrixBlockTypes.9f18f3bf-74c6-4089-ba9e-7dfef6ddf8d6.fields.167dfa2b-0e22-4cc0-806b-304e9304ebf7.contentColumnType','\"string\"'),('matrixBlockTypes.9f18f3bf-74c6-4089-ba9e-7dfef6ddf8d6.fields.167dfa2b-0e22-4cc0-806b-304e9304ebf7.fieldGroup','null'),('matrixBlockTypes.9f18f3bf-74c6-4089-ba9e-7dfef6ddf8d6.fields.167dfa2b-0e22-4cc0-806b-304e9304ebf7.handle','\"logotype\"'),('matrixBlockTypes.9f18f3bf-74c6-4089-ba9e-7dfef6ddf8d6.fields.167dfa2b-0e22-4cc0-806b-304e9304ebf7.instructions','\"\"'),('matrixBlockTypes.9f18f3bf-74c6-4089-ba9e-7dfef6ddf8d6.fields.167dfa2b-0e22-4cc0-806b-304e9304ebf7.name','\"Logotype\"'),('matrixBlockTypes.9f18f3bf-74c6-4089-ba9e-7dfef6ddf8d6.fields.167dfa2b-0e22-4cc0-806b-304e9304ebf7.searchable','false'),('matrixBlockTypes.9f18f3bf-74c6-4089-ba9e-7dfef6ddf8d6.fields.167dfa2b-0e22-4cc0-806b-304e9304ebf7.settings.allowedKinds.0','\"image\"'),('matrixBlockTypes.9f18f3bf-74c6-4089-ba9e-7dfef6ddf8d6.fields.167dfa2b-0e22-4cc0-806b-304e9304ebf7.settings.allowedKinds.1','\"svg\"'),('matrixBlockTypes.9f18f3bf-74c6-4089-ba9e-7dfef6ddf8d6.fields.167dfa2b-0e22-4cc0-806b-304e9304ebf7.settings.allowSelfRelations','false'),('matrixBlockTypes.9f18f3bf-74c6-4089-ba9e-7dfef6ddf8d6.fields.167dfa2b-0e22-4cc0-806b-304e9304ebf7.settings.allowUploads','true'),('matrixBlockTypes.9f18f3bf-74c6-4089-ba9e-7dfef6ddf8d6.fields.167dfa2b-0e22-4cc0-806b-304e9304ebf7.settings.defaultUploadLocationSource','\"volume:069a4290-90de-4c48-a433-ece8bdcee7cd\"'),('matrixBlockTypes.9f18f3bf-74c6-4089-ba9e-7dfef6ddf8d6.fields.167dfa2b-0e22-4cc0-806b-304e9304ebf7.settings.defaultUploadLocationSubpath','\"\"'),('matrixBlockTypes.9f18f3bf-74c6-4089-ba9e-7dfef6ddf8d6.fields.167dfa2b-0e22-4cc0-806b-304e9304ebf7.settings.limit','\"1\"'),('matrixBlockTypes.9f18f3bf-74c6-4089-ba9e-7dfef6ddf8d6.fields.167dfa2b-0e22-4cc0-806b-304e9304ebf7.settings.localizeRelations','false'),('matrixBlockTypes.9f18f3bf-74c6-4089-ba9e-7dfef6ddf8d6.fields.167dfa2b-0e22-4cc0-806b-304e9304ebf7.settings.previewMode','\"full\"'),('matrixBlockTypes.9f18f3bf-74c6-4089-ba9e-7dfef6ddf8d6.fields.167dfa2b-0e22-4cc0-806b-304e9304ebf7.settings.restrictFiles','\"1\"'),('matrixBlockTypes.9f18f3bf-74c6-4089-ba9e-7dfef6ddf8d6.fields.167dfa2b-0e22-4cc0-806b-304e9304ebf7.settings.selectionLabel','\"\"'),('matrixBlockTypes.9f18f3bf-74c6-4089-ba9e-7dfef6ddf8d6.fields.167dfa2b-0e22-4cc0-806b-304e9304ebf7.settings.showSiteMenu','true'),('matrixBlockTypes.9f18f3bf-74c6-4089-ba9e-7dfef6ddf8d6.fields.167dfa2b-0e22-4cc0-806b-304e9304ebf7.settings.showUnpermittedFiles','false'),('matrixBlockTypes.9f18f3bf-74c6-4089-ba9e-7dfef6ddf8d6.fields.167dfa2b-0e22-4cc0-806b-304e9304ebf7.settings.showUnpermittedVolumes','false'),('matrixBlockTypes.9f18f3bf-74c6-4089-ba9e-7dfef6ddf8d6.fields.167dfa2b-0e22-4cc0-806b-304e9304ebf7.settings.singleUploadLocationSource','\"volume:4d5610a8-c2cd-489b-9b3c-98dc59f9888e\"'),('matrixBlockTypes.9f18f3bf-74c6-4089-ba9e-7dfef6ddf8d6.fields.167dfa2b-0e22-4cc0-806b-304e9304ebf7.settings.singleUploadLocationSubpath','\"\"'),('matrixBlockTypes.9f18f3bf-74c6-4089-ba9e-7dfef6ddf8d6.fields.167dfa2b-0e22-4cc0-806b-304e9304ebf7.settings.source','null'),('matrixBlockTypes.9f18f3bf-74c6-4089-ba9e-7dfef6ddf8d6.fields.167dfa2b-0e22-4cc0-806b-304e9304ebf7.settings.sources','\"*\"'),('matrixBlockTypes.9f18f3bf-74c6-4089-ba9e-7dfef6ddf8d6.fields.167dfa2b-0e22-4cc0-806b-304e9304ebf7.settings.targetSiteId','null'),('matrixBlockTypes.9f18f3bf-74c6-4089-ba9e-7dfef6ddf8d6.fields.167dfa2b-0e22-4cc0-806b-304e9304ebf7.settings.useSingleFolder','false'),('matrixBlockTypes.9f18f3bf-74c6-4089-ba9e-7dfef6ddf8d6.fields.167dfa2b-0e22-4cc0-806b-304e9304ebf7.settings.validateRelatedElements','false'),('matrixBlockTypes.9f18f3bf-74c6-4089-ba9e-7dfef6ddf8d6.fields.167dfa2b-0e22-4cc0-806b-304e9304ebf7.settings.viewMode','\"large\"'),('matrixBlockTypes.9f18f3bf-74c6-4089-ba9e-7dfef6ddf8d6.fields.167dfa2b-0e22-4cc0-806b-304e9304ebf7.translationKeyFormat','null'),('matrixBlockTypes.9f18f3bf-74c6-4089-ba9e-7dfef6ddf8d6.fields.167dfa2b-0e22-4cc0-806b-304e9304ebf7.translationMethod','\"site\"'),('matrixBlockTypes.9f18f3bf-74c6-4089-ba9e-7dfef6ddf8d6.fields.167dfa2b-0e22-4cc0-806b-304e9304ebf7.type','\"craft\\\\fields\\\\Assets\"'),('matrixBlockTypes.9f18f3bf-74c6-4089-ba9e-7dfef6ddf8d6.fields.47b82e32-50b6-46fe-83d2-4853d71a1975.contentColumnType','\"text\"'),('matrixBlockTypes.9f18f3bf-74c6-4089-ba9e-7dfef6ddf8d6.fields.47b82e32-50b6-46fe-83d2-4853d71a1975.fieldGroup','null'),('matrixBlockTypes.9f18f3bf-74c6-4089-ba9e-7dfef6ddf8d6.fields.47b82e32-50b6-46fe-83d2-4853d71a1975.handle','\"caption\"'),('matrixBlockTypes.9f18f3bf-74c6-4089-ba9e-7dfef6ddf8d6.fields.47b82e32-50b6-46fe-83d2-4853d71a1975.instructions','\"\"'),('matrixBlockTypes.9f18f3bf-74c6-4089-ba9e-7dfef6ddf8d6.fields.47b82e32-50b6-46fe-83d2-4853d71a1975.name','\"Caption\"'),('matrixBlockTypes.9f18f3bf-74c6-4089-ba9e-7dfef6ddf8d6.fields.47b82e32-50b6-46fe-83d2-4853d71a1975.searchable','false'),('matrixBlockTypes.9f18f3bf-74c6-4089-ba9e-7dfef6ddf8d6.fields.47b82e32-50b6-46fe-83d2-4853d71a1975.settings.byteLimit','null'),('matrixBlockTypes.9f18f3bf-74c6-4089-ba9e-7dfef6ddf8d6.fields.47b82e32-50b6-46fe-83d2-4853d71a1975.settings.charLimit','null'),('matrixBlockTypes.9f18f3bf-74c6-4089-ba9e-7dfef6ddf8d6.fields.47b82e32-50b6-46fe-83d2-4853d71a1975.settings.code','\"\"'),('matrixBlockTypes.9f18f3bf-74c6-4089-ba9e-7dfef6ddf8d6.fields.47b82e32-50b6-46fe-83d2-4853d71a1975.settings.columnType','null'),('matrixBlockTypes.9f18f3bf-74c6-4089-ba9e-7dfef6ddf8d6.fields.47b82e32-50b6-46fe-83d2-4853d71a1975.settings.initialRows','\"4\"'),('matrixBlockTypes.9f18f3bf-74c6-4089-ba9e-7dfef6ddf8d6.fields.47b82e32-50b6-46fe-83d2-4853d71a1975.settings.multiline','\"\"'),('matrixBlockTypes.9f18f3bf-74c6-4089-ba9e-7dfef6ddf8d6.fields.47b82e32-50b6-46fe-83d2-4853d71a1975.settings.placeholder','null'),('matrixBlockTypes.9f18f3bf-74c6-4089-ba9e-7dfef6ddf8d6.fields.47b82e32-50b6-46fe-83d2-4853d71a1975.settings.uiMode','\"normal\"'),('matrixBlockTypes.9f18f3bf-74c6-4089-ba9e-7dfef6ddf8d6.fields.47b82e32-50b6-46fe-83d2-4853d71a1975.translationKeyFormat','null'),('matrixBlockTypes.9f18f3bf-74c6-4089-ba9e-7dfef6ddf8d6.fields.47b82e32-50b6-46fe-83d2-4853d71a1975.translationMethod','\"none\"'),('matrixBlockTypes.9f18f3bf-74c6-4089-ba9e-7dfef6ddf8d6.fields.47b82e32-50b6-46fe-83d2-4853d71a1975.type','\"craft\\\\fields\\\\PlainText\"'),('matrixBlockTypes.9f18f3bf-74c6-4089-ba9e-7dfef6ddf8d6.fields.b98c8d5a-c740-42b8-9a7d-4135fd7350a4.contentColumnType','\"string(255)\"'),('matrixBlockTypes.9f18f3bf-74c6-4089-ba9e-7dfef6ddf8d6.fields.b98c8d5a-c740-42b8-9a7d-4135fd7350a4.fieldGroup','null'),('matrixBlockTypes.9f18f3bf-74c6-4089-ba9e-7dfef6ddf8d6.fields.b98c8d5a-c740-42b8-9a7d-4135fd7350a4.handle','\"hyperlink\"'),('matrixBlockTypes.9f18f3bf-74c6-4089-ba9e-7dfef6ddf8d6.fields.b98c8d5a-c740-42b8-9a7d-4135fd7350a4.instructions','\"\"'),('matrixBlockTypes.9f18f3bf-74c6-4089-ba9e-7dfef6ddf8d6.fields.b98c8d5a-c740-42b8-9a7d-4135fd7350a4.name','\"Hyperlink\"'),('matrixBlockTypes.9f18f3bf-74c6-4089-ba9e-7dfef6ddf8d6.fields.b98c8d5a-c740-42b8-9a7d-4135fd7350a4.searchable','false'),('matrixBlockTypes.9f18f3bf-74c6-4089-ba9e-7dfef6ddf8d6.fields.b98c8d5a-c740-42b8-9a7d-4135fd7350a4.settings.maxLength','\"255\"'),('matrixBlockTypes.9f18f3bf-74c6-4089-ba9e-7dfef6ddf8d6.fields.b98c8d5a-c740-42b8-9a7d-4135fd7350a4.settings.placeholder','null'),('matrixBlockTypes.9f18f3bf-74c6-4089-ba9e-7dfef6ddf8d6.fields.b98c8d5a-c740-42b8-9a7d-4135fd7350a4.settings.types.0','\"url\"'),('matrixBlockTypes.9f18f3bf-74c6-4089-ba9e-7dfef6ddf8d6.fields.b98c8d5a-c740-42b8-9a7d-4135fd7350a4.translationKeyFormat','null'),('matrixBlockTypes.9f18f3bf-74c6-4089-ba9e-7dfef6ddf8d6.fields.b98c8d5a-c740-42b8-9a7d-4135fd7350a4.translationMethod','\"none\"'),('matrixBlockTypes.9f18f3bf-74c6-4089-ba9e-7dfef6ddf8d6.fields.b98c8d5a-c740-42b8-9a7d-4135fd7350a4.type','\"craft\\\\fields\\\\Url\"'),('matrixBlockTypes.9f18f3bf-74c6-4089-ba9e-7dfef6ddf8d6.handle','\"company\"'),('matrixBlockTypes.9f18f3bf-74c6-4089-ba9e-7dfef6ddf8d6.name','\"Company\"'),('matrixBlockTypes.9f18f3bf-74c6-4089-ba9e-7dfef6ddf8d6.sortOrder','1'),('matrixBlockTypes.a71a9419-4610-43db-b48b-751cc96b2088.field','\"7147aec6-4c49-4d7c-be79-3e9e57b5991f\"'),('matrixBlockTypes.a71a9419-4610-43db-b48b-751cc96b2088.fieldLayouts.e15266e1-6498-405d-863d-7b38b9a9f002.tabs.0.elements.0.fieldUid','\"320b16b1-359a-4ce8-9f21-859e91a01a3f\"'),('matrixBlockTypes.a71a9419-4610-43db-b48b-751cc96b2088.fieldLayouts.e15266e1-6498-405d-863d-7b38b9a9f002.tabs.0.elements.0.instructions','null'),('matrixBlockTypes.a71a9419-4610-43db-b48b-751cc96b2088.fieldLayouts.e15266e1-6498-405d-863d-7b38b9a9f002.tabs.0.elements.0.label','null'),('matrixBlockTypes.a71a9419-4610-43db-b48b-751cc96b2088.fieldLayouts.e15266e1-6498-405d-863d-7b38b9a9f002.tabs.0.elements.0.required','false'),('matrixBlockTypes.a71a9419-4610-43db-b48b-751cc96b2088.fieldLayouts.e15266e1-6498-405d-863d-7b38b9a9f002.tabs.0.elements.0.tip','null'),('matrixBlockTypes.a71a9419-4610-43db-b48b-751cc96b2088.fieldLayouts.e15266e1-6498-405d-863d-7b38b9a9f002.tabs.0.elements.0.type','\"craft\\\\fieldlayoutelements\\\\CustomField\"'),('matrixBlockTypes.a71a9419-4610-43db-b48b-751cc96b2088.fieldLayouts.e15266e1-6498-405d-863d-7b38b9a9f002.tabs.0.elements.0.warning','null'),('matrixBlockTypes.a71a9419-4610-43db-b48b-751cc96b2088.fieldLayouts.e15266e1-6498-405d-863d-7b38b9a9f002.tabs.0.elements.0.width','100'),('matrixBlockTypes.a71a9419-4610-43db-b48b-751cc96b2088.fieldLayouts.e15266e1-6498-405d-863d-7b38b9a9f002.tabs.0.name','\"Content\"'),('matrixBlockTypes.a71a9419-4610-43db-b48b-751cc96b2088.fieldLayouts.e15266e1-6498-405d-863d-7b38b9a9f002.tabs.0.sortOrder','1'),('matrixBlockTypes.a71a9419-4610-43db-b48b-751cc96b2088.fields.320b16b1-359a-4ce8-9f21-859e91a01a3f.contentColumnType','\"text\"'),('matrixBlockTypes.a71a9419-4610-43db-b48b-751cc96b2088.fields.320b16b1-359a-4ce8-9f21-859e91a01a3f.fieldGroup','null'),('matrixBlockTypes.a71a9419-4610-43db-b48b-751cc96b2088.fields.320b16b1-359a-4ce8-9f21-859e91a01a3f.handle','\"caption\"'),('matrixBlockTypes.a71a9419-4610-43db-b48b-751cc96b2088.fields.320b16b1-359a-4ce8-9f21-859e91a01a3f.instructions','\"\"'),('matrixBlockTypes.a71a9419-4610-43db-b48b-751cc96b2088.fields.320b16b1-359a-4ce8-9f21-859e91a01a3f.name','\"Caption\"'),('matrixBlockTypes.a71a9419-4610-43db-b48b-751cc96b2088.fields.320b16b1-359a-4ce8-9f21-859e91a01a3f.searchable','false'),('matrixBlockTypes.a71a9419-4610-43db-b48b-751cc96b2088.fields.320b16b1-359a-4ce8-9f21-859e91a01a3f.settings.byteLimit','null'),('matrixBlockTypes.a71a9419-4610-43db-b48b-751cc96b2088.fields.320b16b1-359a-4ce8-9f21-859e91a01a3f.settings.charLimit','null'),('matrixBlockTypes.a71a9419-4610-43db-b48b-751cc96b2088.fields.320b16b1-359a-4ce8-9f21-859e91a01a3f.settings.code','\"\"'),('matrixBlockTypes.a71a9419-4610-43db-b48b-751cc96b2088.fields.320b16b1-359a-4ce8-9f21-859e91a01a3f.settings.columnType','null'),('matrixBlockTypes.a71a9419-4610-43db-b48b-751cc96b2088.fields.320b16b1-359a-4ce8-9f21-859e91a01a3f.settings.initialRows','\"4\"'),('matrixBlockTypes.a71a9419-4610-43db-b48b-751cc96b2088.fields.320b16b1-359a-4ce8-9f21-859e91a01a3f.settings.multiline','\"\"'),('matrixBlockTypes.a71a9419-4610-43db-b48b-751cc96b2088.fields.320b16b1-359a-4ce8-9f21-859e91a01a3f.settings.placeholder','null'),('matrixBlockTypes.a71a9419-4610-43db-b48b-751cc96b2088.fields.320b16b1-359a-4ce8-9f21-859e91a01a3f.settings.uiMode','\"normal\"'),('matrixBlockTypes.a71a9419-4610-43db-b48b-751cc96b2088.fields.320b16b1-359a-4ce8-9f21-859e91a01a3f.translationKeyFormat','null'),('matrixBlockTypes.a71a9419-4610-43db-b48b-751cc96b2088.fields.320b16b1-359a-4ce8-9f21-859e91a01a3f.translationMethod','\"none\"'),('matrixBlockTypes.a71a9419-4610-43db-b48b-751cc96b2088.fields.320b16b1-359a-4ce8-9f21-859e91a01a3f.type','\"craft\\\\fields\\\\PlainText\"'),('matrixBlockTypes.a71a9419-4610-43db-b48b-751cc96b2088.handle','\"header\"'),('matrixBlockTypes.a71a9419-4610-43db-b48b-751cc96b2088.name','\"Header\"'),('matrixBlockTypes.a71a9419-4610-43db-b48b-751cc96b2088.sortOrder','1'),('plugins.redactor.edition','\"standard\"'),('plugins.redactor.enabled','true'),('plugins.redactor.schemaVersion','\"2.3.0\"'),('sections.1b4ef467-1426-452e-b6a2-ace8af90dca9.enableVersioning','true'),('sections.1b4ef467-1426-452e-b6a2-ace8af90dca9.handle','\"sectors\"'),('sections.1b4ef467-1426-452e-b6a2-ace8af90dca9.name','\"Sectors\"'),('sections.1b4ef467-1426-452e-b6a2-ace8af90dca9.propagationMethod','\"all\"'),('sections.1b4ef467-1426-452e-b6a2-ace8af90dca9.siteSettings.1e00f3c3-88a4-4c2e-bee0-6f7d5cb70a10.enabledByDefault','true'),('sections.1b4ef467-1426-452e-b6a2-ace8af90dca9.siteSettings.1e00f3c3-88a4-4c2e-bee0-6f7d5cb70a10.hasUrls','true'),('sections.1b4ef467-1426-452e-b6a2-ace8af90dca9.siteSettings.1e00f3c3-88a4-4c2e-bee0-6f7d5cb70a10.template','\"sector/_entry\"'),('sections.1b4ef467-1426-452e-b6a2-ace8af90dca9.siteSettings.1e00f3c3-88a4-4c2e-bee0-6f7d5cb70a10.uriFormat','\"sector/{slug}\"'),('sections.1b4ef467-1426-452e-b6a2-ace8af90dca9.type','\"channel\"'),('sections.5e14f7da-7fab-4337-9b3a-2dbb70ffd892.enableVersioning','true'),('sections.5e14f7da-7fab-4337-9b3a-2dbb70ffd892.handle','\"homePage\"'),('sections.5e14f7da-7fab-4337-9b3a-2dbb70ffd892.name','\"Home Page\"'),('sections.5e14f7da-7fab-4337-9b3a-2dbb70ffd892.propagationMethod','\"all\"'),('sections.5e14f7da-7fab-4337-9b3a-2dbb70ffd892.siteSettings.1e00f3c3-88a4-4c2e-bee0-6f7d5cb70a10.enabledByDefault','true'),('sections.5e14f7da-7fab-4337-9b3a-2dbb70ffd892.siteSettings.1e00f3c3-88a4-4c2e-bee0-6f7d5cb70a10.hasUrls','true'),('sections.5e14f7da-7fab-4337-9b3a-2dbb70ffd892.siteSettings.1e00f3c3-88a4-4c2e-bee0-6f7d5cb70a10.template','null'),('sections.5e14f7da-7fab-4337-9b3a-2dbb70ffd892.siteSettings.1e00f3c3-88a4-4c2e-bee0-6f7d5cb70a10.uriFormat','\"__home__\"'),('sections.5e14f7da-7fab-4337-9b3a-2dbb70ffd892.type','\"single\"'),('siteGroups.278f32dc-b1d1-4efd-8374-ee4cf793fd6c.name','\"Flare\"'),('sites.1e00f3c3-88a4-4c2e-bee0-6f7d5cb70a10.baseUrl','\"$PRIMARY_SITE_URL\"'),('sites.1e00f3c3-88a4-4c2e-bee0-6f7d5cb70a10.handle','\"default\"'),('sites.1e00f3c3-88a4-4c2e-bee0-6f7d5cb70a10.hasUrls','true'),('sites.1e00f3c3-88a4-4c2e-bee0-6f7d5cb70a10.language','\"en-US\"'),('sites.1e00f3c3-88a4-4c2e-bee0-6f7d5cb70a10.name','\"Flare\"'),('sites.1e00f3c3-88a4-4c2e-bee0-6f7d5cb70a10.primary','true'),('sites.1e00f3c3-88a4-4c2e-bee0-6f7d5cb70a10.siteGroup','\"278f32dc-b1d1-4efd-8374-ee4cf793fd6c\"'),('sites.1e00f3c3-88a4-4c2e-bee0-6f7d5cb70a10.sortOrder','1'),('system.edition','\"solo\"'),('system.live','true'),('system.name','\"Flare\"'),('system.schemaVersion','\"3.6.8\"'),('system.timeZone','\"America/Los_Angeles\"'),('tagGroups.73f18fd1-c9ab-4de2-922a-76b51c6ffd60.handle','\"label\"'),('tagGroups.73f18fd1-c9ab-4de2-922a-76b51c6ffd60.name','\"Label\"'),('users.allowPublicRegistration','false'),('users.defaultGroup','null'),('users.photoSubpath','null'),('users.photoVolumeUid','null'),('users.requireEmailVerification','true'),('volumes.069a4290-90de-4c48-a433-ece8bdcee7cd.fieldLayouts.f471e1d4-6c1a-4509-b856-17aa1718d775.tabs.0.elements.0.autocapitalize','true'),('volumes.069a4290-90de-4c48-a433-ece8bdcee7cd.fieldLayouts.f471e1d4-6c1a-4509-b856-17aa1718d775.tabs.0.elements.0.autocomplete','false'),('volumes.069a4290-90de-4c48-a433-ece8bdcee7cd.fieldLayouts.f471e1d4-6c1a-4509-b856-17aa1718d775.tabs.0.elements.0.autocorrect','true'),('volumes.069a4290-90de-4c48-a433-ece8bdcee7cd.fieldLayouts.f471e1d4-6c1a-4509-b856-17aa1718d775.tabs.0.elements.0.class','null'),('volumes.069a4290-90de-4c48-a433-ece8bdcee7cd.fieldLayouts.f471e1d4-6c1a-4509-b856-17aa1718d775.tabs.0.elements.0.disabled','false'),('volumes.069a4290-90de-4c48-a433-ece8bdcee7cd.fieldLayouts.f471e1d4-6c1a-4509-b856-17aa1718d775.tabs.0.elements.0.id','null'),('volumes.069a4290-90de-4c48-a433-ece8bdcee7cd.fieldLayouts.f471e1d4-6c1a-4509-b856-17aa1718d775.tabs.0.elements.0.instructions','null'),('volumes.069a4290-90de-4c48-a433-ece8bdcee7cd.fieldLayouts.f471e1d4-6c1a-4509-b856-17aa1718d775.tabs.0.elements.0.label','null'),('volumes.069a4290-90de-4c48-a433-ece8bdcee7cd.fieldLayouts.f471e1d4-6c1a-4509-b856-17aa1718d775.tabs.0.elements.0.max','null'),('volumes.069a4290-90de-4c48-a433-ece8bdcee7cd.fieldLayouts.f471e1d4-6c1a-4509-b856-17aa1718d775.tabs.0.elements.0.min','null'),('volumes.069a4290-90de-4c48-a433-ece8bdcee7cd.fieldLayouts.f471e1d4-6c1a-4509-b856-17aa1718d775.tabs.0.elements.0.name','null'),('volumes.069a4290-90de-4c48-a433-ece8bdcee7cd.fieldLayouts.f471e1d4-6c1a-4509-b856-17aa1718d775.tabs.0.elements.0.orientation','null'),('volumes.069a4290-90de-4c48-a433-ece8bdcee7cd.fieldLayouts.f471e1d4-6c1a-4509-b856-17aa1718d775.tabs.0.elements.0.placeholder','null'),('volumes.069a4290-90de-4c48-a433-ece8bdcee7cd.fieldLayouts.f471e1d4-6c1a-4509-b856-17aa1718d775.tabs.0.elements.0.readonly','false'),('volumes.069a4290-90de-4c48-a433-ece8bdcee7cd.fieldLayouts.f471e1d4-6c1a-4509-b856-17aa1718d775.tabs.0.elements.0.requirable','false'),('volumes.069a4290-90de-4c48-a433-ece8bdcee7cd.fieldLayouts.f471e1d4-6c1a-4509-b856-17aa1718d775.tabs.0.elements.0.size','null'),('volumes.069a4290-90de-4c48-a433-ece8bdcee7cd.fieldLayouts.f471e1d4-6c1a-4509-b856-17aa1718d775.tabs.0.elements.0.step','null'),('volumes.069a4290-90de-4c48-a433-ece8bdcee7cd.fieldLayouts.f471e1d4-6c1a-4509-b856-17aa1718d775.tabs.0.elements.0.tip','null'),('volumes.069a4290-90de-4c48-a433-ece8bdcee7cd.fieldLayouts.f471e1d4-6c1a-4509-b856-17aa1718d775.tabs.0.elements.0.title','null'),('volumes.069a4290-90de-4c48-a433-ece8bdcee7cd.fieldLayouts.f471e1d4-6c1a-4509-b856-17aa1718d775.tabs.0.elements.0.type','\"craft\\\\fieldlayoutelements\\\\AssetTitleField\"'),('volumes.069a4290-90de-4c48-a433-ece8bdcee7cd.fieldLayouts.f471e1d4-6c1a-4509-b856-17aa1718d775.tabs.0.elements.0.warning','null'),('volumes.069a4290-90de-4c48-a433-ece8bdcee7cd.fieldLayouts.f471e1d4-6c1a-4509-b856-17aa1718d775.tabs.0.elements.0.width','100'),('volumes.069a4290-90de-4c48-a433-ece8bdcee7cd.fieldLayouts.f471e1d4-6c1a-4509-b856-17aa1718d775.tabs.0.name','\"Content\"'),('volumes.069a4290-90de-4c48-a433-ece8bdcee7cd.fieldLayouts.f471e1d4-6c1a-4509-b856-17aa1718d775.tabs.0.sortOrder','1'),('volumes.069a4290-90de-4c48-a433-ece8bdcee7cd.handle','\"brands\"'),('volumes.069a4290-90de-4c48-a433-ece8bdcee7cd.hasUrls','true'),('volumes.069a4290-90de-4c48-a433-ece8bdcee7cd.name','\"Brands\"'),('volumes.069a4290-90de-4c48-a433-ece8bdcee7cd.settings.path','\"@assetBasePath/images/brands\"'),('volumes.069a4290-90de-4c48-a433-ece8bdcee7cd.sortOrder','5'),('volumes.069a4290-90de-4c48-a433-ece8bdcee7cd.titleTranslationKeyFormat','null'),('volumes.069a4290-90de-4c48-a433-ece8bdcee7cd.titleTranslationMethod','null'),('volumes.069a4290-90de-4c48-a433-ece8bdcee7cd.type','\"craft\\\\volumes\\\\Local\"'),('volumes.069a4290-90de-4c48-a433-ece8bdcee7cd.url','\"@assetBaseUrl/images/brands\"'),('volumes.4d5610a8-c2cd-489b-9b3c-98dc59f9888e.fieldLayouts.488bc03b-533d-48ec-b262-c034277dd14b.tabs.0.elements.0.autocapitalize','true'),('volumes.4d5610a8-c2cd-489b-9b3c-98dc59f9888e.fieldLayouts.488bc03b-533d-48ec-b262-c034277dd14b.tabs.0.elements.0.autocomplete','false'),('volumes.4d5610a8-c2cd-489b-9b3c-98dc59f9888e.fieldLayouts.488bc03b-533d-48ec-b262-c034277dd14b.tabs.0.elements.0.autocorrect','true'),('volumes.4d5610a8-c2cd-489b-9b3c-98dc59f9888e.fieldLayouts.488bc03b-533d-48ec-b262-c034277dd14b.tabs.0.elements.0.class','null'),('volumes.4d5610a8-c2cd-489b-9b3c-98dc59f9888e.fieldLayouts.488bc03b-533d-48ec-b262-c034277dd14b.tabs.0.elements.0.disabled','false'),('volumes.4d5610a8-c2cd-489b-9b3c-98dc59f9888e.fieldLayouts.488bc03b-533d-48ec-b262-c034277dd14b.tabs.0.elements.0.id','null'),('volumes.4d5610a8-c2cd-489b-9b3c-98dc59f9888e.fieldLayouts.488bc03b-533d-48ec-b262-c034277dd14b.tabs.0.elements.0.instructions','null'),('volumes.4d5610a8-c2cd-489b-9b3c-98dc59f9888e.fieldLayouts.488bc03b-533d-48ec-b262-c034277dd14b.tabs.0.elements.0.label','null'),('volumes.4d5610a8-c2cd-489b-9b3c-98dc59f9888e.fieldLayouts.488bc03b-533d-48ec-b262-c034277dd14b.tabs.0.elements.0.max','null'),('volumes.4d5610a8-c2cd-489b-9b3c-98dc59f9888e.fieldLayouts.488bc03b-533d-48ec-b262-c034277dd14b.tabs.0.elements.0.min','null'),('volumes.4d5610a8-c2cd-489b-9b3c-98dc59f9888e.fieldLayouts.488bc03b-533d-48ec-b262-c034277dd14b.tabs.0.elements.0.name','null'),('volumes.4d5610a8-c2cd-489b-9b3c-98dc59f9888e.fieldLayouts.488bc03b-533d-48ec-b262-c034277dd14b.tabs.0.elements.0.orientation','null'),('volumes.4d5610a8-c2cd-489b-9b3c-98dc59f9888e.fieldLayouts.488bc03b-533d-48ec-b262-c034277dd14b.tabs.0.elements.0.placeholder','null'),('volumes.4d5610a8-c2cd-489b-9b3c-98dc59f9888e.fieldLayouts.488bc03b-533d-48ec-b262-c034277dd14b.tabs.0.elements.0.readonly','false'),('volumes.4d5610a8-c2cd-489b-9b3c-98dc59f9888e.fieldLayouts.488bc03b-533d-48ec-b262-c034277dd14b.tabs.0.elements.0.requirable','false'),('volumes.4d5610a8-c2cd-489b-9b3c-98dc59f9888e.fieldLayouts.488bc03b-533d-48ec-b262-c034277dd14b.tabs.0.elements.0.size','null'),('volumes.4d5610a8-c2cd-489b-9b3c-98dc59f9888e.fieldLayouts.488bc03b-533d-48ec-b262-c034277dd14b.tabs.0.elements.0.step','null'),('volumes.4d5610a8-c2cd-489b-9b3c-98dc59f9888e.fieldLayouts.488bc03b-533d-48ec-b262-c034277dd14b.tabs.0.elements.0.tip','null'),('volumes.4d5610a8-c2cd-489b-9b3c-98dc59f9888e.fieldLayouts.488bc03b-533d-48ec-b262-c034277dd14b.tabs.0.elements.0.title','null'),('volumes.4d5610a8-c2cd-489b-9b3c-98dc59f9888e.fieldLayouts.488bc03b-533d-48ec-b262-c034277dd14b.tabs.0.elements.0.type','\"craft\\\\fieldlayoutelements\\\\AssetTitleField\"'),('volumes.4d5610a8-c2cd-489b-9b3c-98dc59f9888e.fieldLayouts.488bc03b-533d-48ec-b262-c034277dd14b.tabs.0.elements.0.warning','null'),('volumes.4d5610a8-c2cd-489b-9b3c-98dc59f9888e.fieldLayouts.488bc03b-533d-48ec-b262-c034277dd14b.tabs.0.elements.0.width','100'),('volumes.4d5610a8-c2cd-489b-9b3c-98dc59f9888e.fieldLayouts.488bc03b-533d-48ec-b262-c034277dd14b.tabs.0.name','\"Content\"'),('volumes.4d5610a8-c2cd-489b-9b3c-98dc59f9888e.fieldLayouts.488bc03b-533d-48ec-b262-c034277dd14b.tabs.0.sortOrder','1'),('volumes.4d5610a8-c2cd-489b-9b3c-98dc59f9888e.handle','\"featured\"'),('volumes.4d5610a8-c2cd-489b-9b3c-98dc59f9888e.hasUrls','true'),('volumes.4d5610a8-c2cd-489b-9b3c-98dc59f9888e.name','\"Featured\"'),('volumes.4d5610a8-c2cd-489b-9b3c-98dc59f9888e.settings.path','\"@assetBasePath/images/featured\"'),('volumes.4d5610a8-c2cd-489b-9b3c-98dc59f9888e.sortOrder','0'),('volumes.4d5610a8-c2cd-489b-9b3c-98dc59f9888e.titleTranslationKeyFormat','null'),('volumes.4d5610a8-c2cd-489b-9b3c-98dc59f9888e.titleTranslationMethod','null'),('volumes.4d5610a8-c2cd-489b-9b3c-98dc59f9888e.type','\"craft\\\\volumes\\\\Local\"'),('volumes.4d5610a8-c2cd-489b-9b3c-98dc59f9888e.url','\"@assetBaseUrl/images/featured\"'),('volumes.7f377f2b-0a0c-495e-b3bc-c62a6388a0d0.fieldLayouts.62be4e29-5d5c-4c33-a180-de8b8bffbcd5.tabs.0.elements.0.autocapitalize','true'),('volumes.7f377f2b-0a0c-495e-b3bc-c62a6388a0d0.fieldLayouts.62be4e29-5d5c-4c33-a180-de8b8bffbcd5.tabs.0.elements.0.autocomplete','false'),('volumes.7f377f2b-0a0c-495e-b3bc-c62a6388a0d0.fieldLayouts.62be4e29-5d5c-4c33-a180-de8b8bffbcd5.tabs.0.elements.0.autocorrect','true'),('volumes.7f377f2b-0a0c-495e-b3bc-c62a6388a0d0.fieldLayouts.62be4e29-5d5c-4c33-a180-de8b8bffbcd5.tabs.0.elements.0.class','null'),('volumes.7f377f2b-0a0c-495e-b3bc-c62a6388a0d0.fieldLayouts.62be4e29-5d5c-4c33-a180-de8b8bffbcd5.tabs.0.elements.0.disabled','false'),('volumes.7f377f2b-0a0c-495e-b3bc-c62a6388a0d0.fieldLayouts.62be4e29-5d5c-4c33-a180-de8b8bffbcd5.tabs.0.elements.0.id','null'),('volumes.7f377f2b-0a0c-495e-b3bc-c62a6388a0d0.fieldLayouts.62be4e29-5d5c-4c33-a180-de8b8bffbcd5.tabs.0.elements.0.instructions','null'),('volumes.7f377f2b-0a0c-495e-b3bc-c62a6388a0d0.fieldLayouts.62be4e29-5d5c-4c33-a180-de8b8bffbcd5.tabs.0.elements.0.label','null'),('volumes.7f377f2b-0a0c-495e-b3bc-c62a6388a0d0.fieldLayouts.62be4e29-5d5c-4c33-a180-de8b8bffbcd5.tabs.0.elements.0.max','null'),('volumes.7f377f2b-0a0c-495e-b3bc-c62a6388a0d0.fieldLayouts.62be4e29-5d5c-4c33-a180-de8b8bffbcd5.tabs.0.elements.0.min','null'),('volumes.7f377f2b-0a0c-495e-b3bc-c62a6388a0d0.fieldLayouts.62be4e29-5d5c-4c33-a180-de8b8bffbcd5.tabs.0.elements.0.name','null'),('volumes.7f377f2b-0a0c-495e-b3bc-c62a6388a0d0.fieldLayouts.62be4e29-5d5c-4c33-a180-de8b8bffbcd5.tabs.0.elements.0.orientation','null'),('volumes.7f377f2b-0a0c-495e-b3bc-c62a6388a0d0.fieldLayouts.62be4e29-5d5c-4c33-a180-de8b8bffbcd5.tabs.0.elements.0.placeholder','null'),('volumes.7f377f2b-0a0c-495e-b3bc-c62a6388a0d0.fieldLayouts.62be4e29-5d5c-4c33-a180-de8b8bffbcd5.tabs.0.elements.0.readonly','false'),('volumes.7f377f2b-0a0c-495e-b3bc-c62a6388a0d0.fieldLayouts.62be4e29-5d5c-4c33-a180-de8b8bffbcd5.tabs.0.elements.0.requirable','false'),('volumes.7f377f2b-0a0c-495e-b3bc-c62a6388a0d0.fieldLayouts.62be4e29-5d5c-4c33-a180-de8b8bffbcd5.tabs.0.elements.0.size','null'),('volumes.7f377f2b-0a0c-495e-b3bc-c62a6388a0d0.fieldLayouts.62be4e29-5d5c-4c33-a180-de8b8bffbcd5.tabs.0.elements.0.step','null'),('volumes.7f377f2b-0a0c-495e-b3bc-c62a6388a0d0.fieldLayouts.62be4e29-5d5c-4c33-a180-de8b8bffbcd5.tabs.0.elements.0.tip','null'),('volumes.7f377f2b-0a0c-495e-b3bc-c62a6388a0d0.fieldLayouts.62be4e29-5d5c-4c33-a180-de8b8bffbcd5.tabs.0.elements.0.title','null'),('volumes.7f377f2b-0a0c-495e-b3bc-c62a6388a0d0.fieldLayouts.62be4e29-5d5c-4c33-a180-de8b8bffbcd5.tabs.0.elements.0.type','\"craft\\\\fieldlayoutelements\\\\AssetTitleField\"'),('volumes.7f377f2b-0a0c-495e-b3bc-c62a6388a0d0.fieldLayouts.62be4e29-5d5c-4c33-a180-de8b8bffbcd5.tabs.0.elements.0.warning','null'),('volumes.7f377f2b-0a0c-495e-b3bc-c62a6388a0d0.fieldLayouts.62be4e29-5d5c-4c33-a180-de8b8bffbcd5.tabs.0.elements.0.width','100'),('volumes.7f377f2b-0a0c-495e-b3bc-c62a6388a0d0.fieldLayouts.62be4e29-5d5c-4c33-a180-de8b8bffbcd5.tabs.0.name','\"Content\"'),('volumes.7f377f2b-0a0c-495e-b3bc-c62a6388a0d0.fieldLayouts.62be4e29-5d5c-4c33-a180-de8b8bffbcd5.tabs.0.sortOrder','1'),('volumes.7f377f2b-0a0c-495e-b3bc-c62a6388a0d0.handle','\"avatars\"'),('volumes.7f377f2b-0a0c-495e-b3bc-c62a6388a0d0.hasUrls','true'),('volumes.7f377f2b-0a0c-495e-b3bc-c62a6388a0d0.name','\"Avatars\"'),('volumes.7f377f2b-0a0c-495e-b3bc-c62a6388a0d0.settings.path','\"@assetBasePath/images/avatars\"'),('volumes.7f377f2b-0a0c-495e-b3bc-c62a6388a0d0.sortOrder','4'),('volumes.7f377f2b-0a0c-495e-b3bc-c62a6388a0d0.titleTranslationKeyFormat','null'),('volumes.7f377f2b-0a0c-495e-b3bc-c62a6388a0d0.titleTranslationMethod','null'),('volumes.7f377f2b-0a0c-495e-b3bc-c62a6388a0d0.type','\"craft\\\\volumes\\\\Local\"'),('volumes.7f377f2b-0a0c-495e-b3bc-c62a6388a0d0.url','\"@assetBaseUrl/images/avatars\"'),('volumes.e57bd544-ae5e-48e4-9e5c-a22ad56d701d.fieldLayouts.5a7eb1b8-9c97-4066-b526-5d6ec5e30d1f.tabs.0.elements.0.autocapitalize','true'),('volumes.e57bd544-ae5e-48e4-9e5c-a22ad56d701d.fieldLayouts.5a7eb1b8-9c97-4066-b526-5d6ec5e30d1f.tabs.0.elements.0.autocomplete','false'),('volumes.e57bd544-ae5e-48e4-9e5c-a22ad56d701d.fieldLayouts.5a7eb1b8-9c97-4066-b526-5d6ec5e30d1f.tabs.0.elements.0.autocorrect','true'),('volumes.e57bd544-ae5e-48e4-9e5c-a22ad56d701d.fieldLayouts.5a7eb1b8-9c97-4066-b526-5d6ec5e30d1f.tabs.0.elements.0.class','null'),('volumes.e57bd544-ae5e-48e4-9e5c-a22ad56d701d.fieldLayouts.5a7eb1b8-9c97-4066-b526-5d6ec5e30d1f.tabs.0.elements.0.disabled','false'),('volumes.e57bd544-ae5e-48e4-9e5c-a22ad56d701d.fieldLayouts.5a7eb1b8-9c97-4066-b526-5d6ec5e30d1f.tabs.0.elements.0.id','null'),('volumes.e57bd544-ae5e-48e4-9e5c-a22ad56d701d.fieldLayouts.5a7eb1b8-9c97-4066-b526-5d6ec5e30d1f.tabs.0.elements.0.instructions','null'),('volumes.e57bd544-ae5e-48e4-9e5c-a22ad56d701d.fieldLayouts.5a7eb1b8-9c97-4066-b526-5d6ec5e30d1f.tabs.0.elements.0.label','null'),('volumes.e57bd544-ae5e-48e4-9e5c-a22ad56d701d.fieldLayouts.5a7eb1b8-9c97-4066-b526-5d6ec5e30d1f.tabs.0.elements.0.max','null'),('volumes.e57bd544-ae5e-48e4-9e5c-a22ad56d701d.fieldLayouts.5a7eb1b8-9c97-4066-b526-5d6ec5e30d1f.tabs.0.elements.0.min','null'),('volumes.e57bd544-ae5e-48e4-9e5c-a22ad56d701d.fieldLayouts.5a7eb1b8-9c97-4066-b526-5d6ec5e30d1f.tabs.0.elements.0.name','null'),('volumes.e57bd544-ae5e-48e4-9e5c-a22ad56d701d.fieldLayouts.5a7eb1b8-9c97-4066-b526-5d6ec5e30d1f.tabs.0.elements.0.orientation','null'),('volumes.e57bd544-ae5e-48e4-9e5c-a22ad56d701d.fieldLayouts.5a7eb1b8-9c97-4066-b526-5d6ec5e30d1f.tabs.0.elements.0.placeholder','null'),('volumes.e57bd544-ae5e-48e4-9e5c-a22ad56d701d.fieldLayouts.5a7eb1b8-9c97-4066-b526-5d6ec5e30d1f.tabs.0.elements.0.readonly','false'),('volumes.e57bd544-ae5e-48e4-9e5c-a22ad56d701d.fieldLayouts.5a7eb1b8-9c97-4066-b526-5d6ec5e30d1f.tabs.0.elements.0.requirable','false'),('volumes.e57bd544-ae5e-48e4-9e5c-a22ad56d701d.fieldLayouts.5a7eb1b8-9c97-4066-b526-5d6ec5e30d1f.tabs.0.elements.0.size','null'),('volumes.e57bd544-ae5e-48e4-9e5c-a22ad56d701d.fieldLayouts.5a7eb1b8-9c97-4066-b526-5d6ec5e30d1f.tabs.0.elements.0.step','null'),('volumes.e57bd544-ae5e-48e4-9e5c-a22ad56d701d.fieldLayouts.5a7eb1b8-9c97-4066-b526-5d6ec5e30d1f.tabs.0.elements.0.tip','null'),('volumes.e57bd544-ae5e-48e4-9e5c-a22ad56d701d.fieldLayouts.5a7eb1b8-9c97-4066-b526-5d6ec5e30d1f.tabs.0.elements.0.title','null'),('volumes.e57bd544-ae5e-48e4-9e5c-a22ad56d701d.fieldLayouts.5a7eb1b8-9c97-4066-b526-5d6ec5e30d1f.tabs.0.elements.0.type','\"craft\\\\fieldlayoutelements\\\\AssetTitleField\"'),('volumes.e57bd544-ae5e-48e4-9e5c-a22ad56d701d.fieldLayouts.5a7eb1b8-9c97-4066-b526-5d6ec5e30d1f.tabs.0.elements.0.warning','null'),('volumes.e57bd544-ae5e-48e4-9e5c-a22ad56d701d.fieldLayouts.5a7eb1b8-9c97-4066-b526-5d6ec5e30d1f.tabs.0.elements.0.width','100'),('volumes.e57bd544-ae5e-48e4-9e5c-a22ad56d701d.fieldLayouts.5a7eb1b8-9c97-4066-b526-5d6ec5e30d1f.tabs.0.name','\"Content\"'),('volumes.e57bd544-ae5e-48e4-9e5c-a22ad56d701d.fieldLayouts.5a7eb1b8-9c97-4066-b526-5d6ec5e30d1f.tabs.0.sortOrder','1'),('volumes.e57bd544-ae5e-48e4-9e5c-a22ad56d701d.handle','\"portfolio\"'),('volumes.e57bd544-ae5e-48e4-9e5c-a22ad56d701d.hasUrls','true'),('volumes.e57bd544-ae5e-48e4-9e5c-a22ad56d701d.name','\"Portfolio\"'),('volumes.e57bd544-ae5e-48e4-9e5c-a22ad56d701d.settings.path','\"@assetBasePath/images/portfolio\"'),('volumes.e57bd544-ae5e-48e4-9e5c-a22ad56d701d.sortOrder','3'),('volumes.e57bd544-ae5e-48e4-9e5c-a22ad56d701d.titleTranslationKeyFormat','null'),('volumes.e57bd544-ae5e-48e4-9e5c-a22ad56d701d.titleTranslationMethod','null'),('volumes.e57bd544-ae5e-48e4-9e5c-a22ad56d701d.type','\"craft\\\\volumes\\\\Local\"'),('volumes.e57bd544-ae5e-48e4-9e5c-a22ad56d701d.url','\"@assetBaseUrl/images/portfolio\"'),('volumes.ea80c8ea-0e29-471d-8525-89a167607dcb.fieldLayouts.32a4d00c-19c7-4132-bcfa-8233f26a89b4.tabs.0.elements.0.autocapitalize','true'),('volumes.ea80c8ea-0e29-471d-8525-89a167607dcb.fieldLayouts.32a4d00c-19c7-4132-bcfa-8233f26a89b4.tabs.0.elements.0.autocomplete','false'),('volumes.ea80c8ea-0e29-471d-8525-89a167607dcb.fieldLayouts.32a4d00c-19c7-4132-bcfa-8233f26a89b4.tabs.0.elements.0.autocorrect','true'),('volumes.ea80c8ea-0e29-471d-8525-89a167607dcb.fieldLayouts.32a4d00c-19c7-4132-bcfa-8233f26a89b4.tabs.0.elements.0.class','null'),('volumes.ea80c8ea-0e29-471d-8525-89a167607dcb.fieldLayouts.32a4d00c-19c7-4132-bcfa-8233f26a89b4.tabs.0.elements.0.disabled','false'),('volumes.ea80c8ea-0e29-471d-8525-89a167607dcb.fieldLayouts.32a4d00c-19c7-4132-bcfa-8233f26a89b4.tabs.0.elements.0.id','null'),('volumes.ea80c8ea-0e29-471d-8525-89a167607dcb.fieldLayouts.32a4d00c-19c7-4132-bcfa-8233f26a89b4.tabs.0.elements.0.instructions','null'),('volumes.ea80c8ea-0e29-471d-8525-89a167607dcb.fieldLayouts.32a4d00c-19c7-4132-bcfa-8233f26a89b4.tabs.0.elements.0.label','null'),('volumes.ea80c8ea-0e29-471d-8525-89a167607dcb.fieldLayouts.32a4d00c-19c7-4132-bcfa-8233f26a89b4.tabs.0.elements.0.max','null'),('volumes.ea80c8ea-0e29-471d-8525-89a167607dcb.fieldLayouts.32a4d00c-19c7-4132-bcfa-8233f26a89b4.tabs.0.elements.0.min','null'),('volumes.ea80c8ea-0e29-471d-8525-89a167607dcb.fieldLayouts.32a4d00c-19c7-4132-bcfa-8233f26a89b4.tabs.0.elements.0.name','null'),('volumes.ea80c8ea-0e29-471d-8525-89a167607dcb.fieldLayouts.32a4d00c-19c7-4132-bcfa-8233f26a89b4.tabs.0.elements.0.orientation','null'),('volumes.ea80c8ea-0e29-471d-8525-89a167607dcb.fieldLayouts.32a4d00c-19c7-4132-bcfa-8233f26a89b4.tabs.0.elements.0.placeholder','null'),('volumes.ea80c8ea-0e29-471d-8525-89a167607dcb.fieldLayouts.32a4d00c-19c7-4132-bcfa-8233f26a89b4.tabs.0.elements.0.readonly','false'),('volumes.ea80c8ea-0e29-471d-8525-89a167607dcb.fieldLayouts.32a4d00c-19c7-4132-bcfa-8233f26a89b4.tabs.0.elements.0.requirable','false'),('volumes.ea80c8ea-0e29-471d-8525-89a167607dcb.fieldLayouts.32a4d00c-19c7-4132-bcfa-8233f26a89b4.tabs.0.elements.0.size','null'),('volumes.ea80c8ea-0e29-471d-8525-89a167607dcb.fieldLayouts.32a4d00c-19c7-4132-bcfa-8233f26a89b4.tabs.0.elements.0.step','null'),('volumes.ea80c8ea-0e29-471d-8525-89a167607dcb.fieldLayouts.32a4d00c-19c7-4132-bcfa-8233f26a89b4.tabs.0.elements.0.tip','null'),('volumes.ea80c8ea-0e29-471d-8525-89a167607dcb.fieldLayouts.32a4d00c-19c7-4132-bcfa-8233f26a89b4.tabs.0.elements.0.title','null'),('volumes.ea80c8ea-0e29-471d-8525-89a167607dcb.fieldLayouts.32a4d00c-19c7-4132-bcfa-8233f26a89b4.tabs.0.elements.0.type','\"craft\\\\fieldlayoutelements\\\\AssetTitleField\"'),('volumes.ea80c8ea-0e29-471d-8525-89a167607dcb.fieldLayouts.32a4d00c-19c7-4132-bcfa-8233f26a89b4.tabs.0.elements.0.warning','null'),('volumes.ea80c8ea-0e29-471d-8525-89a167607dcb.fieldLayouts.32a4d00c-19c7-4132-bcfa-8233f26a89b4.tabs.0.elements.0.width','100'),('volumes.ea80c8ea-0e29-471d-8525-89a167607dcb.fieldLayouts.32a4d00c-19c7-4132-bcfa-8233f26a89b4.tabs.0.name','\"Content\"'),('volumes.ea80c8ea-0e29-471d-8525-89a167607dcb.fieldLayouts.32a4d00c-19c7-4132-bcfa-8233f26a89b4.tabs.0.sortOrder','1'),('volumes.ea80c8ea-0e29-471d-8525-89a167607dcb.handle','\"services\"'),('volumes.ea80c8ea-0e29-471d-8525-89a167607dcb.hasUrls','true'),('volumes.ea80c8ea-0e29-471d-8525-89a167607dcb.name','\"Services\"'),('volumes.ea80c8ea-0e29-471d-8525-89a167607dcb.settings.path','\"@assetBasePath/images/services\"'),('volumes.ea80c8ea-0e29-471d-8525-89a167607dcb.sortOrder','2'),('volumes.ea80c8ea-0e29-471d-8525-89a167607dcb.titleTranslationKeyFormat','null'),('volumes.ea80c8ea-0e29-471d-8525-89a167607dcb.titleTranslationMethod','null'),('volumes.ea80c8ea-0e29-471d-8525-89a167607dcb.type','\"craft\\\\volumes\\\\Local\"'),('volumes.ea80c8ea-0e29-471d-8525-89a167607dcb.url','\"@assetBaseUrl/images/services\"'),('volumes.febc00ea-0cb7-4ada-9e01-ca7a01332cba.fieldLayouts.73aea5cf-0284-4347-a3c1-910061dcd73b.tabs.0.elements.0.autocapitalize','true'),('volumes.febc00ea-0cb7-4ada-9e01-ca7a01332cba.fieldLayouts.73aea5cf-0284-4347-a3c1-910061dcd73b.tabs.0.elements.0.autocomplete','false'),('volumes.febc00ea-0cb7-4ada-9e01-ca7a01332cba.fieldLayouts.73aea5cf-0284-4347-a3c1-910061dcd73b.tabs.0.elements.0.autocorrect','true'),('volumes.febc00ea-0cb7-4ada-9e01-ca7a01332cba.fieldLayouts.73aea5cf-0284-4347-a3c1-910061dcd73b.tabs.0.elements.0.class','null'),('volumes.febc00ea-0cb7-4ada-9e01-ca7a01332cba.fieldLayouts.73aea5cf-0284-4347-a3c1-910061dcd73b.tabs.0.elements.0.disabled','false'),('volumes.febc00ea-0cb7-4ada-9e01-ca7a01332cba.fieldLayouts.73aea5cf-0284-4347-a3c1-910061dcd73b.tabs.0.elements.0.id','null'),('volumes.febc00ea-0cb7-4ada-9e01-ca7a01332cba.fieldLayouts.73aea5cf-0284-4347-a3c1-910061dcd73b.tabs.0.elements.0.instructions','null'),('volumes.febc00ea-0cb7-4ada-9e01-ca7a01332cba.fieldLayouts.73aea5cf-0284-4347-a3c1-910061dcd73b.tabs.0.elements.0.label','null'),('volumes.febc00ea-0cb7-4ada-9e01-ca7a01332cba.fieldLayouts.73aea5cf-0284-4347-a3c1-910061dcd73b.tabs.0.elements.0.max','null'),('volumes.febc00ea-0cb7-4ada-9e01-ca7a01332cba.fieldLayouts.73aea5cf-0284-4347-a3c1-910061dcd73b.tabs.0.elements.0.min','null'),('volumes.febc00ea-0cb7-4ada-9e01-ca7a01332cba.fieldLayouts.73aea5cf-0284-4347-a3c1-910061dcd73b.tabs.0.elements.0.name','null'),('volumes.febc00ea-0cb7-4ada-9e01-ca7a01332cba.fieldLayouts.73aea5cf-0284-4347-a3c1-910061dcd73b.tabs.0.elements.0.orientation','null'),('volumes.febc00ea-0cb7-4ada-9e01-ca7a01332cba.fieldLayouts.73aea5cf-0284-4347-a3c1-910061dcd73b.tabs.0.elements.0.placeholder','null'),('volumes.febc00ea-0cb7-4ada-9e01-ca7a01332cba.fieldLayouts.73aea5cf-0284-4347-a3c1-910061dcd73b.tabs.0.elements.0.readonly','false'),('volumes.febc00ea-0cb7-4ada-9e01-ca7a01332cba.fieldLayouts.73aea5cf-0284-4347-a3c1-910061dcd73b.tabs.0.elements.0.requirable','false'),('volumes.febc00ea-0cb7-4ada-9e01-ca7a01332cba.fieldLayouts.73aea5cf-0284-4347-a3c1-910061dcd73b.tabs.0.elements.0.size','null'),('volumes.febc00ea-0cb7-4ada-9e01-ca7a01332cba.fieldLayouts.73aea5cf-0284-4347-a3c1-910061dcd73b.tabs.0.elements.0.step','null'),('volumes.febc00ea-0cb7-4ada-9e01-ca7a01332cba.fieldLayouts.73aea5cf-0284-4347-a3c1-910061dcd73b.tabs.0.elements.0.tip','null'),('volumes.febc00ea-0cb7-4ada-9e01-ca7a01332cba.fieldLayouts.73aea5cf-0284-4347-a3c1-910061dcd73b.tabs.0.elements.0.title','null'),('volumes.febc00ea-0cb7-4ada-9e01-ca7a01332cba.fieldLayouts.73aea5cf-0284-4347-a3c1-910061dcd73b.tabs.0.elements.0.type','\"craft\\\\fieldlayoutelements\\\\AssetTitleField\"'),('volumes.febc00ea-0cb7-4ada-9e01-ca7a01332cba.fieldLayouts.73aea5cf-0284-4347-a3c1-910061dcd73b.tabs.0.elements.0.warning','null'),('volumes.febc00ea-0cb7-4ada-9e01-ca7a01332cba.fieldLayouts.73aea5cf-0284-4347-a3c1-910061dcd73b.tabs.0.elements.0.width','100'),('volumes.febc00ea-0cb7-4ada-9e01-ca7a01332cba.fieldLayouts.73aea5cf-0284-4347-a3c1-910061dcd73b.tabs.0.name','\"Content\"'),('volumes.febc00ea-0cb7-4ada-9e01-ca7a01332cba.fieldLayouts.73aea5cf-0284-4347-a3c1-910061dcd73b.tabs.0.sortOrder','1'),('volumes.febc00ea-0cb7-4ada-9e01-ca7a01332cba.handle','\"logotypes\"'),('volumes.febc00ea-0cb7-4ada-9e01-ca7a01332cba.hasUrls','true'),('volumes.febc00ea-0cb7-4ada-9e01-ca7a01332cba.name','\"Logotypes\"'),('volumes.febc00ea-0cb7-4ada-9e01-ca7a01332cba.settings.path','\"@assetBasePath/images/logos\"'),('volumes.febc00ea-0cb7-4ada-9e01-ca7a01332cba.sortOrder','1'),('volumes.febc00ea-0cb7-4ada-9e01-ca7a01332cba.titleTranslationKeyFormat','null'),('volumes.febc00ea-0cb7-4ada-9e01-ca7a01332cba.titleTranslationMethod','null'),('volumes.febc00ea-0cb7-4ada-9e01-ca7a01332cba.type','\"craft\\\\volumes\\\\Local\"'),('volumes.febc00ea-0cb7-4ada-9e01-ca7a01332cba.url','\"@assetBaseUrl/images/logos\"');
/*!40000 ALTER TABLE `ccsf_projectconfig` ENABLE KEYS */;
UNLOCK TABLES;
commit;

--
-- Dumping data for table `ccsf_projectconfignames`
--

LOCK TABLES `ccsf_projectconfignames` WRITE;
/*!40000 ALTER TABLE `ccsf_projectconfignames` DISABLE KEYS */;
set autocommit=0;
INSERT INTO `ccsf_projectconfignames` VALUES ('05352201-7121-400b-a4cc-76358c309db0','Segment'),('069a4290-90de-4c48-a433-ece8bdcee7cd','Brands'),('0afdc770-a312-481f-9005-4de70c99421b','Company'),('11a1dd13-8f78-443a-a489-05e3cd768ac8','Favicons'),('142e272e-62fe-4459-80f7-7568b9b54c2e','Hyperlink'),('167dfa2b-0e22-4cc0-806b-304e9304ebf7','Logotype'),('1a97a38d-2f2e-4ae4-bb58-892785b8f2c3','Caption'),('1b4ef467-1426-452e-b6a2-ace8af90dca9','Sectors'),('1c6fe872-b1b5-4713-9fb6-36bb532706b4','Services'),('1e00f3c3-88a4-4c2e-bee0-6f7d5cb70a10','Flare'),('1ed7075e-13cf-4a7b-9641-3eac2e130ce5','Portfolio'),('1f54c6f1-2175-484a-a90d-0da70e60cb44','Address'),('256458d4-5be1-41ba-8a56-79c2f3c6a368','Segment'),('278f32dc-b1d1-4efd-8374-ee4cf793fd6c','Flare'),('2a925371-677a-4b65-8d1e-d5b9c4a46511','Description'),('2b526533-c087-4758-8b62-575ce781cfb6','Feature'),('2bbf8a0f-3d22-46bb-95b7-c76ec796dbb1','Avatar'),('302676b6-7a8f-4bdd-88d7-87e82a569026','Description'),('320b16b1-359a-4ce8-9f21-859e91a01a3f','Caption'),('3a2e75a2-4462-43c6-8db6-64d5aef548e8','Retina'),('3d6e0d5b-904d-4dc1-a883-aae147c21e2f','Description'),('3df3003d-04c0-45d6-9e45-5d0bf07a0a0f','Logotype'),('3ef17c42-1472-419f-95b1-b61e980bf815','header'),('459816de-c106-475f-9c6b-7314cf0fd93b','Cite'),('4624d09c-1abb-4565-8874-2b217d94676e','Item'),('47b82e32-50b6-46fe-83d2-4853d71a1975','Caption'),('4d5610a8-c2cd-489b-9b3c-98dc59f9888e','Featured'),('4f6fe4e4-f4da-46e4-93fb-ad076293a8c7','Caption'),('512b1bba-f853-4af5-93bd-ddf11270a30a','Retina'),('53111f06-962f-4c3d-8430-cfefb4d8a4a5','Regular'),('5e14f7da-7fab-4337-9b3a-2dbb70ffd892','Home Page'),('6014bb6a-6e03-4781-90ae-99fdebb755ca','Caption'),('6697be4a-8161-4f04-9211-a54645f73722','Etiquette'),('701a9b66-586b-4260-bc3b-009a77a6d3d3','Full'),('7147aec6-4c49-4d7c-be79-3e9e57b5991f','Office'),('71ef5bda-46aa-486a-8884-89725ca1021f','Testimonial'),('73f18fd1-c9ab-4de2-922a-76b51c6ffd60','Label'),('76e26b15-b045-4347-85cd-165c454a510e','Background'),('779ecba5-f02b-4cf5-b036-af99f83ec426','Testimonials'),('7b8590e5-9338-43a3-9d83-d0fb38e21640','favicon'),('7ecb11c1-6a16-412b-9687-e1f67848e01a','Description'),('7f377f2b-0a0c-495e-b3bc-c62a6388a0d0','Avatars'),('80b52e80-1034-4322-a2a4-ff790554b9ae','Folio'),('916eaaa3-67a6-4502-8db7-0b1c0ef7789d','Project'),('9a485b58-91c8-46dd-ba4c-cb123b0a7967','Social Nav'),('9b60f33c-05a5-485d-bd65-3eb4bb3ab1e4','Icon'),('9b8542e7-df13-4299-a253-c8066e92f75f','Step'),('9efbeade-59dd-4c2d-89d4-8d38a46bfc50','Common'),('9f18f3bf-74c6-4089-ba9e-7dfef6ddf8d6','Company'),('a09f8971-26c8-45a7-9c54-3043d9b007e7','Caption'),('a220560a-d8bf-490b-bff0-420e311688d5','Caption'),('a715d2fa-4a49-4753-a6a3-f597d773ff31','Icon'),('a71a9419-4610-43db-b48b-751cc96b2088','Header'),('a794e984-f61f-40b6-a464-eefaf93306b8','Footer'),('abcad323-6d7b-4adf-be0a-6d902ae0a91d','Menu'),('ae6edc1c-08c3-4c93-bd2e-f015dd0f7a10','Description'),('b98c8d5a-c740-42b8-9a7d-4135fd7350a4','Hyperlink'),('c0197541-100f-48fd-8943-da38e9e12221','Process'),('c4e4235e-877b-45a7-89ff-b54e138b2d17','HyperLink'),('c931aa20-ddd6-4883-ba22-04b7df849446','Hyperlink'),('c9921f88-75bb-4619-a6d8-c95806b75191','Icon'),('cd85444c-6f1f-4ef8-be46-b4f3f40cdf21','Portfolio'),('cf980bcd-2897-41a6-8710-9e1ba33d8bc7','Size'),('d0447e58-7964-4909-a7c6-cd0b0700b389','Caption'),('d6d60bb7-e503-4812-ab5f-ea9349c299cb','Header'),('d831fe25-ce30-4ff5-95d6-61a8ce2ddbf2','Category'),('da3eb716-b972-4921-a6be-046765e50ae5','Kind'),('e369312b-a4cf-4113-8a08-3797a3b98319','Featured Image'),('e57bd544-ae5e-48e4-9e5c-a22ad56d701d','Portfolio'),('e6a7f0dd-834b-461b-b550-d3a557df65a0','Author'),('e793876d-fda6-4511-8a45-a2413df7d3f1','Full'),('e9ffb9f5-6753-4b41-b392-5fb2bd73cd7c','Regular'),('ea80c8ea-0e29-471d-8525-89a167607dcb','Services'),('ede8892f-2c6c-462a-811c-696f0977dcad','Home Page'),('f43f331d-31cd-4b51-8cef-2127c175d3b4','Caption'),('fcf95640-20ba-4747-bb97-d0a18d54944e','Brands'),('fe2b0a98-b797-441b-8e3d-5c1177236ca5','Property'),('febc00ea-0cb7-4ada-9e01-ca7a01332cba','Logotypes');
/*!40000 ALTER TABLE `ccsf_projectconfignames` ENABLE KEYS */;
UNLOCK TABLES;
commit;

--
-- Dumping data for table `ccsf_queue`
--

LOCK TABLES `ccsf_queue` WRITE;
/*!40000 ALTER TABLE `ccsf_queue` DISABLE KEYS */;
set autocommit=0;
/*!40000 ALTER TABLE `ccsf_queue` ENABLE KEYS */;
UNLOCK TABLES;
commit;

--
-- Dumping data for table `ccsf_relations`
--

LOCK TABLES `ccsf_relations` WRITE;
/*!40000 ALTER TABLE `ccsf_relations` DISABLE KEYS */;
set autocommit=0;
INSERT INTO `ccsf_relations` VALUES (3,3,2,NULL,5,1,'2021-06-01 01:15:27','2021-06-01 01:15:27','f87ef6f5-eeb6-4a1e-9eff-f350512c3956'),(4,5,11,NULL,6,1,'2021-06-01 18:03:06','2021-06-01 18:03:06','e24dc021-9d20-4b0b-be52-17c8ee50a5d0'),(5,5,12,NULL,7,1,'2021-06-01 18:03:06','2021-06-01 18:03:06','f95504e1-aca4-4d0b-a869-d580cd14fdaf'),(6,5,13,NULL,8,1,'2021-06-01 18:03:06','2021-06-01 18:03:06','b274ff1a-0735-4a68-a1f7-d4db407b87b8'),(7,5,14,NULL,9,1,'2021-06-01 18:03:06','2021-06-01 18:03:06','f56c25d6-7eab-483f-98d4-837d92a6d914'),(8,5,15,NULL,10,1,'2021-06-01 18:03:06','2021-06-01 18:03:06','6666d66d-34e9-48f9-ad65-a425b7ca2206'),(9,5,17,NULL,16,1,'2021-06-01 18:16:22','2021-06-01 18:16:22','888a0dd0-b4a7-4ea4-9138-2b87b0dc3295'),(10,14,42,NULL,46,1,'2021-06-03 00:28:45','2021-06-03 00:28:45','ed2e705c-527a-42e4-b745-2e02fffae351'),(11,14,47,NULL,46,1,'2021-06-03 00:28:45','2021-06-03 00:28:45','1e089b94-5fee-404f-9035-ce25b363f840'),(12,14,48,NULL,46,1,'2021-06-03 00:35:01','2021-06-03 00:35:01','a2bb9dce-b836-4cf5-b1b2-957255283d46'),(13,14,50,NULL,53,1,'2021-06-03 01:44:43','2021-06-03 01:44:43','502aea1c-67de-4558-880e-991a39cda842'),(14,14,54,NULL,53,1,'2021-06-03 01:44:43','2021-06-03 01:44:43','4c051e0f-9d74-4fc5-a616-3a1798554135'),(24,28,123,NULL,106,1,'2021-06-03 15:08:01','2021-06-03 15:08:01','0a8dfcf5-50e6-4790-bf35-e09447ac4319'),(25,28,124,NULL,107,1,'2021-06-03 15:08:01','2021-06-03 15:08:01','29ca5032-cb3b-4608-840a-f89dc754d523'),(26,28,125,NULL,108,1,'2021-06-03 15:08:01','2021-06-03 15:08:01','56fae35a-7bcf-4c0a-bbf8-568fcce685fd'),(27,28,126,NULL,109,1,'2021-06-03 15:08:01','2021-06-03 15:08:01','dee02048-22f7-4b07-a0b9-4d5c2c00832c'),(28,28,127,NULL,110,1,'2021-06-03 15:08:01','2021-06-03 15:08:01','2ad35c75-eee2-468f-afe9-966311a54361'),(29,28,128,NULL,111,1,'2021-06-03 15:08:01','2021-06-03 15:08:01','eb2193bb-b3f9-4638-b86e-b7b949dd0c99'),(30,28,134,NULL,106,1,'2021-06-03 15:08:54','2021-06-03 15:08:54','850f17e5-8a98-4d46-8a1b-854449a3cfb0'),(31,28,135,NULL,107,1,'2021-06-03 15:08:54','2021-06-03 15:08:54','8de3c31c-5984-425d-9f0c-8fe838084bc8'),(32,28,136,NULL,108,1,'2021-06-03 15:08:54','2021-06-03 15:08:54','6513f357-1553-4fb6-9735-f278c4fb9b52'),(33,28,137,NULL,109,1,'2021-06-03 15:08:54','2021-06-03 15:08:54','bab3eeaf-2da6-4079-a02d-0626afb352fb'),(34,28,138,NULL,110,1,'2021-06-03 15:08:54','2021-06-03 15:08:54','590d846c-2a76-4c69-9830-6d0263f2e900'),(35,28,139,NULL,111,1,'2021-06-03 15:08:54','2021-06-03 15:08:54','548a7fe0-bec7-4f32-80b6-2db74fcc2f38'),(36,28,112,NULL,140,1,'2021-06-03 15:17:58','2021-06-03 15:17:58','bc55fffb-48e8-4bb3-bc88-74d02158a507'),(37,28,113,NULL,141,1,'2021-06-03 15:17:58','2021-06-03 15:17:58','402a9c80-a82b-428e-9717-2f5009a30839'),(38,28,114,NULL,142,1,'2021-06-03 15:17:58','2021-06-03 15:17:58','05487fd0-13fe-47f5-8079-891dc054c041'),(39,28,115,NULL,143,1,'2021-06-03 15:17:58','2021-06-03 15:17:58','340a3250-0b85-4186-8d85-c044a0670178'),(40,28,116,NULL,144,1,'2021-06-03 15:17:58','2021-06-03 15:17:58','7364401a-e6f5-4bda-8d8e-4cd458501bdf'),(41,28,117,NULL,145,1,'2021-06-03 15:17:58','2021-06-03 15:17:58','ede1801c-08dc-4c56-accd-eb8678665f7a'),(42,28,151,NULL,140,1,'2021-06-03 15:17:59','2021-06-03 15:17:59','eb573c1a-4b73-4418-b3ff-a0b51fc5fb35'),(43,28,152,NULL,141,1,'2021-06-03 15:17:59','2021-06-03 15:17:59','c2adb1b7-b6fe-432b-a2ff-022d2d81762e'),(44,28,153,NULL,142,1,'2021-06-03 15:17:59','2021-06-03 15:17:59','7a0faceb-27f5-4d8a-bf5a-11012110525e'),(45,28,154,NULL,143,1,'2021-06-03 15:17:59','2021-06-03 15:17:59','623392ae-b944-4d6b-8705-aa0625ea45d7'),(46,28,155,NULL,144,1,'2021-06-03 15:17:59','2021-06-03 15:17:59','8d5af543-ffdc-4ccb-a635-3906046384e1'),(47,28,156,NULL,145,1,'2021-06-03 15:17:59','2021-06-03 15:17:59','58d2843d-3bd1-441c-8f57-8a5aca1924ba'),(48,28,160,NULL,140,1,'2021-06-04 01:41:54','2021-06-04 01:41:54','69ee648f-e2a1-42ab-96bd-233844db4024'),(49,28,161,NULL,141,1,'2021-06-04 01:41:54','2021-06-04 01:41:54','64f59505-b957-4625-99b3-0d75c1c89d64'),(50,28,162,NULL,142,1,'2021-06-04 01:41:54','2021-06-04 01:41:54','fa73f38d-7df6-4f37-b8f8-56b11bb69b3f'),(51,28,163,NULL,143,1,'2021-06-04 01:41:56','2021-06-04 01:41:56','f2dd5654-8c6f-4e67-b4b2-9344d870fce4'),(52,28,164,NULL,144,1,'2021-06-04 01:41:56','2021-06-04 01:41:56','e653101b-83f5-435c-86ed-fa1861c4ad4d'),(53,28,165,NULL,145,1,'2021-06-04 01:41:56','2021-06-04 01:41:56','349a961c-fa6c-491f-810b-f485150560b5'),(54,30,170,NULL,157,1,'2021-06-04 02:24:17','2021-06-04 02:24:17','ad350a37-0245-4c20-a0e0-0bbcef8eee9a'),(55,30,172,NULL,157,1,'2021-06-04 02:24:25','2021-06-04 02:24:25','5f40998c-68ad-42cf-a2a4-f53a25ef43af'),(56,28,173,NULL,140,1,'2021-06-04 02:24:25','2021-06-04 02:24:25','9e8a5ad8-80fd-476b-a44b-3c9f9498041e'),(57,28,174,NULL,141,1,'2021-06-04 02:24:25','2021-06-04 02:24:25','eae885ce-260f-4d53-8066-24b2055f497c'),(58,28,175,NULL,142,1,'2021-06-04 02:24:25','2021-06-04 02:24:25','2def4b41-33be-41d9-8a10-493b2b5b01d8'),(59,28,176,NULL,143,1,'2021-06-04 02:24:25','2021-06-04 02:24:25','3f987643-e534-4137-b9fd-7baf0c142965'),(60,28,177,NULL,144,1,'2021-06-04 02:24:25','2021-06-04 02:24:25','a558888e-e0f8-4c6c-a2e3-c3e8dcdd1079'),(61,28,178,NULL,145,1,'2021-06-04 02:24:25','2021-06-04 02:24:25','0f6c209f-9fcc-48bc-b347-d2e3597e3370'),(62,39,170,NULL,183,1,'2021-06-04 02:49:13','2021-06-04 02:49:13','b62d7f52-8756-458d-b7a9-4d6d3eb4c624'),(63,40,170,NULL,184,1,'2021-06-04 02:49:13','2021-06-04 02:49:13','7f1025e8-40a5-4863-ba53-08ae22dfa21d'),(64,38,170,NULL,185,1,'2021-06-04 02:49:13','2021-06-04 02:49:13','f4e3a2ff-19c8-43df-b4b9-e8106855378c'),(65,30,202,NULL,158,1,'2021-06-04 02:49:13','2021-06-04 02:49:13','96bf5ab3-3fed-47f8-afb1-972ffc752e37'),(66,39,202,NULL,186,1,'2021-06-04 02:49:13','2021-06-04 02:49:13','45cb8165-4153-42ae-a489-60ceb44101b5'),(67,40,202,NULL,187,1,'2021-06-04 02:49:13','2021-06-04 02:49:13','1d35c857-5004-4216-9c70-b5aedca49034'),(68,38,202,NULL,188,1,'2021-06-04 02:49:13','2021-06-04 02:49:13','e324a483-8cc7-4f2b-95c0-4097db23edb7'),(69,30,203,NULL,157,1,'2021-06-04 02:49:13','2021-06-04 02:49:13','57637e9a-ea30-459d-ad25-10f05f1ed8c5'),(70,39,203,NULL,189,1,'2021-06-04 02:49:14','2021-06-04 02:49:14','91f1d65d-5c63-42e0-893c-9c92737bf374'),(71,40,203,NULL,190,1,'2021-06-04 02:49:14','2021-06-04 02:49:14','85d3fa02-8196-4a7e-902b-34a3ee08d05d'),(72,38,203,NULL,191,1,'2021-06-04 02:49:14','2021-06-04 02:49:14','20de18c1-87c6-482a-a601-1c95fa0fdc82'),(73,30,204,NULL,158,1,'2021-06-04 02:49:14','2021-06-04 02:49:14','70a7d5db-b2eb-4c5c-a15a-72eb3fb90b00'),(74,39,204,NULL,192,1,'2021-06-04 02:49:14','2021-06-04 02:49:14','5e6c0a79-229d-4ede-814b-f545a6732963'),(75,40,204,NULL,193,1,'2021-06-04 02:49:14','2021-06-04 02:49:14','c49d29bd-1e7e-47ec-adab-863e58648340'),(76,38,204,NULL,194,1,'2021-06-04 02:49:14','2021-06-04 02:49:14','56aed743-d09d-4e81-ad1e-f98a372f79c7'),(77,30,205,NULL,158,1,'2021-06-04 02:49:14','2021-06-04 02:49:14','16d43beb-6a6a-4e54-b398-1b39c4e1b0a4'),(78,39,205,NULL,195,1,'2021-06-04 02:49:14','2021-06-04 02:49:14','4e0d815c-9a3e-43a3-b48a-b7538e06317f'),(79,40,205,NULL,196,1,'2021-06-04 02:49:14','2021-06-04 02:49:14','2628870c-d3b4-4d94-80c9-b6d710844249'),(80,38,205,NULL,198,1,'2021-06-04 02:49:14','2021-06-04 02:49:14','ddeb64df-5925-4b72-aeff-fcbc0c987665'),(81,30,206,NULL,158,1,'2021-06-04 02:49:14','2021-06-04 02:49:14','08c7124f-0365-48e0-9757-653328c4d9a3'),(82,39,206,NULL,199,1,'2021-06-04 02:49:14','2021-06-04 02:49:14','53e30093-7c71-47e8-8986-8a762a1d0576'),(83,40,206,NULL,200,1,'2021-06-04 02:49:14','2021-06-04 02:49:14','78be586f-6714-4605-af16-d87961a20cba'),(84,38,206,NULL,201,1,'2021-06-04 02:49:14','2021-06-04 02:49:14','8c159cc3-c4f6-46b2-862d-883d8522ef18'),(85,30,208,NULL,157,1,'2021-06-04 02:49:16','2021-06-04 02:49:16','2ec4976e-04f5-4f5b-9806-d5dca7087d02'),(86,39,208,NULL,183,1,'2021-06-04 02:49:16','2021-06-04 02:49:16','9f96b8e9-617c-43c8-b030-82f47f8063f7'),(87,40,208,NULL,184,1,'2021-06-04 02:49:16','2021-06-04 02:49:16','936cd1f7-da02-46ae-8560-b960ae30aa0b'),(88,38,208,NULL,185,1,'2021-06-04 02:49:16','2021-06-04 02:49:16','0eae5d13-347a-42b8-b1e4-74b8f8711523'),(89,30,209,NULL,158,1,'2021-06-04 02:49:16','2021-06-04 02:49:16','c9f739bf-e245-43ba-bac6-ca72e3d840de'),(90,39,209,NULL,186,1,'2021-06-04 02:49:16','2021-06-04 02:49:16','6e9d2c33-ed6b-4008-a51b-1603ff3390b2'),(91,40,209,NULL,187,1,'2021-06-04 02:49:16','2021-06-04 02:49:16','f808bb5e-c7de-4f6d-9f47-19db654ea0aa'),(92,38,209,NULL,188,1,'2021-06-04 02:49:16','2021-06-04 02:49:16','bfcc8108-44c1-4763-aa6e-cc5d5c5490ff'),(93,30,210,NULL,157,1,'2021-06-04 02:49:16','2021-06-04 02:49:16','66c60b3e-75bc-4c82-845c-be52de08662b'),(94,39,210,NULL,189,1,'2021-06-04 02:49:16','2021-06-04 02:49:16','0d713453-e32f-4154-afa0-049ee4a35cf3'),(95,40,210,NULL,190,1,'2021-06-04 02:49:16','2021-06-04 02:49:16','ba40a32d-30e2-4475-ad49-073d9cbdee7b'),(96,38,210,NULL,191,1,'2021-06-04 02:49:16','2021-06-04 02:49:16','0a24355f-54fb-46df-b1c5-54e74fde5086'),(97,30,211,NULL,158,1,'2021-06-04 02:49:16','2021-06-04 02:49:16','ed08bf14-97ad-4353-886d-bbc5a544f0cf'),(98,39,211,NULL,192,1,'2021-06-04 02:49:16','2021-06-04 02:49:16','ea3663f6-f1ea-423e-9a31-ae6415eb51a9'),(99,40,211,NULL,193,1,'2021-06-04 02:49:16','2021-06-04 02:49:16','56da21ea-5cfa-48e6-b869-0fffab29bd81'),(100,38,211,NULL,194,1,'2021-06-04 02:49:16','2021-06-04 02:49:16','6c67cc16-624e-47b8-bb4c-3c1c0fe44ca0'),(101,30,212,NULL,158,1,'2021-06-04 02:49:16','2021-06-04 02:49:16','69ee8a2f-0ffb-4845-be1a-251548cfd251'),(102,39,212,NULL,195,1,'2021-06-04 02:49:16','2021-06-04 02:49:16','0dc3f3e6-1e42-4ae2-b4a1-fccae15580e3'),(103,40,212,NULL,196,1,'2021-06-04 02:49:16','2021-06-04 02:49:16','e642c11c-02ac-4e23-a8a4-ecb5851e9954'),(104,38,212,NULL,198,1,'2021-06-04 02:49:16','2021-06-04 02:49:16','4df20a8a-1ef3-432d-8fd0-3e9c42152d74'),(105,30,213,NULL,158,1,'2021-06-04 02:49:16','2021-06-04 02:49:16','7de62bed-6ae7-4a79-9a3f-ab0ee0614735'),(106,39,213,NULL,199,1,'2021-06-04 02:49:16','2021-06-04 02:49:16','51d6ca71-090d-4e32-a56c-21429fd2e1eb'),(107,40,213,NULL,200,1,'2021-06-04 02:49:16','2021-06-04 02:49:16','89b2c1aa-698e-4ea1-b599-983d52255968'),(108,38,213,NULL,201,1,'2021-06-04 02:49:16','2021-06-04 02:49:16','88fbeda5-91db-4275-9ddd-d0db2fe3bc13'),(109,28,214,NULL,140,1,'2021-06-04 02:49:16','2021-06-04 02:49:16','3b1634f0-2836-497a-9d86-c2664df044d5'),(110,28,215,NULL,141,1,'2021-06-04 02:49:16','2021-06-04 02:49:16','f686db7f-4b5b-4949-ba42-77a9abce50a0'),(111,28,216,NULL,142,1,'2021-06-04 02:49:16','2021-06-04 02:49:16','b36aa7f5-bfcd-44ec-8e05-70b954031485'),(112,28,217,NULL,143,1,'2021-06-04 02:49:16','2021-06-04 02:49:16','08e53fb2-2a70-44c3-a382-68f412b69d82'),(113,28,218,NULL,144,1,'2021-06-04 02:49:16','2021-06-04 02:49:16','1561378d-e7ca-4370-b1b1-1dbe965238dc'),(114,28,219,NULL,145,1,'2021-06-04 02:49:16','2021-06-04 02:49:16','cedb17db-3fc8-4aa5-ba0c-4b9203682793'),(115,30,225,NULL,157,1,'2021-06-04 04:54:16','2021-06-04 04:54:16','877a4013-f08b-44d7-87a3-fce27b91c5f5'),(116,39,225,NULL,183,1,'2021-06-04 04:54:16','2021-06-04 04:54:16','c996ac15-bf48-4985-a977-743f404624d3'),(117,40,225,NULL,184,1,'2021-06-04 04:54:16','2021-06-04 04:54:16','02e7e86c-7825-4057-9eed-bc379897b748'),(118,38,225,NULL,185,1,'2021-06-04 04:54:16','2021-06-04 04:54:16','48d5d47d-5ea3-48d5-8acd-75bd6e488305'),(119,30,226,NULL,158,1,'2021-06-04 04:54:16','2021-06-04 04:54:16','a4d0f723-d99a-4c2c-baec-3a555f83143a'),(120,39,226,NULL,186,1,'2021-06-04 04:54:16','2021-06-04 04:54:16','1ba5929f-2c9e-4f9e-8c09-7f7d303d4405'),(121,40,226,NULL,187,1,'2021-06-04 04:54:16','2021-06-04 04:54:16','9b38defe-8cb7-48e6-b835-00832708586e'),(122,38,226,NULL,188,1,'2021-06-04 04:54:16','2021-06-04 04:54:16','19b1134d-8c97-4542-9c58-2ede6b3f9542'),(123,30,227,NULL,157,1,'2021-06-04 04:54:20','2021-06-04 04:54:20','71e7f06a-44c3-47ec-bf42-04dc88d9f807'),(124,39,227,NULL,189,1,'2021-06-04 04:54:20','2021-06-04 04:54:20','3bbb1cfc-7d37-4316-ab4f-872b6bd37ef4'),(125,40,227,NULL,190,1,'2021-06-04 04:54:20','2021-06-04 04:54:20','9509eab6-13b5-4c73-8587-c52dcd2fb19b'),(126,38,227,NULL,191,1,'2021-06-04 04:54:20','2021-06-04 04:54:20','ad60ea1d-d8bd-4ea8-8624-b9535f7d1415'),(127,30,228,NULL,158,1,'2021-06-04 04:54:20','2021-06-04 04:54:20','5890f2d5-f359-4d15-b6ba-74483e82e542'),(128,39,228,NULL,192,1,'2021-06-04 04:54:20','2021-06-04 04:54:20','39838544-2c4b-4ec4-b0e2-1fbbe7e571bb'),(129,40,228,NULL,193,1,'2021-06-04 04:54:20','2021-06-04 04:54:20','f9589176-779c-4450-99d3-3b5d7aab35fd'),(130,38,228,NULL,194,1,'2021-06-04 04:54:20','2021-06-04 04:54:20','ece4f84e-d019-445f-8fc9-afc44a1fe514'),(131,30,229,NULL,158,1,'2021-06-04 04:54:20','2021-06-04 04:54:20','d37e3710-eced-48d1-a990-082683cc4bdd'),(132,39,229,NULL,195,1,'2021-06-04 04:54:20','2021-06-04 04:54:20','abde4cab-1d48-4fd8-8255-f405beb4ba63'),(133,40,229,NULL,196,1,'2021-06-04 04:54:20','2021-06-04 04:54:20','520c4439-30b4-4c3e-983c-79330e17c426'),(134,38,229,NULL,198,1,'2021-06-04 04:54:20','2021-06-04 04:54:20','b746f949-1b2b-4212-bb4e-d46ab5efad58'),(135,30,230,NULL,158,1,'2021-06-04 04:54:20','2021-06-04 04:54:20','2d289c86-1ede-4e4c-a8e8-3a4684f81c4f'),(136,39,230,NULL,199,1,'2021-06-04 04:54:20','2021-06-04 04:54:20','226f3e73-95c2-488e-880f-7c38d5357416'),(137,40,230,NULL,200,1,'2021-06-04 04:54:20','2021-06-04 04:54:20','2349531e-b9dd-4b3f-b503-3b70374af798'),(138,38,230,NULL,201,1,'2021-06-04 04:54:20','2021-06-04 04:54:20','d2b2538b-9119-4b3d-a8da-b89c6715706e'),(139,28,231,NULL,140,1,'2021-06-04 04:54:20','2021-06-04 04:54:20','d0dee137-cc83-4ddc-acb6-1ba8192503f8'),(140,28,232,NULL,141,1,'2021-06-04 04:54:20','2021-06-04 04:54:20','8fc7311b-5d9d-44b7-a986-8c595d301739'),(141,28,233,NULL,142,1,'2021-06-04 04:54:20','2021-06-04 04:54:20','bae9771d-de0e-48ec-9c66-4cce800630f2'),(142,28,234,NULL,143,1,'2021-06-04 04:54:20','2021-06-04 04:54:20','0f321f1b-57f6-4c9f-9468-9b518dc1a9a3'),(143,28,235,NULL,144,1,'2021-06-04 04:54:20','2021-06-04 04:54:20','a771aac1-798f-42a3-beef-515a48151ccb'),(144,28,236,NULL,145,1,'2021-06-04 04:54:20','2021-06-04 04:54:20','f036ea67-e273-4a35-8560-c1517c4cb91a'),(145,43,245,NULL,241,1,'2021-06-04 05:03:15','2021-06-04 05:03:15','d704a720-15fb-4889-8cc5-84701b5f9ef1'),(146,43,246,NULL,242,1,'2021-06-04 05:03:17','2021-06-04 05:03:17','1dc372de-501d-4215-9fd9-8440446b015d'),(147,43,247,NULL,243,1,'2021-06-04 05:03:17','2021-06-04 05:03:17','03ec70b7-ab69-4a69-8fe1-544460e5f23e'),(148,43,248,NULL,244,1,'2021-06-04 05:03:17','2021-06-04 05:03:17','fd651fa4-1b11-4ef2-96ff-893e1d1505ed'),(149,43,250,NULL,241,1,'2021-06-04 05:03:21','2021-06-04 05:03:21','0f460185-e213-4a49-995f-751f7fedad6f'),(150,43,251,NULL,242,1,'2021-06-04 05:03:21','2021-06-04 05:03:21','9053e585-9cd2-48f2-b27f-861f9a82ac9e'),(151,43,252,NULL,243,1,'2021-06-04 05:03:21','2021-06-04 05:03:21','a6d4af3e-84ad-4ac2-9edb-5187deae279f'),(152,43,253,NULL,244,1,'2021-06-04 05:03:21','2021-06-04 05:03:21','8defefee-e0c4-4257-8165-7dbfe071d17b'),(153,30,254,NULL,157,1,'2021-06-04 05:03:21','2021-06-04 05:03:21','afd6d333-031e-408c-9665-1de582939b39'),(154,39,254,NULL,183,1,'2021-06-04 05:03:21','2021-06-04 05:03:21','646a213a-939a-4104-b152-86c99feba4de'),(155,40,254,NULL,184,1,'2021-06-04 05:03:21','2021-06-04 05:03:21','691b2028-7fc7-4d56-80ae-7f4c60e5cbb4'),(156,38,254,NULL,185,1,'2021-06-04 05:03:21','2021-06-04 05:03:21','1a290932-d773-4d02-bbb4-19cbdd9ab056'),(157,30,255,NULL,158,1,'2021-06-04 05:03:21','2021-06-04 05:03:21','70c02073-a71d-4408-b9d8-da6ed12886ac'),(158,39,255,NULL,186,1,'2021-06-04 05:03:21','2021-06-04 05:03:21','aa257674-9d57-4353-bea1-867c6c66ee67'),(159,40,255,NULL,187,1,'2021-06-04 05:03:21','2021-06-04 05:03:21','22d2ee3e-08cb-48f2-b7d4-4b6b70d7c629'),(160,38,255,NULL,188,1,'2021-06-04 05:03:21','2021-06-04 05:03:21','dec932af-4c2a-4509-9fe6-ce72d8257992'),(161,30,256,NULL,157,1,'2021-06-04 05:03:21','2021-06-04 05:03:21','5afab349-212c-4fad-ad49-6fe0490139c5'),(162,39,256,NULL,189,1,'2021-06-04 05:03:21','2021-06-04 05:03:21','c470872d-5e3f-412d-af12-af8cd72f9972'),(163,40,256,NULL,190,1,'2021-06-04 05:03:21','2021-06-04 05:03:21','1ec70359-6650-46e7-aa29-ae6cae6e3cc8'),(164,38,256,NULL,191,1,'2021-06-04 05:03:21','2021-06-04 05:03:21','e701c56d-2d15-4a7f-a482-bfd233b47748'),(165,30,257,NULL,158,1,'2021-06-04 05:03:21','2021-06-04 05:03:21','defd53ad-f3d2-4af3-be08-5acc58ab0115'),(166,39,257,NULL,192,1,'2021-06-04 05:03:21','2021-06-04 05:03:21','52b14463-4221-4221-88cc-4dcc11c724f6'),(167,40,257,NULL,193,1,'2021-06-04 05:03:21','2021-06-04 05:03:21','e22ea962-8053-4c43-809a-445be176ca31'),(168,38,257,NULL,194,1,'2021-06-04 05:03:21','2021-06-04 05:03:21','82a7b10b-e166-404a-b2bb-2fd60b33dec5'),(169,30,258,NULL,158,1,'2021-06-04 05:03:21','2021-06-04 05:03:21','cad92bea-1030-43f6-8327-d4bba916524a'),(170,39,258,NULL,195,1,'2021-06-04 05:03:21','2021-06-04 05:03:21','88ff78af-8aca-47db-81da-58f541fa95f3'),(171,40,258,NULL,196,1,'2021-06-04 05:03:21','2021-06-04 05:03:21','16516812-9563-4a5f-94e9-d6523c04ed2e'),(172,38,258,NULL,198,1,'2021-06-04 05:03:21','2021-06-04 05:03:21','be9f2ff3-7652-4ef0-81b2-b3f5658c28fd'),(173,30,259,NULL,158,1,'2021-06-04 05:03:21','2021-06-04 05:03:21','6ab30a95-3923-4ea1-ae42-b07ef505b53d'),(174,39,259,NULL,199,1,'2021-06-04 05:03:21','2021-06-04 05:03:21','9fa55991-56ed-44b8-9027-a8659565bb7e'),(175,40,259,NULL,200,1,'2021-06-04 05:03:21','2021-06-04 05:03:21','288032de-cf3a-487b-8459-f9d1d7eaa5e8'),(176,38,259,NULL,201,1,'2021-06-04 05:03:21','2021-06-04 05:03:21','7e97bc58-a1cb-4f42-944f-95657bf174ff'),(177,28,260,NULL,140,1,'2021-06-04 05:03:22','2021-06-04 05:03:22','38fee5e9-35cc-4a22-8633-b79b7abeb5dc'),(178,28,261,NULL,141,1,'2021-06-04 05:03:22','2021-06-04 05:03:22','1a873cb7-7390-46f2-8b16-4babaa3d9f33'),(179,28,262,NULL,142,1,'2021-06-04 05:03:22','2021-06-04 05:03:22','66f6098f-07b2-42a0-b5ba-97334cb3b758'),(180,28,263,NULL,143,1,'2021-06-04 05:03:23','2021-06-04 05:03:23','66109464-f9c5-493d-b9bf-f4eaa37b18ad'),(181,28,264,NULL,144,1,'2021-06-04 05:03:23','2021-06-04 05:03:23','7ea503a4-7534-4a0b-9164-cf3bcce96a63'),(182,28,265,NULL,145,1,'2021-06-04 05:03:24','2021-06-04 05:03:24','bf78499f-6c4c-41b5-a222-6baf8b669a4a'),(183,43,276,NULL,241,1,'2021-06-04 05:33:58','2021-06-04 05:33:58','09b99e95-804c-4b8f-b282-fa84883ff286'),(184,43,277,NULL,242,1,'2021-06-04 05:33:58','2021-06-04 05:33:58','21f7474d-33e3-4bf5-8282-bdeb712534f7'),(185,43,278,NULL,243,1,'2021-06-04 05:33:58','2021-06-04 05:33:58','d466456e-d6cf-4c1c-8ea3-be593f6ba2bc'),(186,43,279,NULL,244,1,'2021-06-04 05:33:58','2021-06-04 05:33:58','72fde428-2ca8-411a-85de-1c5000659a3e'),(187,30,280,NULL,157,1,'2021-06-04 05:33:58','2021-06-04 05:33:58','a6aa916d-cdef-4f97-8046-a93123c081df'),(188,39,280,NULL,183,1,'2021-06-04 05:33:58','2021-06-04 05:33:58','f426a815-ec2c-48d6-86e0-30ec7fa69529'),(189,40,280,NULL,184,1,'2021-06-04 05:33:58','2021-06-04 05:33:58','dbf43759-5c70-487f-b467-2dcb2a95d206'),(190,38,280,NULL,185,1,'2021-06-04 05:33:58','2021-06-04 05:33:58','3f534b6f-c71d-42af-8809-1662d46ed3c2'),(191,30,281,NULL,158,1,'2021-06-04 05:33:58','2021-06-04 05:33:58','268c7e6f-aecc-4806-9f1f-c14bfad8f538'),(192,39,281,NULL,186,1,'2021-06-04 05:33:58','2021-06-04 05:33:58','f57c9e1f-0d75-4b9e-9095-aa8019bf769a'),(193,40,281,NULL,187,1,'2021-06-04 05:33:58','2021-06-04 05:33:58','872fd310-0861-46b7-a395-d16fc141323f'),(194,38,281,NULL,188,1,'2021-06-04 05:33:58','2021-06-04 05:33:58','bf9ad29d-ca17-4d08-bc54-2ad1c28c850c'),(195,30,282,NULL,157,1,'2021-06-04 05:33:58','2021-06-04 05:33:58','444ae78e-c35b-4a1f-93f4-731c1be0db9e'),(196,39,282,NULL,189,1,'2021-06-04 05:33:58','2021-06-04 05:33:58','78f3b2e1-35e2-42f9-ab64-26b1eb46156c'),(197,40,282,NULL,190,1,'2021-06-04 05:33:58','2021-06-04 05:33:58','e2ad679b-4342-4250-85cb-d49fd11c5f27'),(198,38,282,NULL,191,1,'2021-06-04 05:33:58','2021-06-04 05:33:58','3f4e5584-224c-428f-b023-faaaf1094c4b'),(199,30,283,NULL,158,1,'2021-06-04 05:33:58','2021-06-04 05:33:58','1eb76792-470d-4496-b05e-b5300085ca43'),(200,39,283,NULL,192,1,'2021-06-04 05:33:58','2021-06-04 05:33:58','cc9a9418-46f8-4615-826f-a6921c9cd9bd'),(201,40,283,NULL,193,1,'2021-06-04 05:33:58','2021-06-04 05:33:58','6aba8236-cf1c-4dd9-9f16-b1438bd1255c'),(202,38,283,NULL,194,1,'2021-06-04 05:33:58','2021-06-04 05:33:58','f6eec795-58f7-48e9-8a01-2d58d5e11abe'),(203,30,284,NULL,158,1,'2021-06-04 05:33:58','2021-06-04 05:33:58','8cb9d4f2-ca5e-47fe-a5b3-60e46067fb3c'),(204,39,284,NULL,195,1,'2021-06-04 05:33:58','2021-06-04 05:33:58','d13792c3-3aff-4c04-a784-a1efb0f361d5'),(205,40,284,NULL,196,1,'2021-06-04 05:33:58','2021-06-04 05:33:58','1bc8560d-18e9-44d6-80cd-7eb4dd54b41c'),(206,38,284,NULL,198,1,'2021-06-04 05:33:58','2021-06-04 05:33:58','33c104da-730b-49d0-b1f2-77f36e51a997'),(207,30,285,NULL,158,1,'2021-06-04 05:33:58','2021-06-04 05:33:58','5180954b-7ac5-4983-8f15-398a850da023'),(208,39,285,NULL,199,1,'2021-06-04 05:33:58','2021-06-04 05:33:58','9f97ab3e-8d3f-4e98-9d2a-8b687e1ccc32'),(209,40,285,NULL,200,1,'2021-06-04 05:33:58','2021-06-04 05:33:58','14993817-4346-49ce-8858-a8673efe36d1'),(210,38,285,NULL,201,1,'2021-06-04 05:33:58','2021-06-04 05:33:58','81a314ff-674c-42fd-9187-63c146abaaea'),(211,28,286,NULL,140,1,'2021-06-04 05:33:59','2021-06-04 05:33:59','f47af245-1454-46af-ad08-f3bab3cbdd9f'),(212,28,287,NULL,141,1,'2021-06-04 05:33:59','2021-06-04 05:33:59','4d495d09-f146-41ba-8892-16282d591d17'),(213,28,288,NULL,142,1,'2021-06-04 05:33:59','2021-06-04 05:33:59','64ce1011-6c0a-43c8-b683-7bd19e0ea28a'),(214,28,289,NULL,143,1,'2021-06-04 05:33:59','2021-06-04 05:33:59','6d10274f-94e6-4254-a64a-83c63c981c90'),(215,28,290,NULL,144,1,'2021-06-04 05:33:59','2021-06-04 05:33:59','24a702fe-82c4-40df-a72a-4743ef04fbad'),(216,28,291,NULL,145,1,'2021-06-04 05:34:01','2021-06-04 05:34:01','fb2f590a-8c13-47a2-a329-39e011ae5cf5'),(217,48,304,NULL,296,1,'2021-06-04 05:39:36','2021-06-04 05:39:36','9ebeacf0-4f0e-4dc5-a9ed-4f6b5d502188'),(218,48,305,NULL,297,1,'2021-06-04 05:39:36','2021-06-04 05:39:36','9626c567-c413-41ce-8a54-1dfe5d4a390e'),(219,48,306,NULL,298,1,'2021-06-04 05:39:36','2021-06-04 05:39:36','6b799128-4d77-469d-bfa8-e40e3a610bab'),(220,48,307,NULL,299,1,'2021-06-04 05:39:36','2021-06-04 05:39:36','8627dcd5-c8b1-45ef-b2e0-5f8f3578c1ee'),(221,48,308,NULL,300,1,'2021-06-04 05:39:36','2021-06-04 05:39:36','e78825ca-8961-4539-b818-2be2b80178c2'),(222,48,309,NULL,301,1,'2021-06-04 05:39:36','2021-06-04 05:39:36','192290f9-ae59-40ca-bdaa-a72fbd90c54e'),(223,48,310,NULL,302,1,'2021-06-04 05:39:36','2021-06-04 05:39:36','2f177b57-52c0-44c9-9622-99f6c290dbc8'),(224,48,311,NULL,303,1,'2021-06-04 05:39:37','2021-06-04 05:39:37','f6fe4394-7eb1-4e6e-862e-0f329bd60e25'),(225,43,313,NULL,241,1,'2021-06-04 05:39:38','2021-06-04 05:39:38','10552716-c53b-4b4b-8bd0-7c84b16069b0'),(226,43,314,NULL,242,1,'2021-06-04 05:39:39','2021-06-04 05:39:39','619dff92-cce3-4259-8924-ac9504765c71'),(227,43,315,NULL,243,1,'2021-06-04 05:39:39','2021-06-04 05:39:39','cfa1602c-a924-4ea8-baa9-c05223a5237f'),(228,43,316,NULL,244,1,'2021-06-04 05:39:39','2021-06-04 05:39:39','cf22b675-bf44-4138-b13c-5cf4d77218a2'),(229,30,317,NULL,157,1,'2021-06-04 05:39:39','2021-06-04 05:39:39','734dc14c-fded-4015-99c4-215252317f2d'),(230,39,317,NULL,183,1,'2021-06-04 05:39:39','2021-06-04 05:39:39','1ea26c3f-4d7f-4d49-b7aa-19ba28a4b064'),(231,40,317,NULL,184,1,'2021-06-04 05:39:39','2021-06-04 05:39:39','136cb7e6-9786-4627-9b23-6f4e1fcaaa6a'),(232,38,317,NULL,185,1,'2021-06-04 05:39:39','2021-06-04 05:39:39','5439ac5d-c6c1-487b-8544-c53b1d099524'),(233,30,318,NULL,158,1,'2021-06-04 05:39:39','2021-06-04 05:39:39','acc824e5-d35f-4042-bf2f-b332f78956e3'),(234,39,318,NULL,186,1,'2021-06-04 05:39:39','2021-06-04 05:39:39','c54202f3-3e8e-4371-9cca-339757010225'),(235,40,318,NULL,187,1,'2021-06-04 05:39:39','2021-06-04 05:39:39','138b710f-de38-42c8-b461-cacad2c80aa9'),(236,38,318,NULL,188,1,'2021-06-04 05:39:39','2021-06-04 05:39:39','7b05661a-e9ce-4e64-94b4-975687cb5e14'),(237,30,319,NULL,157,1,'2021-06-04 05:39:39','2021-06-04 05:39:39','2dfbd60e-ebda-4e13-a578-27ba77f69dce'),(238,39,319,NULL,189,1,'2021-06-04 05:39:39','2021-06-04 05:39:39','5f0c144b-8e77-4351-b367-f81f326175b6'),(239,40,319,NULL,190,1,'2021-06-04 05:39:39','2021-06-04 05:39:39','c2883143-2fc7-4f0e-b22a-0bcd8a2ffe50'),(240,38,319,NULL,191,1,'2021-06-04 05:39:39','2021-06-04 05:39:39','53a84ac1-8042-4142-8e7d-fe86e1cfd2ba'),(241,30,320,NULL,158,1,'2021-06-04 05:39:39','2021-06-04 05:39:39','4cc1edff-db0d-4f25-a278-6cb91ae48a79'),(242,39,320,NULL,192,1,'2021-06-04 05:39:39','2021-06-04 05:39:39','69fcf07b-a72c-4504-a5a8-03a2182e2f57'),(243,40,320,NULL,193,1,'2021-06-04 05:39:39','2021-06-04 05:39:39','c0031bdb-15e3-4125-9867-f7b98389c924'),(244,38,320,NULL,194,1,'2021-06-04 05:39:39','2021-06-04 05:39:39','0dc6d8b6-73e1-4719-8711-3b56fa0b79ae'),(245,30,321,NULL,158,1,'2021-06-04 05:39:39','2021-06-04 05:39:39','07439e87-0add-4567-9888-92ae1e3637b9'),(246,39,321,NULL,195,1,'2021-06-04 05:39:39','2021-06-04 05:39:39','c1e1e203-6a7e-43e0-8f1f-22651dabc37b'),(247,40,321,NULL,196,1,'2021-06-04 05:39:39','2021-06-04 05:39:39','93bd8f4d-fd9e-4969-a4a5-4ed645d8587a'),(248,38,321,NULL,198,1,'2021-06-04 05:39:39','2021-06-04 05:39:39','5d40d919-8cf0-4a29-9124-731c9cb0e399'),(249,30,322,NULL,158,1,'2021-06-04 05:39:39','2021-06-04 05:39:39','5d17a40e-5be8-42d1-85a0-af1d148dea61'),(250,39,322,NULL,199,1,'2021-06-04 05:39:39','2021-06-04 05:39:39','b24a557e-fb5c-4776-8276-2b23821c88c4'),(251,40,322,NULL,200,1,'2021-06-04 05:39:39','2021-06-04 05:39:39','f879ac12-e228-46a1-9aae-89aef0095bb6'),(252,38,322,NULL,201,1,'2021-06-04 05:39:39','2021-06-04 05:39:39','7b01708e-0476-4a35-8ae0-d0668e95bdeb'),(253,28,323,NULL,140,1,'2021-06-04 05:39:39','2021-06-04 05:39:39','4cd0dbd1-9919-4912-bbfc-c127e6117771'),(254,28,324,NULL,141,1,'2021-06-04 05:39:39','2021-06-04 05:39:39','7e9d3028-9a47-4f41-a8f1-13beec908c45'),(255,28,325,NULL,142,1,'2021-06-04 05:39:40','2021-06-04 05:39:40','a2bd93e5-272c-4f22-8b7b-5729611cdcf3'),(256,28,326,NULL,143,1,'2021-06-04 05:39:40','2021-06-04 05:39:40','d2683553-dc25-4f82-9391-640a7951d9d9'),(257,28,327,NULL,144,1,'2021-06-04 05:39:40','2021-06-04 05:39:40','efe1ff49-d8f7-4600-8995-8210c14a0cd8'),(258,28,328,NULL,145,1,'2021-06-04 05:39:40','2021-06-04 05:39:40','9e942aaf-59af-4613-961a-1aa904a860cc'),(259,48,333,NULL,296,1,'2021-06-04 05:39:40','2021-06-04 05:39:40','03408ef3-4bf2-4c3d-beba-1fa03013351a'),(260,48,334,NULL,297,1,'2021-06-04 05:39:40','2021-06-04 05:39:40','dc54c976-f6a9-4553-9c56-167bff907c82'),(261,48,335,NULL,298,1,'2021-06-04 05:39:40','2021-06-04 05:39:40','120b45ec-4d18-45df-ada3-3e3fc2645c4c'),(262,48,336,NULL,299,1,'2021-06-04 05:39:40','2021-06-04 05:39:40','2eaaffdf-6001-47fe-a45c-bbf2be5aac76'),(263,48,337,NULL,300,1,'2021-06-04 05:39:40','2021-06-04 05:39:40','0965dcef-f03e-4016-82c4-2e1a43ef4812'),(264,48,338,NULL,301,1,'2021-06-04 05:39:40','2021-06-04 05:39:40','d3c87d82-dcb5-4728-a5b8-d4cbf3c1466e'),(265,48,339,NULL,302,1,'2021-06-04 05:39:40','2021-06-04 05:39:40','37f8b983-8ccd-499d-af7c-6af5e33976bc'),(266,48,340,NULL,303,1,'2021-06-04 05:39:40','2021-06-04 05:39:40','45f02429-9e7f-4ee4-906c-a75335a719af'),(267,50,272,NULL,343,1,'2021-06-04 14:07:30','2021-06-04 14:07:30','709446dc-1dc2-4015-8754-9a80f19a291c'),(268,50,344,NULL,343,1,'2021-06-04 14:07:30','2021-06-04 14:07:30','0049e706-741b-4a17-bf8c-7e722443b41e'),(269,50,61,NULL,345,1,'2021-06-04 14:08:20','2021-06-04 14:08:20','aeba2b2a-3d69-4cbd-a55c-66096ee99351'),(270,50,346,NULL,345,1,'2021-06-04 14:08:20','2021-06-04 14:08:20','baf192e3-44ac-4911-814e-72f6dc4a9aae'),(271,50,64,NULL,347,1,'2021-06-04 14:09:41','2021-06-04 14:09:41','221cc982-ccf0-47fe-8a17-126a4e0cc9b2'),(272,50,348,NULL,347,1,'2021-06-04 14:09:41','2021-06-04 14:09:41','195203ec-1418-43b2-8033-f065f7594548'),(273,50,56,NULL,349,1,'2021-06-04 14:10:09','2021-06-04 14:10:09','c9d5dc98-8a9c-488c-8614-304e4d99eefc'),(274,50,350,NULL,349,1,'2021-06-04 14:10:09','2021-06-04 14:10:09','f23d54c7-f980-4e3f-bf31-9185c1a0176a'),(275,50,50,NULL,351,1,'2021-06-04 14:11:14','2021-06-04 14:11:14','66dad860-f9c8-4e9b-b9bd-211aebf420db'),(276,50,352,NULL,351,1,'2021-06-04 14:11:14','2021-06-04 14:11:14','b199e5ac-7039-46a1-b888-ea2341ad2a4b'),(277,14,352,NULL,53,1,'2021-06-04 14:11:14','2021-06-04 14:11:14','25c3b923-4d46-4b14-8277-74a984bbb640'),(278,14,354,NULL,46,1,'2021-06-04 14:11:39','2021-06-04 14:11:39','1aaa10e1-7148-49c4-bbdd-eb7f067a3025'),(279,50,42,NULL,353,1,'2021-06-04 15:19:40','2021-06-04 15:19:40','a435462d-3cfe-4f96-afaf-a3e869b0c67e'),(280,50,355,NULL,353,1,'2021-06-04 15:19:40','2021-06-04 15:19:40','b62708b2-bb0c-45f5-baeb-3df6416db7e9'),(281,14,355,NULL,46,1,'2021-06-04 15:19:40','2021-06-04 15:19:40','9678d56e-9c73-430e-b4d8-4d272e60f716');
/*!40000 ALTER TABLE `ccsf_relations` ENABLE KEYS */;
UNLOCK TABLES;
commit;

--
-- Dumping data for table `ccsf_resourcepaths`
--

LOCK TABLES `ccsf_resourcepaths` WRITE;
/*!40000 ALTER TABLE `ccsf_resourcepaths` DISABLE KEYS */;
set autocommit=0;
INSERT INTO `ccsf_resourcepaths` VALUES ('10faadd5','@app/web/assets/login/dist'),('11c66d91','@app/web/assets/matrixsettings/dist'),('120c1352','@lib/element-resize-detector'),('1366699e','@craft/web/assets/craftsupport/dist'),('14c4b8ab','@app/web/assets/cp/dist'),('1b60de53','@craft/web/assets/login/dist'),('1ca07665','@craft/redactor/assets/redactor-plugins/dist/fullscreen'),('200c39fe','@app/web/assets/feed/dist'),('242811b6','@craft/redactor/assets/field/dist'),('25be5edd','@lib/axios'),('27668f77','@app/web/assets/updater/dist'),('2c134fda','@lib/velocity'),('2c7354da','@craft/web/assets/feed/dist'),('2f691e94','@lib/jquery-ui'),('3034e032','@lib/jquery.payment'),('32465e8e','@app/web/assets/tablesettings/dist'),('3733dd48','@app/web/assets/updateswidget/dist'),('39a17189','@app/web/assets/craftsupport/dist'),('3a70fe11','@app/web/assets/fieldsettings/dist'),('3b6c30d1','@app/web/assets/utilities/dist'),('3d9cb8a7','@bower/jquery/dist'),('422f3f6b','@app/web/assets/pluginstore/dist'),('445a55cd','@app/web/assets/recententries/dist'),('45863743','@lib/vue'),('55307211','@craft/web/assets/dashboard/dist'),('59177240','@app/web/assets/cp/dist'),('5c15a77a','@app/web/assets/matrixsettings/dist'),('5fdfd9b9','@lib/element-resize-detector'),('61c08531','@lib/velocity'),('62bad47f','@lib/jquery-ui'),('686d9436','@lib/axios'),('6ddff315','@app/web/assets/feed/dist'),('704f724c','@bower/jquery/dist'),('7472bb62','@app/web/assets/craftsupport/dist'),('76bffa3a','@app/web/assets/utilities/dist'),('77a334fa','@app/web/assets/fieldsettings/dist'),('7ae017a3','@app/web/assets/updateswidget/dist'),('7de72ad9','@lib/jquery.payment'),('855fda8','@lib/vue'),('85e7f37d','@app/web/assets/updates/dist'),('890c32b7','@app/web/assets/admintable/dist'),('8a70ddf9','@craft/web/assets/recententries/dist'),('8c2eb3f7','@lib/garnishjs'),('9899f26','@app/web/assets/recententries/dist'),('996867c9','@lib/fabric'),('9a1a3c0c','@app/web/assets/dashboard/dist'),('9b862e09','@app/web/assets/deprecationerrors/dist'),('9d087fb0','@lib/timepicker'),('9d7d1242','@app/web/assets/fields/dist'),('9f3d70cc','@app/web/assets/editsection/dist'),('a2f727c5','@lib/xregexp'),('a3c81dd0','@craft/web/assets/installer/dist'),('a552b32f','@app/web/assets/dbbackup/dist'),('a57dbac9','@lib/iframe-resizer'),('a89b634f','@lib/selectize'),('a9de85de','@lib/fileupload'),('aeb44606','@craft/web/assets/cp/dist'),('b1243a2f','@craft/redactor/assets/redactor/dist'),('b1368420','@lib/picturefill'),('b371298c','@craft/redactor/assets/redactor-plugins/dist/video'),('b414b26b','@lib/prismjs'),('b4ca9f97','@craft/web/assets/updateswidget/dist'),('b59edc38','@app/web/assets/matrix/dist'),('b692b8e2','@lib/jquery-touch-events'),('b989bcce','@craft/web/assets/fieldsettings/dist'),('babcfe0c','@app/web/assets/editentry/dist'),('bf93a471','@lib/d3'),('c1fd791c','@lib/garnishjs'),('c4dff85c','@app/web/assets/admintable/dist'),('d0aed8a9','@app/web/assets/fields/dist'),('d0dbb55b','@lib/timepicker'),('d2eeba27','@app/web/assets/editsection/dist'),('d47e64cf','@craft/web/assets/fields/dist'),('d4bbad22','@lib/fabric'),('d7c9f6e7','@app/web/assets/dashboard/dist'),('dd509c1a','@craft/web/assets/admintable/dist'),('e40d4f35','@lib/fileupload'),('e548a9a4','@lib/selectize'),('e88179c4','@app/web/assets/dbbackup/dist'),('e8ae7022','@lib/iframe-resizer'),('ef24ed2e','@lib/xregexp'),('f2406e9a','@lib/d3'),('f76f34e7','@app/web/assets/editentry/dist'),('f84d16d3','@app/web/assets/matrix/dist'),('f9c77880','@lib/prismjs'),('fb417209','@lib/jquery-touch-events'),('fce54ecb','@lib/picturefill'),('ffcf580','@app/web/assets/pluginstore/dist');
/*!40000 ALTER TABLE `ccsf_resourcepaths` ENABLE KEYS */;
UNLOCK TABLES;
commit;

--
-- Dumping data for table `ccsf_revisions`
--

LOCK TABLES `ccsf_revisions` WRITE;
/*!40000 ALTER TABLE `ccsf_revisions` DISABLE KEYS */;
set autocommit=0;
INSERT INTO `ccsf_revisions` VALUES (1,18,1,1,NULL),(2,18,1,2,NULL),(3,18,1,3,NULL),(4,42,1,1,''),(5,42,1,2,''),(6,42,1,3,''),(7,42,1,4,''),(8,50,1,1,''),(9,50,1,2,''),(10,50,1,3,''),(11,56,1,1,''),(12,56,1,2,''),(13,61,1,1,''),(14,61,1,2,''),(15,64,1,1,''),(16,64,1,2,''),(17,67,1,1,NULL),(18,67,1,2,NULL),(19,67,1,3,NULL),(20,67,1,4,NULL),(21,67,1,5,NULL),(22,67,1,6,''),(23,67,1,7,''),(24,67,1,8,NULL),(25,67,1,9,NULL),(26,67,1,10,''),(27,67,1,11,NULL),(28,67,1,12,NULL),(29,67,1,13,NULL),(30,67,1,14,NULL),(31,67,1,15,NULL),(32,67,1,16,NULL),(33,67,1,17,''),(34,67,1,18,NULL),(35,67,1,19,''),(36,67,1,20,''),(37,67,1,21,''),(38,67,1,22,NULL),(39,67,1,23,''),(40,67,1,24,''),(41,67,1,25,NULL),(42,67,1,26,''),(43,64,1,3,''),(44,272,1,1,''),(45,272,1,2,''),(46,67,1,27,NULL),(47,67,1,28,''),(48,61,1,3,''),(49,272,1,3,''),(50,61,1,4,''),(51,64,1,4,''),(52,56,1,3,''),(53,50,1,4,''),(54,42,1,5,''),(55,42,1,6,'');
/*!40000 ALTER TABLE `ccsf_revisions` ENABLE KEYS */;
UNLOCK TABLES;
commit;

--
-- Dumping data for table `ccsf_searchindex`
--

LOCK TABLES `ccsf_searchindex` WRITE;
/*!40000 ALTER TABLE `ccsf_searchindex` DISABLE KEYS */;
set autocommit=0;
INSERT INTO `ccsf_searchindex` VALUES (1,'username',0,1,' admin '),(1,'firstname',0,1,''),(1,'lastname',0,1,''),(1,'fullname',0,1,''),(1,'email',0,1,' benito anagua gmail com '),(1,'slug',0,1,''),(2,'slug',0,1,''),(3,'filename',0,1,' logo svg '),(3,'extension',0,1,' svg '),(3,'kind',0,1,' image '),(3,'slug',0,1,''),(3,'title',0,1,' logo '),(4,'filename',0,1,' logo svg '),(4,'extension',0,1,' svg '),(4,'kind',0,1,' image '),(4,'slug',0,1,''),(4,'title',0,1,' logo '),(5,'filename',0,1,' logo svg '),(5,'extension',0,1,' svg '),(5,'kind',0,1,' image '),(5,'slug',0,1,''),(5,'title',0,1,' logo '),(6,'filename',0,1,' android chrome 512x512 png '),(6,'extension',0,1,' png '),(6,'kind',0,1,' image '),(6,'slug',0,1,''),(6,'title',0,1,' android chrome 512x512 '),(7,'filename',0,1,' android chrome 192x192 png '),(7,'extension',0,1,' png '),(7,'kind',0,1,' image '),(7,'slug',0,1,''),(7,'title',0,1,' android chrome 192x192 '),(8,'filename',0,1,' apple touch icon png '),(8,'extension',0,1,' png '),(8,'kind',0,1,' image '),(8,'slug',0,1,''),(8,'title',0,1,' apple touch icon '),(9,'filename',0,1,' favicon 32x32 png '),(9,'extension',0,1,' png '),(9,'kind',0,1,' image '),(9,'slug',0,1,''),(9,'title',0,1,' favicon 32x32 '),(10,'filename',0,1,' favicon 16x16 png '),(10,'extension',0,1,' png '),(10,'kind',0,1,' image '),(10,'slug',0,1,''),(10,'title',0,1,' favicon 16x16 '),(11,'slug',0,1,''),(12,'slug',0,1,''),(13,'slug',0,1,''),(14,'slug',0,1,''),(15,'slug',0,1,''),(16,'filename',0,1,' favicon ico '),(16,'extension',0,1,' ico '),(16,'kind',0,1,' unknown '),(16,'slug',0,1,''),(16,'title',0,1,' favicon '),(17,'slug',0,1,''),(18,'title',0,1,' menu '),(18,'slug',0,1,' menu '),(22,'slug',0,1,''),(23,'slug',0,1,''),(24,'slug',0,1,''),(25,'slug',0,1,''),(26,'slug',0,1,''),(27,'slug',0,1,''),(28,'slug',0,1,''),(29,'slug',0,1,''),(30,'slug',0,1,''),(31,'slug',0,1,''),(32,'slug',0,1,''),(33,'slug',0,1,''),(34,'slug',0,1,''),(35,'slug',0,1,''),(36,'slug',0,1,''),(37,'slug',0,1,''),(38,'slug',0,1,''),(39,'slug',0,1,''),(40,'slug',0,1,' temp ulqfbzyhkalnltusvxeiyrmgfifesldhvkth '),(40,'title',0,1,''),(42,'slug',0,1,' hero '),(42,'title',0,1,' hero '),(45,'filename',0,1,' faviconnew ico '),(45,'extension',0,1,' ico '),(45,'kind',0,1,' unknown '),(45,'slug',0,1,''),(45,'title',0,1,' favicon new '),(46,'filename',0,1,' hero bg jpg '),(46,'extension',0,1,' jpg '),(46,'kind',0,1,' image '),(46,'slug',0,1,''),(46,'title',0,1,' hero bg '),(50,'title',0,1,' who we are '),(53,'filename',0,1,' about photo jpeg '),(50,'slug',0,1,' who we are '),(53,'extension',0,1,' jpeg '),(53,'kind',0,1,' image '),(53,'slug',0,1,''),(53,'title',0,1,' about photo '),(56,'slug',0,1,' our expertise '),(342,'slug',0,1,' temp ayphhprpsjhlkdkisifeqkxjmnutsuayrmyu '),(56,'title',0,1,' our expertise '),(64,'slug',0,1,' recent works '),(64,'title',0,1,' recent works '),(61,'title',0,1,' get in touch '),(61,'slug',0,1,' get in touch '),(67,'slug',0,1,' home page '),(67,'title',0,1,' home page '),(72,'slug',0,1,''),(73,'slug',0,1,''),(74,'slug',0,1,''),(75,'slug',0,1,''),(76,'slug',0,1,''),(78,'slug',0,1,''),(80,'slug',0,1,''),(82,'slug',0,1,''),(92,'slug',0,1,''),(93,'slug',0,1,''),(94,'slug',0,1,''),(95,'slug',0,1,''),(97,'slug',0,1,''),(98,'slug',0,1,''),(99,'slug',0,1,''),(100,'slug',0,1,''),(102,'slug',0,1,''),(103,'slug',0,1,''),(104,'slug',0,1,''),(105,'slug',0,1,''),(106,'filename',0,1,' icon product design svg '),(106,'extension',0,1,' svg '),(106,'kind',0,1,' image '),(106,'slug',0,1,''),(106,'title',0,1,' icon product design '),(107,'filename',0,1,' icon branding svg '),(107,'extension',0,1,' svg '),(107,'kind',0,1,' image '),(107,'slug',0,1,''),(107,'title',0,1,' icon branding '),(108,'filename',0,1,' icon frontend svg '),(108,'extension',0,1,' svg '),(108,'kind',0,1,' image '),(108,'slug',0,1,''),(108,'title',0,1,' icon frontend '),(109,'filename',0,1,' icon research svg '),(109,'extension',0,1,' svg '),(109,'kind',0,1,' image '),(109,'slug',0,1,''),(109,'title',0,1,' icon research '),(110,'filename',0,1,' icon illustration svg '),(110,'extension',0,1,' svg '),(110,'kind',0,1,' image '),(110,'slug',0,1,''),(110,'title',0,1,' icon illustration '),(111,'filename',0,1,' icon ecommerce svg '),(111,'extension',0,1,' svg '),(111,'kind',0,1,' image '),(111,'slug',0,1,''),(111,'title',0,1,' icon ecommerce '),(112,'slug',0,1,''),(113,'slug',0,1,''),(114,'slug',0,1,''),(115,'slug',0,1,''),(116,'slug',0,1,''),(117,'slug',0,1,''),(119,'slug',0,1,''),(120,'slug',0,1,''),(121,'slug',0,1,''),(122,'slug',0,1,''),(123,'slug',0,1,''),(124,'slug',0,1,''),(125,'slug',0,1,''),(126,'slug',0,1,''),(127,'slug',0,1,''),(128,'slug',0,1,''),(130,'slug',0,1,''),(131,'slug',0,1,''),(132,'slug',0,1,''),(133,'slug',0,1,''),(134,'slug',0,1,''),(135,'slug',0,1,''),(136,'slug',0,1,''),(137,'slug',0,1,''),(138,'slug',0,1,''),(139,'slug',0,1,''),(140,'filename',0,1,' icon product design svg '),(140,'extension',0,1,' svg '),(140,'kind',0,1,' image '),(140,'slug',0,1,''),(140,'title',0,1,' icon product design '),(141,'filename',0,1,' icon branding svg '),(141,'extension',0,1,' svg '),(141,'kind',0,1,' image '),(141,'slug',0,1,''),(141,'title',0,1,' icon branding '),(142,'filename',0,1,' icon frontend svg '),(142,'extension',0,1,' svg '),(142,'kind',0,1,' image '),(142,'slug',0,1,''),(142,'title',0,1,' icon frontend '),(143,'filename',0,1,' icon research svg '),(143,'extension',0,1,' svg '),(143,'kind',0,1,' image '),(143,'slug',0,1,''),(143,'title',0,1,' icon research '),(144,'filename',0,1,' icon illustration svg '),(144,'extension',0,1,' svg '),(144,'kind',0,1,' image '),(144,'slug',0,1,''),(144,'title',0,1,' icon illustration '),(145,'filename',0,1,' icon ecommerce svg '),(145,'extension',0,1,' svg '),(145,'kind',0,1,' image '),(145,'slug',0,1,''),(145,'title',0,1,' icon ecommerce '),(147,'slug',0,1,''),(148,'slug',0,1,''),(149,'slug',0,1,''),(150,'slug',0,1,''),(151,'slug',0,1,''),(152,'slug',0,1,''),(153,'slug',0,1,''),(154,'slug',0,1,''),(155,'slug',0,1,''),(156,'slug',0,1,''),(157,'slug',0,1,' branding '),(157,'title',0,1,' branding '),(158,'slug',0,1,' frontend design '),(158,'title',0,1,' frontend design '),(160,'slug',0,1,''),(161,'slug',0,1,''),(162,'slug',0,1,''),(163,'slug',0,1,''),(164,'slug',0,1,''),(165,'slug',0,1,''),(166,'slug',0,1,''),(167,'slug',0,1,''),(168,'slug',0,1,''),(169,'slug',0,1,''),(170,'slug',0,1,''),(172,'slug',0,1,''),(173,'slug',0,1,''),(174,'slug',0,1,''),(175,'slug',0,1,''),(176,'slug',0,1,''),(177,'slug',0,1,''),(178,'slug',0,1,''),(179,'slug',0,1,''),(180,'slug',0,1,''),(181,'slug',0,1,''),(182,'slug',0,1,''),(183,'filename',0,1,' g red wheel jpeg '),(183,'extension',0,1,' jpeg '),(183,'kind',0,1,' image '),(183,'slug',0,1,''),(183,'title',0,1,' g red wheel '),(184,'filename',0,1,' red wheel jpeg '),(184,'extension',0,1,' jpeg '),(184,'kind',0,1,' image '),(184,'slug',0,1,''),(184,'title',0,1,' red wheel '),(185,'filename',0,1,' red wheel 2x jpeg '),(185,'extension',0,1,' jpeg '),(185,'kind',0,1,' image '),(185,'slug',0,1,''),(185,'title',0,1,' red wheel 2x '),(186,'filename',0,1,' g music life jpeg '),(186,'extension',0,1,' jpeg '),(186,'kind',0,1,' image '),(186,'slug',0,1,''),(186,'title',0,1,' g music life '),(187,'filename',0,1,' music life jpeg '),(187,'extension',0,1,' jpeg '),(187,'kind',0,1,' image '),(187,'slug',0,1,''),(187,'title',0,1,' music life '),(188,'filename',0,1,' music life 2x jpeg '),(188,'extension',0,1,' jpeg '),(188,'kind',0,1,' image '),(188,'slug',0,1,''),(188,'title',0,1,' music life 2x '),(189,'filename',0,1,' g oi logo jpeg '),(189,'extension',0,1,' jpeg '),(189,'kind',0,1,' image '),(189,'slug',0,1,''),(189,'title',0,1,' g oi logo '),(190,'filename',0,1,' oi logo jpeg '),(190,'extension',0,1,' jpeg '),(190,'kind',0,1,' image '),(190,'slug',0,1,''),(190,'title',0,1,' oi logo '),(191,'filename',0,1,' oi logo 2x jpeg '),(191,'extension',0,1,' jpeg '),(191,'kind',0,1,' image '),(191,'slug',0,1,''),(191,'title',0,1,' oi logo 2x '),(192,'filename',0,1,' g corrugated sheets jpeg '),(192,'extension',0,1,' jpeg '),(192,'kind',0,1,' image '),(192,'slug',0,1,''),(192,'title',0,1,' g corrugated sheets '),(193,'filename',0,1,' corrugated sheets jpeg '),(193,'extension',0,1,' jpeg '),(193,'kind',0,1,' image '),(193,'slug',0,1,''),(193,'title',0,1,' corrugated sheets '),(194,'filename',0,1,' corrugated sheets 2x jpeg '),(194,'extension',0,1,' jpeg '),(194,'kind',0,1,' image '),(194,'slug',0,1,''),(194,'title',0,1,' corrugated sheets 2x '),(195,'filename',0,1,' g woodcraft jpeg '),(195,'extension',0,1,' jpeg '),(195,'kind',0,1,' image '),(195,'slug',0,1,''),(195,'title',0,1,' g woodcraft '),(196,'filename',0,1,' woodcraft jpeg '),(196,'extension',0,1,' jpeg '),(196,'kind',0,1,' image '),(196,'slug',0,1,''),(196,'title',0,1,' woodcraft '),(197,'filename',0,1,' red wheel 2x 2021 06 04 024825 nqgb jpeg '),(197,'extension',0,1,' jpeg '),(197,'kind',0,1,' image '),(197,'slug',0,1,''),(197,'title',0,1,' red wheel 2x '),(198,'filename',0,1,' woodcraft 2x jpeg '),(198,'extension',0,1,' jpeg '),(198,'kind',0,1,' image '),(198,'slug',0,1,''),(198,'title',0,1,' woodcraft 2x '),(199,'filename',0,1,' g lamp jpeg '),(199,'extension',0,1,' jpeg '),(199,'kind',0,1,' image '),(199,'slug',0,1,''),(199,'title',0,1,' g lamp '),(200,'filename',0,1,' lamp jpeg '),(200,'extension',0,1,' jpeg '),(200,'kind',0,1,' image '),(200,'slug',0,1,''),(200,'title',0,1,' lamp '),(201,'filename',0,1,' lamp 2x jpeg '),(201,'extension',0,1,' jpeg '),(201,'kind',0,1,' image '),(201,'slug',0,1,''),(201,'title',0,1,' lamp 2x '),(202,'slug',0,1,''),(203,'slug',0,1,''),(204,'slug',0,1,''),(205,'slug',0,1,''),(206,'slug',0,1,''),(208,'slug',0,1,''),(209,'slug',0,1,''),(210,'slug',0,1,''),(211,'slug',0,1,''),(212,'slug',0,1,''),(213,'slug',0,1,''),(214,'slug',0,1,''),(215,'slug',0,1,''),(216,'slug',0,1,''),(217,'slug',0,1,''),(218,'slug',0,1,''),(219,'slug',0,1,''),(220,'slug',0,1,''),(221,'slug',0,1,''),(222,'slug',0,1,''),(223,'slug',0,1,''),(225,'slug',0,1,''),(226,'slug',0,1,''),(227,'slug',0,1,''),(228,'slug',0,1,''),(229,'slug',0,1,''),(230,'slug',0,1,''),(231,'slug',0,1,''),(232,'slug',0,1,''),(233,'slug',0,1,''),(234,'slug',0,1,''),(235,'slug',0,1,''),(236,'slug',0,1,''),(237,'slug',0,1,''),(238,'slug',0,1,''),(239,'slug',0,1,''),(240,'slug',0,1,''),(241,'filename',0,1,' user 02 jpg '),(241,'extension',0,1,' jpg '),(241,'kind',0,1,' image '),(241,'slug',0,1,''),(241,'title',0,1,' user 02 '),(242,'filename',0,1,' user 01 jpg '),(242,'extension',0,1,' jpg '),(242,'kind',0,1,' image '),(242,'slug',0,1,''),(242,'title',0,1,' user 01 '),(243,'filename',0,1,' user 04 jpg '),(243,'extension',0,1,' jpg '),(243,'kind',0,1,' image '),(243,'slug',0,1,''),(243,'title',0,1,' user 04 '),(244,'filename',0,1,' user 05 jpg '),(244,'extension',0,1,' jpg '),(244,'kind',0,1,' image '),(244,'slug',0,1,''),(244,'title',0,1,' user 05 '),(245,'slug',0,1,''),(246,'slug',0,1,''),(247,'slug',0,1,''),(248,'slug',0,1,''),(250,'slug',0,1,''),(251,'slug',0,1,''),(252,'slug',0,1,''),(253,'slug',0,1,''),(254,'slug',0,1,''),(255,'slug',0,1,''),(256,'slug',0,1,''),(257,'slug',0,1,''),(258,'slug',0,1,''),(259,'slug',0,1,''),(260,'slug',0,1,''),(261,'slug',0,1,''),(262,'slug',0,1,''),(263,'slug',0,1,''),(264,'slug',0,1,''),(265,'slug',0,1,''),(266,'slug',0,1,''),(267,'slug',0,1,''),(268,'slug',0,1,''),(269,'slug',0,1,''),(272,'slug',0,1,' clients '),(276,'slug',0,1,''),(272,'title',0,1,' clients '),(277,'slug',0,1,''),(278,'slug',0,1,''),(279,'slug',0,1,''),(280,'slug',0,1,''),(281,'slug',0,1,''),(282,'slug',0,1,''),(283,'slug',0,1,''),(284,'slug',0,1,''),(285,'slug',0,1,''),(286,'slug',0,1,''),(287,'slug',0,1,''),(288,'slug',0,1,''),(289,'slug',0,1,''),(290,'slug',0,1,''),(291,'slug',0,1,''),(292,'slug',0,1,''),(293,'slug',0,1,''),(294,'slug',0,1,''),(295,'slug',0,1,''),(296,'filename',0,1,' dropbox svg '),(296,'extension',0,1,' svg '),(296,'kind',0,1,' image '),(296,'slug',0,1,''),(296,'title',0,1,' dropbox '),(297,'filename',0,1,' atom svg '),(297,'extension',0,1,' svg '),(297,'kind',0,1,' image '),(297,'slug',0,1,''),(297,'title',0,1,' atom '),(298,'filename',0,1,' github svg '),(298,'extension',0,1,' svg '),(298,'kind',0,1,' image '),(298,'slug',0,1,''),(298,'title',0,1,' github '),(299,'filename',0,1,' redhat svg '),(299,'extension',0,1,' svg '),(299,'kind',0,1,' image '),(299,'slug',0,1,''),(299,'title',0,1,' redhat '),(300,'filename',0,1,' medium svg '),(300,'extension',0,1,' svg '),(300,'kind',0,1,' image '),(300,'slug',0,1,''),(300,'title',0,1,' medium '),(301,'filename',0,1,' messenger svg '),(301,'extension',0,1,' svg '),(301,'kind',0,1,' image '),(301,'slug',0,1,''),(301,'title',0,1,' messenger '),(302,'filename',0,1,' steam svg '),(302,'extension',0,1,' svg '),(302,'kind',0,1,' image '),(302,'slug',0,1,''),(302,'title',0,1,' steam '),(303,'filename',0,1,' spotify svg '),(303,'extension',0,1,' svg '),(303,'kind',0,1,' image '),(303,'slug',0,1,''),(303,'title',0,1,' spotify '),(304,'slug',0,1,''),(305,'slug',0,1,''),(306,'slug',0,1,''),(307,'slug',0,1,''),(308,'slug',0,1,''),(309,'slug',0,1,''),(310,'slug',0,1,''),(311,'slug',0,1,''),(313,'slug',0,1,''),(314,'slug',0,1,''),(315,'slug',0,1,''),(316,'slug',0,1,''),(317,'slug',0,1,''),(318,'slug',0,1,''),(319,'slug',0,1,''),(320,'slug',0,1,''),(321,'slug',0,1,''),(322,'slug',0,1,''),(323,'slug',0,1,''),(324,'slug',0,1,''),(325,'slug',0,1,''),(326,'slug',0,1,''),(327,'slug',0,1,''),(328,'slug',0,1,''),(329,'slug',0,1,''),(330,'slug',0,1,''),(331,'slug',0,1,''),(332,'slug',0,1,''),(333,'slug',0,1,''),(334,'slug',0,1,''),(335,'slug',0,1,''),(336,'slug',0,1,''),(337,'slug',0,1,''),(338,'slug',0,1,''),(339,'slug',0,1,''),(340,'slug',0,1,''),(342,'title',0,1,''),(343,'slug',0,1,' clients '),(343,'title',0,1,' clients '),(345,'slug',0,1,' contact '),(345,'title',0,1,' contact '),(347,'slug',0,1,' portfolio '),(347,'title',0,1,' portfolio '),(349,'slug',0,1,' services '),(349,'title',0,1,' services '),(351,'slug',0,1,' about '),(351,'title',0,1,' about '),(353,'slug',0,1,' hero '),(353,'title',0,1,' hero '),(356,'slug',0,1,''),(357,'slug',0,1,'');
/*!40000 ALTER TABLE `ccsf_searchindex` ENABLE KEYS */;
UNLOCK TABLES;
commit;

--
-- Dumping data for table `ccsf_sections`
--

LOCK TABLES `ccsf_sections` WRITE;
/*!40000 ALTER TABLE `ccsf_sections` DISABLE KEYS */;
set autocommit=0;
INSERT INTO `ccsf_sections` VALUES (1,NULL,'Menu','menu','single',1,'all',NULL,'2021-06-02 00:26:44','2021-06-02 00:26:44','2021-06-02 00:29:22','f6dda4f3-d5fb-4429-8c44-c3132e219ed0'),(2,NULL,'Sectors','sectors','channel',1,'all',NULL,'2021-06-02 22:24:37','2021-06-02 23:29:42',NULL,'1b4ef467-1426-452e-b6a2-ace8af90dca9'),(3,NULL,'Home Page','homePage','single',1,'all',NULL,'2021-06-03 02:26:56','2021-06-03 02:26:56',NULL,'5e14f7da-7fab-4337-9b3a-2dbb70ffd892');
/*!40000 ALTER TABLE `ccsf_sections` ENABLE KEYS */;
UNLOCK TABLES;
commit;

--
-- Dumping data for table `ccsf_sections_sites`
--

LOCK TABLES `ccsf_sections_sites` WRITE;
/*!40000 ALTER TABLE `ccsf_sections_sites` DISABLE KEYS */;
set autocommit=0;
INSERT INTO `ccsf_sections_sites` VALUES (1,1,1,1,'menu','menu/_entry',1,'2021-06-02 00:26:44','2021-06-02 00:26:44','9a271782-eda4-4b76-9868-f639dc270439'),(2,2,1,1,'sector/{slug}','sector/_entry',1,'2021-06-02 22:24:37','2021-06-02 22:24:37','2fc84d15-e861-48cb-bc0f-88573ea2d279'),(3,3,1,1,'__home__',NULL,1,'2021-06-03 02:26:56','2021-06-03 12:30:23','51069d4f-a2fb-46b1-b066-28c1bc529f92');
/*!40000 ALTER TABLE `ccsf_sections_sites` ENABLE KEYS */;
UNLOCK TABLES;
commit;

--
-- Dumping data for table `ccsf_sequences`
--

LOCK TABLES `ccsf_sequences` WRITE;
/*!40000 ALTER TABLE `ccsf_sequences` DISABLE KEYS */;
set autocommit=0;
/*!40000 ALTER TABLE `ccsf_sequences` ENABLE KEYS */;
UNLOCK TABLES;
commit;

--
-- Dumping data for table `ccsf_shunnedmessages`
--

LOCK TABLES `ccsf_shunnedmessages` WRITE;
/*!40000 ALTER TABLE `ccsf_shunnedmessages` DISABLE KEYS */;
set autocommit=0;
/*!40000 ALTER TABLE `ccsf_shunnedmessages` ENABLE KEYS */;
UNLOCK TABLES;
commit;

--
-- Dumping data for table `ccsf_sitegroups`
--

LOCK TABLES `ccsf_sitegroups` WRITE;
/*!40000 ALTER TABLE `ccsf_sitegroups` DISABLE KEYS */;
set autocommit=0;
INSERT INTO `ccsf_sitegroups` VALUES (1,'Flare','2021-05-31 13:40:00','2021-05-31 13:40:00',NULL,'278f32dc-b1d1-4efd-8374-ee4cf793fd6c');
/*!40000 ALTER TABLE `ccsf_sitegroups` ENABLE KEYS */;
UNLOCK TABLES;
commit;

--
-- Dumping data for table `ccsf_sites`
--

LOCK TABLES `ccsf_sites` WRITE;
/*!40000 ALTER TABLE `ccsf_sites` DISABLE KEYS */;
set autocommit=0;
INSERT INTO `ccsf_sites` VALUES (1,1,1,1,'Flare','default','en-US',1,'$PRIMARY_SITE_URL',1,'2021-05-31 13:40:00','2021-05-31 13:40:00',NULL,'1e00f3c3-88a4-4c2e-bee0-6f7d5cb70a10');
/*!40000 ALTER TABLE `ccsf_sites` ENABLE KEYS */;
UNLOCK TABLES;
commit;

--
-- Dumping data for table `ccsf_structureelements`
--

LOCK TABLES `ccsf_structureelements` WRITE;
/*!40000 ALTER TABLE `ccsf_structureelements` DISABLE KEYS */;
set autocommit=0;
INSERT INTO `ccsf_structureelements` VALUES (1,1,NULL,1,1,6,0,'2021-06-04 01:31:35','2021-06-04 01:31:59','a29222a0-eb1e-45d6-a606-467e16c50edc'),(2,1,157,1,2,3,1,'2021-06-04 01:31:35','2021-06-04 01:31:35','eaa45958-216c-4e54-8492-e7d58bba822e'),(3,1,158,1,4,5,1,'2021-06-04 01:31:59','2021-06-04 01:31:59','22c49134-7fdb-4b5d-93ea-2d801da3fa3a');
/*!40000 ALTER TABLE `ccsf_structureelements` ENABLE KEYS */;
UNLOCK TABLES;
commit;

--
-- Dumping data for table `ccsf_structures`
--

LOCK TABLES `ccsf_structures` WRITE;
/*!40000 ALTER TABLE `ccsf_structures` DISABLE KEYS */;
set autocommit=0;
INSERT INTO `ccsf_structures` VALUES (1,1,'2021-06-04 01:30:59','2021-06-04 01:30:59',NULL,'716a60af-a8bd-4569-b02a-8ef8bd2e7470');
/*!40000 ALTER TABLE `ccsf_structures` ENABLE KEYS */;
UNLOCK TABLES;
commit;

--
-- Dumping data for table `ccsf_systemmessages`
--

LOCK TABLES `ccsf_systemmessages` WRITE;
/*!40000 ALTER TABLE `ccsf_systemmessages` DISABLE KEYS */;
set autocommit=0;
/*!40000 ALTER TABLE `ccsf_systemmessages` ENABLE KEYS */;
UNLOCK TABLES;
commit;

--
-- Dumping data for table `ccsf_taggroups`
--

LOCK TABLES `ccsf_taggroups` WRITE;
/*!40000 ALTER TABLE `ccsf_taggroups` DISABLE KEYS */;
set autocommit=0;
INSERT INTO `ccsf_taggroups` VALUES (1,'Label','label',NULL,'2021-06-04 13:55:42','2021-06-04 14:00:16',NULL,'73f18fd1-c9ab-4de2-922a-76b51c6ffd60');
/*!40000 ALTER TABLE `ccsf_taggroups` ENABLE KEYS */;
UNLOCK TABLES;
commit;

--
-- Dumping data for table `ccsf_tags`
--

LOCK TABLES `ccsf_tags` WRITE;
/*!40000 ALTER TABLE `ccsf_tags` DISABLE KEYS */;
set autocommit=0;
INSERT INTO `ccsf_tags` VALUES (343,1,NULL,'2021-06-04 14:07:24','2021-06-04 14:07:24','7e2291a2-afda-4d90-a349-38e05403f177'),(345,1,NULL,'2021-06-04 14:08:17','2021-06-04 14:08:17','b7893b41-2b5a-4bd4-b1a1-f08ecced0dc6'),(347,1,NULL,'2021-06-04 14:09:37','2021-06-04 14:09:37','fb8b0ece-9003-4bac-b80a-c04a01e3e7a3'),(349,1,NULL,'2021-06-04 14:10:05','2021-06-04 14:10:05','d11ef39d-caad-4443-b7fe-3fcb63ba87a2'),(351,1,NULL,'2021-06-04 14:11:09','2021-06-04 14:11:09','54d1c52e-aab1-4fbd-805e-c93d57480952'),(353,1,NULL,'2021-06-04 14:11:36','2021-06-04 14:11:36','516628c2-0fa6-46bd-9436-77bf33119a60');
/*!40000 ALTER TABLE `ccsf_tags` ENABLE KEYS */;
UNLOCK TABLES;
commit;

--
-- Dumping data for table `ccsf_tokens`
--

LOCK TABLES `ccsf_tokens` WRITE;
/*!40000 ALTER TABLE `ccsf_tokens` DISABLE KEYS */;
set autocommit=0;
/*!40000 ALTER TABLE `ccsf_tokens` ENABLE KEYS */;
UNLOCK TABLES;
commit;

--
-- Dumping data for table `ccsf_usergroups`
--

LOCK TABLES `ccsf_usergroups` WRITE;
/*!40000 ALTER TABLE `ccsf_usergroups` DISABLE KEYS */;
set autocommit=0;
/*!40000 ALTER TABLE `ccsf_usergroups` ENABLE KEYS */;
UNLOCK TABLES;
commit;

--
-- Dumping data for table `ccsf_usergroups_users`
--

LOCK TABLES `ccsf_usergroups_users` WRITE;
/*!40000 ALTER TABLE `ccsf_usergroups_users` DISABLE KEYS */;
set autocommit=0;
/*!40000 ALTER TABLE `ccsf_usergroups_users` ENABLE KEYS */;
UNLOCK TABLES;
commit;

--
-- Dumping data for table `ccsf_userpermissions`
--

LOCK TABLES `ccsf_userpermissions` WRITE;
/*!40000 ALTER TABLE `ccsf_userpermissions` DISABLE KEYS */;
set autocommit=0;
/*!40000 ALTER TABLE `ccsf_userpermissions` ENABLE KEYS */;
UNLOCK TABLES;
commit;

--
-- Dumping data for table `ccsf_userpermissions_usergroups`
--

LOCK TABLES `ccsf_userpermissions_usergroups` WRITE;
/*!40000 ALTER TABLE `ccsf_userpermissions_usergroups` DISABLE KEYS */;
set autocommit=0;
/*!40000 ALTER TABLE `ccsf_userpermissions_usergroups` ENABLE KEYS */;
UNLOCK TABLES;
commit;

--
-- Dumping data for table `ccsf_userpermissions_users`
--

LOCK TABLES `ccsf_userpermissions_users` WRITE;
/*!40000 ALTER TABLE `ccsf_userpermissions_users` DISABLE KEYS */;
set autocommit=0;
/*!40000 ALTER TABLE `ccsf_userpermissions_users` ENABLE KEYS */;
UNLOCK TABLES;
commit;

--
-- Dumping data for table `ccsf_userpreferences`
--

LOCK TABLES `ccsf_userpreferences` WRITE;
/*!40000 ALTER TABLE `ccsf_userpreferences` DISABLE KEYS */;
set autocommit=0;
INSERT INTO `ccsf_userpreferences` VALUES (1,'{\"language\":\"en-US\"}');
/*!40000 ALTER TABLE `ccsf_userpreferences` ENABLE KEYS */;
UNLOCK TABLES;
commit;

--
-- Dumping data for table `ccsf_users`
--

LOCK TABLES `ccsf_users` WRITE;
/*!40000 ALTER TABLE `ccsf_users` DISABLE KEYS */;
set autocommit=0;
INSERT INTO `ccsf_users` VALUES (1,'admin',NULL,NULL,NULL,'benito.anagua@gmail.com','$2y$13$6NqAmKYjm6boSfBDhvthVehNLbfSx6KMLUEmpqAB4vO3yp4f5bsRO',1,0,0,0,'2021-06-04 19:08:22',NULL,NULL,NULL,NULL,NULL,1,NULL,NULL,NULL,0,'2021-05-31 13:40:01','2021-05-31 13:40:01','2021-06-04 19:08:22','e7b1d9fd-49ad-4e8a-81f0-c7e6a04502d0');
/*!40000 ALTER TABLE `ccsf_users` ENABLE KEYS */;
UNLOCK TABLES;
commit;

--
-- Dumping data for table `ccsf_volumefolders`
--

LOCK TABLES `ccsf_volumefolders` WRITE;
/*!40000 ALTER TABLE `ccsf_volumefolders` DISABLE KEYS */;
set autocommit=0;
INSERT INTO `ccsf_volumefolders` VALUES (1,NULL,1,'Logotypes','','2021-06-01 00:54:09','2021-06-01 00:54:09','aa250294-a11d-40a2-b136-beaebf069fb5'),(2,NULL,NULL,'Temporary source',NULL,'2021-06-01 01:07:59','2021-06-01 01:07:59','b8e90815-da8a-474b-af9b-a5bdd0409463'),(3,2,NULL,'user_1','user_1/','2021-06-01 01:07:59','2021-06-01 01:07:59','037964f3-b30d-42fa-a734-7a5dafafe8fb'),(4,NULL,2,'Featured','','2021-06-02 23:23:24','2021-06-02 23:27:34','bb9ba5e8-3300-426a-a444-9260f1863aa2'),(5,NULL,3,'Services','','2021-06-03 14:50:17','2021-06-03 14:50:17','13b84e8d-a929-4e8e-a0df-2d3e61d52c74'),(6,NULL,4,'Portfolio','','2021-06-04 00:56:31','2021-06-04 00:56:31','7e760b60-8f53-4c04-8490-8c84d0d77f27'),(7,NULL,5,'Avatars','','2021-06-04 04:51:29','2021-06-04 04:51:29','38efe78e-3eec-43af-b092-5ceb5a1733b4'),(8,NULL,6,'Brands','','2021-06-04 05:31:10','2021-06-04 05:31:10','2c123e64-87e1-4090-b7b1-646a3c16d820');
/*!40000 ALTER TABLE `ccsf_volumefolders` ENABLE KEYS */;
UNLOCK TABLES;
commit;

--
-- Dumping data for table `ccsf_volumes`
--

LOCK TABLES `ccsf_volumes` WRITE;
/*!40000 ALTER TABLE `ccsf_volumes` DISABLE KEYS */;
set autocommit=0;
INSERT INTO `ccsf_volumes` VALUES (1,2,'Logotypes','logotypes','craft\\volumes\\Local',1,'@assetBaseUrl/images/logos','site',NULL,'{\"path\":\"@assetBasePath/images/logos\"}',1,'2021-06-01 00:54:09','2021-06-01 00:54:09',NULL,'febc00ea-0cb7-4ada-9e01-ca7a01332cba'),(2,10,'Featured','featured','craft\\volumes\\Local',1,'@assetBaseUrl/images/featured','site',NULL,'{\"path\":\"@assetBasePath/images/featured\"}',0,'2021-06-02 23:23:24','2021-06-02 23:27:34',NULL,'4d5610a8-c2cd-489b-9b3c-98dc59f9888e'),(3,16,'Services','services','craft\\volumes\\Local',1,'@assetBaseUrl/images/services','site',NULL,'{\"path\":\"@assetBasePath/images/services\"}',2,'2021-06-03 14:50:17','2021-06-03 14:50:17',NULL,'ea80c8ea-0e29-471d-8525-89a167607dcb'),(4,18,'Portfolio','portfolio','craft\\volumes\\Local',1,'@assetBaseUrl/images/portfolio','site',NULL,'{\"path\":\"@assetBasePath/images/portfolio\"}',3,'2021-06-04 00:56:31','2021-06-04 00:56:31',NULL,'e57bd544-ae5e-48e4-9e5c-a22ad56d701d'),(5,23,'Avatars','avatars','craft\\volumes\\Local',1,'@assetBaseUrl/images/avatars','site',NULL,'{\"path\":\"@assetBasePath/images/avatars\"}',4,'2021-06-04 04:51:29','2021-06-04 04:51:29',NULL,'7f377f2b-0a0c-495e-b3bc-c62a6388a0d0'),(6,25,'Brands','brands','craft\\volumes\\Local',1,'@assetBaseUrl/images/brands','site',NULL,'{\"path\":\"@assetBasePath/images/brands\"}',5,'2021-06-04 05:31:10','2021-06-04 05:31:10',NULL,'069a4290-90de-4c48-a433-ece8bdcee7cd');
/*!40000 ALTER TABLE `ccsf_volumes` ENABLE KEYS */;
UNLOCK TABLES;
commit;

--
-- Dumping data for table `ccsf_widgets`
--

LOCK TABLES `ccsf_widgets` WRITE;
/*!40000 ALTER TABLE `ccsf_widgets` DISABLE KEYS */;
set autocommit=0;
INSERT INTO `ccsf_widgets` VALUES (1,1,'craft\\widgets\\RecentEntries',1,NULL,'{\"siteId\":1,\"section\":\"*\",\"limit\":10}',1,'2021-05-31 13:40:31','2021-05-31 13:40:31','ffecfa0e-89b9-42b1-a455-678deef2a905'),(2,1,'craft\\widgets\\CraftSupport',2,NULL,'[]',1,'2021-05-31 13:40:31','2021-05-31 13:40:31','c7fd8307-df3d-4475-a0aa-793f6c496d61'),(3,1,'craft\\widgets\\Updates',3,NULL,'[]',1,'2021-05-31 13:40:31','2021-05-31 13:40:31','7a081efd-2a9e-485c-894a-60d47b7f9d91'),(4,1,'craft\\widgets\\Feed',4,NULL,'{\"url\":\"https://craftcms.com/news.rss\",\"title\":\"Craft News\",\"limit\":5}',1,'2021-05-31 13:40:31','2021-05-31 13:40:31','6bfb823f-913e-4a78-9552-6cf0cf736513');
/*!40000 ALTER TABLE `ccsf_widgets` ENABLE KEYS */;
UNLOCK TABLES;
commit;

--
-- Dumping routines for database 'flare'
--
/*!40103 SET TIME_ZONE=@OLD_TIME_ZONE */;

/*!40101 SET SQL_MODE=@OLD_SQL_MODE */;
/*!40014 SET FOREIGN_KEY_CHECKS=@OLD_FOREIGN_KEY_CHECKS */;
/*!40101 SET CHARACTER_SET_CLIENT=@OLD_CHARACTER_SET_CLIENT */;
/*!40101 SET CHARACTER_SET_RESULTS=@OLD_CHARACTER_SET_RESULTS */;
/*!40101 SET COLLATION_CONNECTION=@OLD_COLLATION_CONNECTION */;
/*!40111 SET SQL_NOTES=@OLD_SQL_NOTES */;

-- Dump completed on 2021-06-04 15:40:30
